komentar,timestamp,sentiment
bahkan sampah pun di korup. ini negara apa sih coooo 😭😭😭,2025-04-17 06:56:58+00:00,negatif
wah klo presiden denger pasti di bebasin nih 🤣🤣,2025-04-17 07:51:45+00:00,negatif
tinggal mulyono blm d tangkap,2025-04-17 11:23:50+00:00,netral
"75,9 milyar buat makan 😂. makanan apa tu yg dikasi ke anak istrinya.",2025-04-17 04:44:37+00:00,negatif
"astagaa cuma 75M ga buatmu miskin
kasian loh istrinya nangis
pak hakim tolong bebasin ya, kan cuma 75M",2025-04-17 07:43:26+00:00,negatif
negara ini kayaknya perlu di reset ulang ga sih saking bobroknya 😳,2025-04-17 09:07:02+00:00,negatif
"75,9M anak istrinya makan apa?",2025-04-19 08:03:03+00:00,positif
"Lelaki menangis itu . tanda nya dia bener"" sakit hatinya .",2025-04-17 10:50:07+00:00,negatif
"Pantesan tukang pengangkut sampah perumahan pernah bilang gaji dia sebulan cuma 300rb, larinya ke kantong dia toh!",2025-04-17 07:44:11+00:00,negatif
air mata buaya🤣,2025-04-17 05:57:59+00:00,positif
pas dapat duitnya pasti ketawa² pas di tangkap baru nangis,2025-04-17 07:31:36+00:00,negatif
"gak kebayang kalau negara ini dikelola dengan baik, negara2 arab saja bisa sekaya itu hanya dengan minyak.. kita nikel, emas, tembaga, kopi, timah buanyak banget..",2025-04-19 00:39:22+00:00,negatif
"bebasin aja pak, jgn pisahin anak sama bapak nya, anak nya gak bersalah 😭😭😭",2025-04-17 08:51:32+00:00,negatif
"kabid doang gak mungkin sebanyak itu. pasti banyak yg dapat ini mah, gak mungkin atasan gak tahu",2025-04-17 08:02:04+00:00,netral
"75,9 M kasih makan anak istri makan apaaan Boss 🤣🤣",2025-04-18 05:15:08+00:00,positif
Soundnya buat pesona Indonesia keknya cocok 🤣,2025-04-17 06:58:14+00:00,positif
"Ini negera gimana sih? timah, pertamina, sampah dll semua di korupsi",2025-04-17 09:25:04+00:00,negatif
"kpingin setahun aj gtu negri ini bnr2 gk ad korupsi
masa hmpir 1-2 minggu psti ada aj berita klo ga korupsi ya kasus pulici",2025-04-17 10:07:33+00:00,negatif
ikhlaskan saja bos 75.9 tidak membuat negara miskin kok🥰,2025-04-17 13:44:00+00:00,negatif
75.9M di buat beli makanan apaan😅 pepes paus? rawon jerapah? atau burung onta goreng?😭,2025-04-17 09:00:24+00:00,negatif
negara ini kayak nya butuh kudeta biar bersi di pemerintahan.,2025-04-17 12:12:35+00:00,positif
Mana berani indonesia membuat UU perampasan aset dr korupsi 😏,2025-04-21 04:18:51+00:00,negatif
"tangisan yg gk bikin sedih sama sekali..
🤗🤗",2025-04-17 04:32:10+00:00,negatif
"Pak Prabowo tolong lah dia, benar benar kasihan pak anak istrinya sprt kata bapak, aku benar2 ikut merasakan suara tangisan lagi ngelayat pak…",2025-04-17 06:30:14+00:00,negatif
"kata pak wowo gpp, yg penting anak istri ngk menderita. jd harap dibebaskan dan jgn disita",2025-04-17 06:54:18+00:00,negatif
lebih kasian tangisan orang yang ditangkap karena memelihara landak jawa,2025-04-19 02:10:13+00:00,netral
"75,9 miliar tidak akan membuat anda miskin",2025-04-17 06:32:12+00:00,negatif
kaya dengerin nyanyian di opera😭,2025-04-24 13:28:29+00:00,positif
"""HeEeEeEeEeE"" 😹😹😹",2025-04-22 12:15:50+00:00,netral
damn,2025-04-21 12:57:02+00:00,negatif
"kamera 😭
no 😜[laughwithtears]",2025-04-21 12:30:22+00:00,negatif
hmmppp Denis denis😹,2025-04-24 13:23:31+00:00,positif
hah?,2025-04-22 13:04:06+00:00,negatif
Howwwowowowow🤣,2025-04-21 10:16:43+00:00,positif
pesona Indonesia harus liat ini 😆 GK lama pasti dipake ini sound nya 🤣,2025-04-17 12:44:35+00:00,netral
"makan apa sie sampe 75 miliar apa nyemilin emas tiap hari,lah kita 100rb buat seminggu sampe diputer2 tu duit",2025-04-17 12:02:10+00:00,negatif
enak banget ini kalo di jadiin sound hahah😭😂,2025-04-17 05:47:01+00:00,netral
tuh kn di negara kita mah sampah juga di korupsi 🤣,2025-04-20 04:44:27+00:00,negatif
Kalo yg ini bakal dijadiin sound gak ya sama Pesona Indonesia🗿,2025-04-17 07:50:28+00:00,netral
Ketahuan nangis nangis kalau nggak ketahuan ketawa ketawa 🤣,2025-04-17 08:29:27+00:00,negatif
alasan korupsi : tuntutan anak istri agar standar hidup tinggi,2025-04-18 01:04:40+00:00,negatif
"udah lah makin ga percaya sama pejabat negara,udah muak sy penegag hukum di negri ini😭",2025-04-17 10:10:50+00:00,negatif
Makan apa anak istrinya sampe 75.9 milyar? Tiap hari motong kambing? Tiap hari booking resto padang Pagi Sore? Atau makan siang di Singapore? Maaf Pak...tangisan bapak gak mempan.,2025-04-18 05:13:56+00:00,negatif
pas nerima duit bahagia ya pak... pas gini nangis2 😩😩😩😂,2025-04-19 13:56:32+00:00,negatif
maafkan saja. kasian anak dn kluarga y nanti mau mkn apa. ya ga pak wo?,2025-04-17 04:59:21+00:00,negatif
mksdnya korupsi sampah t kekmana?,2025-04-17 12:46:57+00:00,negatif
negara ini butuh sosok yg mau meng inisiasi seperti the punisher atau daredevil dan yang lainnya,2025-04-17 13:38:14+00:00,negatif
tangisannya menyayat hati ... 🤣🤣🤣🤣,2025-04-17 07:26:09+00:00,positif
"makan apa anak istri Luh Ampe 75,9M pak???makan Bantar gebang???😳😳😳",2025-04-17 13:17:08+00:00,negatif
ibunya nangis sadar ga si??? 75 M ny kemana??,2025-04-17 08:53:20+00:00,negatif
itu suara asli? asli nangissnya gt?? bapak itu nangisnnya gt?? seriusss??😳,2025-04-17 07:57:56+00:00,negatif
baru kali ini liat orang nangis tapi aku ngga ikut nangis😌,2025-04-17 11:16:41+00:00,netral
lah rx king nya mana kok ada nya suaranya aja,2025-04-17 06:19:28+00:00,negatif
"MAKAN APA ANJ YG SAMPE 75,9M",2025-04-19 07:24:17+00:00,netral
kalo di hutan serem ada suara kayak gini 🤑,2025-04-17 08:37:31+00:00,negatif
"makan apa sampek 75 m,",2025-04-17 06:47:54+00:00,netral
kayaknya salah pilih negara kita guys😭,2025-04-17 07:20:06+00:00,positif
anak istrinya makan apa sampe 75.9 M,2025-04-24 17:45:14+00:00,negatif
"bahkan urusan sampah pun bisa dikorupsi......
hdewww...",2025-04-17 22:13:54+00:00,negatif
Lepaskan saja pak. Itu masih kecil . nah yang 1000 Triliun aja gak ada kabarnya sampai sekarang 🗿,2025-04-17 07:39:07+00:00,negatif
Pantes tangsel yg bagus dr developernya jaya doang,2025-04-17 15:22:38+00:00,netral
"Tenang bu ,tidak akan dirampas kok assetnya . Kan sudah ada yg jamin he he
""kasihan keluarganya kl di sita""",2025-04-17 05:36:07+00:00,negatif
"Sudah menyusahkan dan menyengsarakan rakyat terus minta di bebaskan?? Anda siapa pig?? 😅😂🤣 ""SETUJU KAH JIKA YANG KASUS KORUPSI HARUS DIMISKINKAN 7 TURUNAN"" Silahkan Like dan Komentari sesuai dengan unek-unek kalian 😂😅🤣",2025-04-17 08:08:18+00:00,negatif
"dri camat lurah,,ke atas smua korupsi pejabat pemerintah",2025-04-17 09:46:21+00:00,negatif
Sampe ke SAMPAH di korup juga 😂😂😂,2025-04-19 01:21:04+00:00,negatif
"sengaja nangis, sengaja berkelakuan baik biar penjaranya 2 tahun duitnya masih sisa",2025-04-17 08:59:51+00:00,negatif
suara nangisnya kok sama persis kayak mainan kaktus anak saya,2025-04-17 10:58:30+00:00,negatif
🤪🤪🤪 kalau lagi nikmati uangnya lupa daratan tp jika tertangkap nangis kayak bocil,2025-04-17 11:35:37+00:00,negatif
"emang makan apa sampai M.M an🤣,masyarakat aja gaji umr aja di cukup² kan makan sebulan",2025-04-17 13:18:15+00:00,negatif
makan anak istri berapa kecamatan sih abis puluhan milyar gitu 😭,2025-04-17 17:00:51+00:00,positif
tombol refresh buat negara ada ga si coooo😭,2025-04-18 07:57:25+00:00,positif
yg nangis yg mana sih🤣🤣,2025-04-18 14:33:40+00:00,netral
😂😂😂klo ga ketauan pasti diam menikmati😂😂😂,2025-04-17 08:19:34+00:00,negatif
mantap nih di jadiin sondnya,2025-04-17 04:48:53+00:00,negatif
korup 75.9M minta di bebasin ...otaknya pake,2025-04-17 08:01:47+00:00,negatif
tag admin pesona Indonesia ✌️,2025-04-19 02:02:57+00:00,positif
"istri diksih 75,9 M masih kurang ? kok nangis",2025-04-18 06:18:55+00:00,negatif
judul lagunya apa ini...????,2025-04-17 08:05:59+00:00,negatif
negara apaan si iniii,2025-04-17 13:14:52+00:00,positif
jadikan nada dering seru kayaknya buat nakutin temen kalau malam Jumat,2025-04-17 10:43:29+00:00,negatif
kasian anak istrinya....😁😁😁😁😁😁😁😁,2025-04-17 08:56:54+00:00,positif
makan apa sampe milyaran gitu ???,2025-04-17 16:37:20+00:00,negatif
uangnya kan buat makan anak bini kan? tenang probowo denger dia gak bakal tega anak bini jadi korban. tennang pak ....kita adu in aja ke probowo yg berani penjarain bapak....,2025-04-17 07:06:47+00:00,negatif
"penasaran anak istrinyaa makan apaya smpe 75,9 mliarr ☺️☺️",2025-04-17 16:23:52+00:00,negatif
"kasian anak istrinya, ampuni sj
kata prabowo😂",2025-04-17 07:28:36+00:00,positif
"75 milyar buat makan anak istri, gua curiga makanan anak ama bini nya, jangan """,2025-04-17 07:03:13+00:00,negatif
dimaafkan aja kasian anak istrinya kalo sampe di sita ..,2025-04-17 05:35:23+00:00,negatif
"75,9M untuk makan anak istri,
anak istri nya se provinsi kali ya",2025-04-17 13:00:22+00:00,positif
Kasian anaknya 😭,2025-04-17 13:35:11+00:00,positif
"poya"" di medsos mkn"" Enk ,mobil mewa ternyata oh ternyata 75,9M Sounds nya pas bgt 😂😂😂",2025-04-17 13:25:24+00:00,negatif
"75,9 M di pake makan di mana coba kasih tau dan rinciin 😭",2025-04-17 09:41:47+00:00,negatif
"sing dipangan opo kui ngasi 75 ,9 M.kie...
restoran sak gedung2 e pow...",2025-04-17 06:29:39+00:00,negatif
"75,9 miliar buat makan anak istri atau buat GAYA HIDUP ? ibu bapak gua sampe gua nikah lagi ngabisin uang buat makan gak sampe mungkin 2M juga 😡",2025-04-18 04:42:07+00:00,negatif
"negri ini,sampah pun bisa di korupsi.
wadawww.",2025-04-17 23:49:01+00:00,negatif
aku dengar tangisnya antara mau ikut sedih apa mau ketawa ya 😭😭😭🤣🤣🤣,2025-04-18 14:26:17+00:00,negatif
jangan nangis pak..pasti kuat pak...cuma 3 tahun pak 💪,2025-04-17 10:25:13+00:00,netral
kirain lagi seriosa,2025-04-17 13:58:47+00:00,netral
"Tangsel harus diaudit sih di segala sektor, udah parah bnget emang
btw maen maen kesekitaran muncul Setu",2025-04-17 07:48:52+00:00,negatif
Pecah perut Klau makan sampai 75m,2025-04-17 15:54:42+00:00,negatif
masa klo cuma buat anak istri sampe 75M. gak kebanyakan tuh? 😅😂🤣,2025-04-17 11:28:54+00:00,netral
cocok ini masuk ke indosiar🗿,2025-04-17 11:03:07+00:00,positif
emang anak sama istrinya makan apa sampe miliaran korupsi nya,2025-04-18 01:20:09+00:00,negatif
"makanan apa 75,9 anj",2025-04-18 14:24:21+00:00,netral
gua kira lg nyanyi sinden laahh😌,2025-04-17 05:59:32+00:00,positif
anak istrinya makan apaan sampe bisa segitu banyak korupsinya.. sehari makan 10juta kah ampe rela bapaknya korup😂😂,2025-04-17 11:56:42+00:00,negatif
uang yg di sita di bawa kemana ya,2025-04-17 15:51:10+00:00,negatif
malam hari pakai sound ini pasti pada lari 🤣😂😂😂😅😅,2025-04-17 05:21:07+00:00,netral
prabowo : apakah adil anak & istrinya menderita?,2025-04-18 02:43:36+00:00,netral
gw kira istri nya lagi nyanyi seriosa 🗿🗿🗿,2025-04-17 07:45:34+00:00,positif
tebak hukuman 😹,2025-04-19 01:48:02+00:00,negatif
kok minta di bebaskan ??? kadang saya heran !! kok bisa segampang itu,2025-04-17 05:51:08+00:00,negatif
njirr tiap hari anak istrinya makan kaviar 🤣🤣,2025-04-17 16:37:29+00:00,positif
kira gw lagi nyanyi seriosa..😫😫,2025-04-17 09:57:36+00:00,positif
suara stater motor cuyy😹😹😹,2025-04-17 08:56:28+00:00,positif
"maafkan saja dia pak Secara kekeluargaan, lagian cuman 75 miliar gak membuat negara miskin😁😁",2025-04-17 07:27:25+00:00,negatif
Itu keluarganya makan berlian kali ya 75 milyar,2025-04-17 14:07:42+00:00,negatif
paling penjara 10 thun 🔥☺️,2025-04-17 12:17:55+00:00,negatif
ada yg lagi seriosa rupanya,2025-04-17 09:40:02+00:00,netral
75M bisa buat makan brpa puluh tahun?,2025-04-17 11:31:22+00:00,netral
"Yg pertamina itu sekarang kek mana?? ""Bertanya dengan nada lembut sekali""",2025-04-17 10:53:45+00:00,negatif
pengadilan: karena saya merasa kasihan saya kasih potongan vonis 😹,2025-04-22 09:45:59+00:00,negatif
ini sound asli kah😭😭😭,2025-04-18 15:43:27+00:00,positif
kata pak presiden bisa dimaafkan🤝😂,2025-04-17 06:33:27+00:00,positif
75m makan apa tuh anak istri lo??,2025-04-17 11:50:38+00:00,negatif
jgn nangis. paling ma 2 th... bisa jg 5 bulan bebas,2025-04-17 06:20:41+00:00,negatif
LEBIH KASIHAN NENEK YANG MENCURI KAYU,2025-04-22 12:02:37+00:00,negatif
emg anak bini lu makan emas berlian?,2025-04-23 11:04:09+00:00,negatif
negara ini kaya tapi dikelolah oleh org yg salah,2025-04-23 10:16:32+00:00,negatif
75.9 Miliar buat makan? itu berapa porsinya woi😹,2025-04-22 12:16:40+00:00,negatif
sampah aja di korup hah why bro is negara apa iniiiiiii😭 sehhhhhhhh OMG OMG lebih kasian nenek di tangkap maling kayu tujuh tahun itu lebih kasian 😭,2025-04-22 12:30:27+00:00,negatif
"Harusnya rakyat yang nangis, bukan yang korupsi 🤣🤣🤣",2025-04-22 05:57:26+00:00,netral
tadi kirain ada opera,2025-04-22 11:39:55+00:00,positif
"tumben nangis, ini termasuk 10 keajaiban dunia gk sih?",2025-04-22 15:17:42+00:00,positif
simpan tangisanmu untuk di neraka nanti,2025-04-22 12:45:22+00:00,netral
yaelah cuma 2 tahun aja kok,2025-04-23 09:14:32+00:00,negatif
nahan berak itu🗿,2025-04-23 13:17:32+00:00,negatif
anjay makan pake uang sebanyak 75.9M. tiap hari ke restoran bintang 5 yak sampe buat makan doang segitu banyak😂,2025-04-24 07:15:28+00:00,positif
"75,9M buat makan berapa tahun co🗿",2025-04-22 11:55:13+00:00,positif
buat makan?makan apa sampe segitu🗿,2025-04-24 11:30:57+00:00,netral
"prabowo : sini kembalikan uangnya, nanti saya bebaskan",2025-04-21 08:21:28+00:00,negatif
Kok kek ada yg ganjell ya dari setiap kasus korupsi terkuak saat2 ini .. 🗿,2025-04-21 12:12:57+00:00,negatif
apa atuh ah Indonesia mah yg gak di korupsi,2025-04-20 23:35:58+00:00,negatif
nangis bahagia dengan 75m nya🗿,2025-04-23 09:00:05+00:00,positif
kasiannyeeeee🗿,2025-04-22 14:25:47+00:00,positif
kita kan juga butuh makan emg keluarga situ doang,2025-04-22 11:59:27+00:00,positif
"Ingat gess Indonesia Tanah Air _BETA_
update nya kapan ya",2025-04-22 10:33:48+00:00,negatif
"75,9 milyar untuk makan?????",2025-04-22 10:13:14+00:00,negatif
Malah seriosaa an 🥲🥹🥹🥹,2025-04-18 05:27:59+00:00,netral
"kata pak prabowo, kasihan anak istri nya. jadi lepasin aja😅",2025-04-18 01:39:10+00:00,positif
kok semua bisa di korupsi ya....gajinya kurang banyak kah apa gimana,2025-04-18 04:38:58+00:00,negatif
uang segitu emang dia makan apa? nasi dr emas kah???,2025-04-17 07:02:54+00:00,negatif
malah nangiss,2025-04-17 06:33:25+00:00,negatif
saya mau uang 75 miliar..di tahan gpp...,2025-04-17 08:11:57+00:00,negatif
apa beneran tu sound beliau,2025-04-17 12:25:12+00:00,positif
Yaallah perkara sampah aja sampe diborgol. Semangat ya pak 🥺🙏 semoga ada keadilan buat bapak dan cepat memakai baju orange 🙏,2025-04-17 07:18:56+00:00,negatif
emang perut anak & isteri segede apa kok makannya habis banyak?,2025-04-17 09:35:30+00:00,negatif
makan apa 75 miliar. buat makan 7 turunan 😂,2025-04-19 12:07:53+00:00,negatif
😂😂😂😂 aq cari org yg LG nyanyiin manaaaaa..... g taunya diaaaaa 😂😂😂,2025-04-18 14:25:26+00:00,negatif
"klo 75,9 M buat beli makan ayam geprek, punah tuh ayam",2025-04-18 19:03:54+00:00,negatif
mkn kok sampai 75.9M emang sekali mkn satu pabrik kah,2025-04-18 02:59:01+00:00,negatif
"75,9 m🥺🥺🥺🥺🥺
bisaa menghidupi brpaa wargaaa itu yaaa",2025-04-17 09:35:20+00:00,negatif
"kasih makan kok sampai segitunya 75,9 m behh",2025-04-19 16:01:39+00:00,negatif
nangisnya penuh dengan fibra,2025-04-19 01:32:16+00:00,positif
"penjara pun paling 1 tahun denda 1 M,, masih untung banyak",2025-04-17 10:44:07+00:00,negatif
makan ampe 75.9m makan apa bu 😭😭😭,2025-04-17 09:05:46+00:00,negatif
"76,9 cuma buat makan? apa foya-foya",2025-04-19 06:47:12+00:00,negatif
itu kaya suara ketawa ya,2025-04-17 07:51:23+00:00,negatif
"woi lu 75,9 miliar buat makan anak istri? lah kami rakyat kecil 30 ribu dah cukup sehari",2025-04-22 05:32:48+00:00,negatif
"minimal dihukum m**i lahhh, ini palingan cuma dihukum 2tahunan",2025-04-22 04:42:55+00:00,negatif
huhuhuuhuhu😹,2025-04-23 13:32:50+00:00,positif
mungkin anak nya makan emas batangan☺️,2025-04-22 08:39:11+00:00,netral
Makan apa 75.9 M... 😔,2025-04-22 09:48:31+00:00,negatif
itu nangis apa opera😂😂,2025-04-22 10:50:40+00:00,negatif
lebih berarti tangis bapak atau tangis jutaan orang di luar sana pak?,2025-04-21 05:29:24+00:00,negatif
kami yang keluaran nya 500 ribu perminggu masih diam aja 🙂,2025-04-24 14:20:41+00:00,negatif
kirain lagi nyanyi opera 😔🤭,2025-04-22 13:45:14+00:00,positif
Malah ketawa 😹,2025-04-24 14:23:58+00:00,netral
suara nya cocok di jadiin meme😂,2025-04-22 07:14:32+00:00,positif
ang ang ang ang ang ang ang ang,2025-04-22 09:04:08+00:00,netral
"""hem, hem, hem, hem "" 😂",2025-04-22 10:08:05+00:00,positif
makan ap bang 75.9 M,2025-04-21 09:09:57+00:00,netral
berita biasa ini mah😹,2025-04-22 10:39:48+00:00,netral
makan apaan? nasi goreng lauk yacht kah,2025-04-24 14:28:34+00:00,negatif
"Luar biaya Biaya untuk anak istri nya 75,9Milyar.
Masih keren bapak gw meski bayar nya UMR tapi bisa kuliahin 2 anaknya sampe lulus ,tanpa korup.
👏🏼👏🏼👏🏼",2025-04-22 03:10:25+00:00,negatif
"100k sehari buat makan aj masih hidup sampe sekarang,ini 75.9M?makan apaan emang?makan berlian sama minum air lelehan emas tiap hari?",2025-04-25 05:18:21+00:00,negatif
"mau beli apa woy 75.9 Miliar??
Mau beli Caviar Se ton?🤭",2025-04-25 05:26:53+00:00,negatif
biar apa nangis kek gitu😹,2025-04-24 12:17:23+00:00,netral
kirain td perempuan yg nangis 🙂,2025-04-21 09:47:42+00:00,netral
positif thinking aja mungkin keluarganya makan makanan yang ditaburi emas setiap harinya 😂,2025-04-24 11:31:03+00:00,netral
"ya kali makan 75 miliar, keknya dibawah 10 juta udh cukup deh",2025-04-21 10:07:27+00:00,negatif
"75,9M buat makan apa pak?!",2025-04-22 13:18:05+00:00,negatif
sampah aja di korup njir la,2025-04-22 06:59:30+00:00,negatif
"tar tar ngelag nih saya, maksudnya korupsi sampah gimana ya? sampahnya dijual abis itu di korup gitu kah?🙏",2025-04-30 16:28:36+00:00,negatif
makan kog milyaran..tuh duit hrsny dpke utk makan jutaan rakyat eh dimakan utk 1 kluarga doang,2025-04-18 00:01:45+00:00,negatif
Di Jogja kayaknya juga harus diselidiki deh. Pengelolaan sampah disini Ancur banget. Sampe orang bakar Sampah dimana mana saking sulitnya,2025-04-17 15:38:46+00:00,negatif
orang dgn gaji umr yg ngidupin anak istri harus lebih keras nangisnya dari ini🤣,2025-04-17 17:05:14+00:00,netral
petinggi negeri ini sngt pandai membuat drama lebih hebat dr telenovela..😁😁,2025-04-17 13:53:39+00:00,positif
ko orang disitu bisa pada gaketawa si😭😭😭,2025-04-18 08:14:02+00:00,netral
mohon maaf 🙏 kirain dari awal suara nyamuk ternyata 😂🤣🤣,2025-04-17 15:30:45+00:00,negatif
pas mkan 75 M malah ketawa2..,2025-04-17 12:05:38+00:00,negatif
"Bebaskan dia, ketua !
dia layak bahagia",2025-04-18 03:22:29+00:00,positif
"duhh menyedihkan sekali ketangkep,nanti anak istrnyai siapa yang kasih makan 😁😁😁.",2025-04-17 05:15:05+00:00,negatif
"gaji sy cuma 800rb sebulan tpi cukup untuk anak istri, apa lagi 75,9 miliar ya",2025-04-18 10:49:34+00:00,negatif
"makan apaan sampe 70 milira, beliin wagyu makan tiap haripun gaakan habis",2025-04-18 15:56:00+00:00,negatif
tangisan 75M 😭😭😭,2025-04-18 15:42:47+00:00,netral
Gue baca & cernanya: sampah yg dikorupsi buat dikasih makan ke anak istrinya 😅,2025-04-18 15:29:06+00:00,netral
"75,9 M utk mkn ank istri (???) itu bisa kasih makan 1 kecamatan 3x sehari dlm beberapa bulan, kocak 😂😂",2025-04-19 01:56:51+00:00,negatif
kalau pas jalan dihutan sendirian ada suara begitu lumayan horor juga tuh,2025-04-17 05:15:03+00:00,negatif
"tagisanmu itu krn prbuattanmu sendiri,tagissan rayat kecil krn prbuattan kalian",2025-04-19 03:41:09+00:00,negatif
"ngasih makan anak istri pake duit haram, nauzubillahi min dzalik!!",2025-04-19 02:27:18+00:00,negatif
"makan apaan sampe 75,9 miliar? makan uang rakyat iya",2025-04-19 04:55:32+00:00,negatif
"luarnya aja keliatan nangis,padahal dalamnya dia tertawa terbahak2",2025-04-17 09:29:28+00:00,negatif
"kasihan untuk yang gak punya kesempatan korupsi.apalagi petani, bisa korupsi apa weyyy",2025-04-19 06:19:24+00:00,negatif
"trik lama 🤣🤣, eh tapi kalo dia bersikap baik pasti bebas & bisa nyalon lagi🤣🤣",2025-04-17 06:49:52+00:00,netral
Kadisnya tidak diusutkah,2025-04-17 08:34:58+00:00,negatif
"lagi dan lagi akan terus sprti ini,tumbuh subur dibumi konoha👍",2025-04-20 04:26:18+00:00,positif
bentar lagi viral sound nya 😎😎,2025-04-17 06:18:50+00:00,negatif
stock buat makan se kabupaten juga bisa itu mah anjir,2025-04-18 06:17:06+00:00,netral
klo takut ketahuan ngapain korupsi kocak,2025-04-19 03:09:44+00:00,negatif
udah dapat 75.9 Miliar saja nangis😭,2025-04-19 02:39:35+00:00,negatif
"bahagia bangat si bapak, sampe ketawa ngakak gitu 🗿",2025-04-17 05:07:30+00:00,positif
"Bagusnya semua pejabat ganti, di pensiunkan dini semua",2025-04-17 15:39:31+00:00,negatif
"korupsi ada dimn"",mau maju gmn ini",2025-04-22 06:39:18+00:00,negatif
"bg tombol reset data dimana ya bg,data gw isinya hampir berita korupsi semua🗿",2025-04-23 10:21:51+00:00,negatif
"Buat aja peraturan baru yaitu Denda 2 Kali lipat dari total nominal yang di korupsi dia, terus di tagih sampai lunas, daripada hukuman mat1 dan perampasan aset?",2025-04-30 15:46:54+00:00,negatif
mntappp pk prabowo,2025-04-24 14:24:26+00:00,netral
"makan nya apaan 7,5 m",2025-04-25 03:21:09+00:00,netral
seriosaa yaa...merdu bangett😁,2025-04-28 16:36:43+00:00,netral
"bpk gw aja bawa 100rb buat makan dah cukup lah ini 75,9M😑🗿",2025-04-25 03:18:53+00:00,negatif
"woww 75,9 Miliar buat makan berapa tahun pak? terus menu nya apa?",2025-04-21 22:37:20+00:00,negatif
"owalah ternyata sound yaa,ta kirain beneren nangis nya begitu 🤭",2025-04-21 13:56:57+00:00,netral
kl di bikin soundtrack film bgus .suara nya...,2025-04-21 14:31:21+00:00,netral
kok sedikit betul yaa🗿,2025-04-22 08:22:44+00:00,netral
"Lagu nya enak banget nih, cocok buat tambah rasa pusing di kepala",2025-04-21 14:51:41+00:00,netral
"15k aja dah dapet naspad, lah ini 75 milliar 😹",2025-04-24 03:42:51+00:00,negatif
nangis nya lucu banget😂,2025-04-24 05:42:12+00:00,positif
Makan apaan 75M,2025-04-21 14:28:15+00:00,netral
tombol reset negara,2025-04-21 16:02:27+00:00,positif
negara macam apa iniiii!!,2025-04-24 05:58:24+00:00,positif
Lebih kasihan orang yg ditangkap mencuri makanan gara gara anaknya kelaparan.,2025-04-28 15:07:45+00:00,negatif
HM HM hm hm hmuhuhuhuh hmh mhhmhm,2025-04-23 14:33:30+00:00,negatif
suara nya lucu😹😹😹,2025-04-23 14:19:52+00:00,positif
"75,9 m makanan apaan anjay buat sewa gordon ramsey kah",2025-04-24 09:12:15+00:00,negatif
"makan apa pak, 75 M???",2025-04-21 12:22:45+00:00,negatif
malah nyanyi seriosa,2025-04-24 06:59:18+00:00,netral
Astaghfirullah haladzim..... Sampah aja masih di korupsi,2025-04-22 04:10:32+00:00,negatif
"gak usah nangis begitulah.. kan udh makan 75,9M buk..",2025-04-22 04:21:59+00:00,negatif
hahaha,2025-04-23 13:04:54+00:00,negatif
lebih kasihan lg org yg diambil jatah bagiannya 😭😭,2025-04-22 00:51:00+00:00,negatif
😭 takut ada suara kunti,2025-04-21 12:32:44+00:00,netral
berani berbuat berani bertanggung jawab,2025-04-21 23:14:58+00:00,positif
bisa kah di hukum seberat berat nya,2025-04-30 18:58:20+00:00,netral
udah kenyang pak😂,2025-04-22 00:03:03+00:00,netral
lah? negara apa? 😭😭😭,2025-04-25 12:13:04+00:00,negatif
si Walid harus tau nihh 😂,2025-04-22 07:23:58+00:00,negatif
Yeeee nanggis2 si ibu kmrn duitnya diapaain aja lupaaaa dr si bapak,2025-04-21 12:03:51+00:00,negatif
serius dah dia nangis kenapa anjir??,2025-04-18 04:34:28+00:00,negatif
bro колтоІ koruptor ресан😹,2025-04-20 13:22:16+00:00,negatif
lagi korupsi lie senang2... sekarang nangis -- tangkap dan MISKINKAN,2025-04-18 06:38:07+00:00,negatif
"besok saya Bawak anak sama istri nya makan di warteg pak,gak sampai habis 20.000 udah kenyang pak, jgn sedih lagi pak ya😁",2025-04-19 06:32:12+00:00,negatif
Nah this nation are cooked,2025-04-18 06:15:00+00:00,negatif
nunggu pesona Indonesia pake sound ini😂,2025-04-18 12:21:59+00:00,positif
"gua heran saking kayanya negri ini semua bidang pemerintahan dikorupsi Masya Allah,coba klo bener²negri ini dikelola dengan penuh tanggung jawab kaya rakyat 🇮🇩",2025-04-19 01:12:35+00:00,positif
"korupsi sampah ko gede banget,,royal kali makan nya",2025-04-18 01:32:00+00:00,negatif
LOH LOH LOH DRAMA INDOSIAR TANGISAN BAPAK GEMOY🗿,2025-04-18 05:49:59+00:00,positif
dapet duit aje ga nangis😂😅,2025-04-20 09:42:58+00:00,netral
makan apaan 75.9 M 😂😂😂😂😂,2025-04-17 13:49:35+00:00,negatif
Pas nerima duit ketawa HA HA HA HA HA,2025-04-18 08:41:42+00:00,negatif
berlakukan sudah ruu perampasan aset,2025-04-17 08:57:18+00:00,negatif
kayaknya kalo skrg2 ini korupsi 8 M tuh dikit ya.krn sdh terbiasa denger sampe triliun 😁 abis triliun itu apaan sih?suatu saat nti ada kali ya melebihi triliunan.sebenernya negara kita ini kaya loh..,2025-04-17 09:52:06+00:00,negatif
Penasaran klo gen Z yg ambil alih sistem negara gmn ya? Tapi mon maaf yg gada latar belakang korupsi nyaa yaa,2025-04-18 10:05:28+00:00,negatif
"Sampah aja dikorupsi, apalagi yang lain",2025-04-19 06:01:59+00:00,negatif
tangisan mu tidak berlaku kalau kamu berbuat salah...,2025-04-18 05:40:51+00:00,negatif
nangis atau nahan ketawa bengek?,2025-04-18 14:32:42+00:00,negatif
makan 200 juga cukup coy,2025-04-21 13:02:53+00:00,positif
aku pikir bunyi pintu awalnya,2025-04-22 02:08:08+00:00,negatif
haaa nangis???,2025-04-30 06:17:03+00:00,negatif
"lah kok nangis bro
Biar apa tuh 🤣",2025-04-21 14:24:19+00:00,negatif
buset 100 juta juga tahan tuh buat makan berapa bulan atau tahun😹,2025-04-22 06:48:37+00:00,negatif
takut bgt suara tangisannya kek permen sugus😭😭,2025-04-23 17:23:14+00:00,negatif
memberi makan anak istri dengan makanan orang lain?,2025-04-24 06:57:25+00:00,netral
"HAL TSBT BELIAU SANGAT BAHAGIA, YUU BSCK YAA",2025-04-21 08:28:31+00:00,positif
inilah mengapa RUU perampasan aset gk disahkan,2025-04-23 14:39:10+00:00,negatif
"makan apa jir sampek 75,9Miliar",2025-04-21 13:30:19+00:00,negatif
hampura ka barudak 😭😭,2025-04-21 09:07:46+00:00,positif
tebak jenis air mata 🤭,2025-04-25 02:39:58+00:00,positif
yaallah sampe sampah aja dikropsi,2025-04-21 17:39:37+00:00,negatif
makan apa jir itu bisa 7 turunan kalo pake tu uang😊,2025-04-22 06:18:49+00:00,netral
itu yg disebelah kirinya ipman yg nangkep😭😭😭,2025-04-21 14:32:23+00:00,negatif
Bebaskan le? Karna blm sampai 100 le? 🗿,2025-04-21 23:40:03+00:00,negatif
gelengkan kepala dan katakan....,2025-04-22 08:04:44+00:00,negatif
"ini sudah budaya d konaha ini...
aku rasa yg sudah sudah itu blom sbrpa.",2025-04-21 09:43:13+00:00,negatif
"75,9M buat makan anak istri? punya berapa anak istri dia? sampe sampe butuh 75,9M? se provinsi kah? daripada percaya kata-kata koruptor gw lebih percaya temen gw ketemu sama Albert Einstein",2025-04-23 10:23:13+00:00,negatif
Anjir Lah Malah Mewek 🤪🤣,2025-04-21 12:52:46+00:00,negatif
"makan apa 75,9 Miliar, 100 ribu sehari aja cukup buat makan mah 💀",2025-04-21 09:04:48+00:00,negatif
merdu bet suaranya,2025-04-24 08:15:39+00:00,negatif
makan apa sih 75 miliar?,2025-04-17 07:35:48+00:00,negatif
"untuk gaya hidup anak istri dan gaya hidup anda itu
kalau makan dari gajih pun cukup",2025-04-18 04:46:16+00:00,positif
gak pantas dirimu menangis,2025-04-17 08:30:21+00:00,negatif
"waduh dikit lagi sebut nama tuh disuruh sama siapa tuh lagian mau"" aja disuruh",2025-04-18 03:58:42+00:00,negatif
Vibranya bagus,2025-04-18 08:24:23+00:00,positif
bubarkan dpr ..riset ulang negar...bagus berdiri satu saja tak usah ganti lagi pemimpin...moga bapak aing jadi raja..amin,2025-04-19 16:35:04+00:00,negatif
75.9 M gak bikin negara ini miskin. Bebaskan pak hakim jangan kayak negara susah aja 😎😎,2025-04-17 08:12:30+00:00,negatif
anying 😅😅😅,2025-04-17 04:44:11+00:00,netral
suara tangisannya mmmmmm pret pret pret pret pret pret brotttt.......,2025-04-19 12:57:48+00:00,netral
kayaknya aku lahir salah negara apa gimana sih? 😭😭,2025-04-19 12:03:46+00:00,negatif
Sebernya yang makan bukan cuman dia aja banyak yang makan uang itu atasan nya dll dia jadi tumbal udah permainan semua itu emang fia makan uang itu tapi ga semua pasti yang lain juga makan tapi dia,2025-04-18 08:36:01+00:00,negatif
makan apaan yang sampe 75 miliar cokk😹,2025-04-19 08:58:07+00:00,negatif
75.9 M buat beli nasi bakar saya dapat bearapa truk bisa buat makan sepulau,2025-04-17 09:59:26+00:00,netral
"baru kemaren jiarah ke makam para wali di banten, BANTEN SEMERAUTTTT🗿🗿",2025-04-20 17:24:07+00:00,positif
bebas pasti ada keluarga dan berkelakuan baik 😂 pasti konoha emang lain,2025-04-17 08:06:50+00:00,positif
pakakno bakol ae,2025-04-17 07:08:04+00:00,netral
wkwkwk soundnya kocak bangat🤣,2025-04-18 07:34:21+00:00,netral
"makan makanan apa pak sampe 75,9M 😳😳😭",2025-04-22 09:07:07+00:00,positif
suara vario modelan terbaru🗿,2025-04-22 09:47:10+00:00,netral
"untuk makan anak dan istri 75,9 m, makan apaan cu🗿🗿🗿",2025-04-24 13:00:00+00:00,positif
"makan apaan 75,9M mau makan lambo?",2025-04-24 13:31:52+00:00,negatif
"memang budaya aja sih kayaknya, soalnya sesederhana dikasih duit tanpa sebab aja kita masih nerima, mungkin ketika kita punya kesempatan bisa jadi seperti mereka, apalagi kalo lingkungan mendukung.",2025-04-21 07:32:55+00:00,netral
kalau gua disitu ketwa sih pling ngakak 😂😂😂,2025-04-22 11:36:21+00:00,negatif
"75,9 m bisa buat fasilitas tempat sampah di banyak tempat, beli mobil angkut sampah baru yang lebih layak loh pak🥰",2025-04-22 11:25:08+00:00,positif
"Wkwk, harusnya di 5/10 M udah nangis ga sih? Kok nunggu sampe 75 M wkwk",2025-04-22 11:19:29+00:00,negatif
pesona BANTEN.....pasti akan lebih heboh kedepannya.........,2025-04-21 07:38:44+00:00,netral
"75,9 Miliar makan ape tuh woy",2025-04-24 13:15:13+00:00,negatif
"75,9 M buat beli ayam geprek bisa itu buat 1 negara",2025-04-22 11:05:47+00:00,negatif
pantes sampah gw gak di angkut udah bayar tetep gak di angkut,2025-04-25 04:55:10+00:00,negatif
ku kira LG ketawa🤣,2025-04-21 08:24:09+00:00,netral
lebih kasian nenek yang dituduh ambil kayu bakar,2025-04-24 13:12:01+00:00,netral
lah kocak buat makan aja habis 11 juta 2 juta masa 75.9 bisa makan apa itu😹,2025-04-22 10:38:44+00:00,negatif
"75,9 miliar dibuat 10 tahun pun untuk makan anak istri sekeluarga makan apa jir gg",2025-04-21 08:50:31+00:00,negatif
"75m buat makan anak istrinya , pertanyaannya makan apa anak istrinya?",2025-04-22 11:27:51+00:00,positif
"75,9milyar makan-nya mungkin daging emas 😶‍🌫️",2025-04-21 08:59:57+00:00,negatif
"makan apa 75,9m makan negara? 😹🤭",2025-04-22 10:19:55+00:00,negatif
"pantesan gaji telat Mulu, bensin lambat turun, lembur ga di bayar.",2025-04-22 09:53:46+00:00,negatif
udah makan apa saja pak dari uang 75M,2025-04-20 04:21:05+00:00,negatif
"Tenang bentar juga bebas, siapin aja dana nya buat bayar hakim, jaksa dan kroni nya 😂",2025-04-20 01:58:32+00:00,positif
mantap kali suaranya cocok ini di jadikan suaran pesona indonesia,2025-04-19 04:52:12+00:00,positif
🗿🗿🗿🗿 Gua Heran Ama Negara ini... Ampe Kesampah sampah dikorupsi jug... 🗿👏 hadeuhhh...,2025-04-20 03:52:05+00:00,negatif
"75,9 beli daging dinosaurus purba kah mahal amat anj",2025-04-19 13:08:21+00:00,netral
menyayat hati tangisan nya😭😂,2025-04-17 06:37:53+00:00,positif
kasus kasus besar kemarin kok hilang bak ditelan Bumi 😁,2025-04-20 03:02:18+00:00,negatif
Hoooorrrreeeee di tangkap. Tangkap pak. Pak prabowo tetap bersih2 kembalikan semua duit negara yg di pakai mereka,2025-04-17 13:28:49+00:00,positif
"Cuma 75M kok bebasin aja pak, toh yg Trillyunan masih adem 🤣🤣🤣",2025-04-17 17:44:03+00:00,netral
bukan untuk ngasih mkn anak istri gaya hidup yg mewah🤣,2025-04-19 05:37:44+00:00,netral
ini yg nangis saha😭,2025-04-19 05:03:25+00:00,netral
75 m makan apa njiir beli indomie bisa buat berapa puluh tahun 🗿,2025-04-17 18:03:59+00:00,positif
gw kira cewe yg nangis😭,2025-04-20 06:11:27+00:00,netral
"makan apaan segitu, gerogotin lamborghini apa gimana?",2025-04-18 08:15:31+00:00,negatif
itu siapa yg blayer blayer diruang sidang😂,2025-04-22 14:24:37+00:00,negatif
"Sampah apa ampe 75,9m ???",2025-04-21 07:06:25+00:00,negatif
Makan apa 75.9 M... 😔,2025-04-24 14:33:30+00:00,negatif
segitu doang,2025-04-25 06:25:34+00:00,positif
busettt busettt gilaa emang negara ini uang sampah aja Masi di zolimi,2025-04-21 06:22:48+00:00,negatif
enak ya gk di hakimi masa,2025-04-23 06:48:15+00:00,positif
makannya apaan nyampe nominal 75.9 M 😂😂,2025-04-21 03:55:43+00:00,netral
kocak😆😆😆😆,2025-04-21 04:07:54+00:00,positif
"75,9 milyar buat makan anak istri? seumur hidup apa 7 turunan 🗿",2025-04-21 04:16:46+00:00,negatif
yang sampah itu dpr😂😈😎,2025-04-22 13:34:34+00:00,positif
"75,9 M buat makan anak istri makanan pokoknya emas mungkin",2025-04-30 04:04:51+00:00,netral
akeh cukk,2025-04-22 05:07:34+00:00,netral
sampah pun sempet2 nya di korup 😂😂😂,2025-04-21 04:17:42+00:00,negatif
bisa jdi spund ini 😅😅😅,2025-04-21 06:21:40+00:00,netral
antara geram dan sedih,2025-04-22 09:48:57+00:00,positif
"konoha klas kabid korup puluhan milyard, pejabat diatasnya bisa2 Trilliunan 😅",2025-04-21 04:06:32+00:00,negatif
"njirt 75,9 miliar buat makan ,klo di beliin sup ayam ,bisa jadi pulau 😭🗿",2025-04-23 01:40:17+00:00,negatif
"""korupsi sampai"" atau ""korupsi sampah""??",2025-04-22 09:46:48+00:00,negatif
"sip, kebuka semua yang korupsi",2025-04-23 03:57:56+00:00,negatif
"penjara berapa tahun itu,,?",2025-04-23 00:20:55+00:00,negatif
75.9M buat makan doang?,2025-04-25 04:37:52+00:00,negatif
paling tidak nyesel gitu,2025-04-21 02:41:44+00:00,negatif
kisah usang......,2025-04-25 07:38:28+00:00,negatif
"lah? istri sama anaknya makan apa yak sampe 75,9 M!? 😭",2025-04-24 12:40:38+00:00,negatif
kasian nanti gimana istrinya foya foya 😭😭😭,2025-04-22 09:17:16+00:00,positif
emang anaknya gajah atau apa?💔,2025-04-22 18:50:13+00:00,negatif
gw kira tadi suara kue putu lewat😂,2025-04-21 05:28:37+00:00,negatif
makannya apaan smpe 7m😭,2025-04-22 16:06:15+00:00,positif
nyanyi apa nangis bu... 75.9 M kecil itu😩😩🤣,2025-04-21 02:16:06+00:00,negatif
masuk film cocok ni nangis nya,2025-04-21 07:01:52+00:00,positif
pesona indo : sound baru😈,2025-04-23 07:57:33+00:00,positif
ga kuat stater itu bang,2025-04-24 16:10:36+00:00,netral
buat sound bagus nih,2025-04-22 11:14:47+00:00,negatif
usut tuntas,2025-04-21 07:25:37+00:00,negatif
adain fitur vn di tiktod plsssssss,2025-04-23 09:19:05+00:00,netral
AGUAN KAPAN DITANGKAP,2025-04-23 02:26:31+00:00,negatif
wah makan nya banyak kali ampe miliaran.. berapa piring kah sehari 1 keluarga... 🤔🤔🤔🤔🤔,2025-05-02 08:00:11+00:00,negatif
seriosa ya?,2025-04-21 10:00:47+00:00,negatif
dri pada 75mnya ke dia lebih baik baikin negara setidaknya berkurang sisi gelap indonesia,2025-04-25 08:32:09+00:00,netral
sudah tau kan penyebab nya kenapa banyak yang ga mau prabowo jadi presiden,2025-04-17 06:32:41+00:00,negatif
Buat alarm bagus nih 😂,2025-04-23 04:59:54+00:00,negatif
"kamu takut ga sama ini, eeeeeeeeeeee",2025-04-22 13:27:17+00:00,negatif
baru nyesal itulh penghuni Konoha haha.,2025-04-25 02:14:49+00:00,negatif
masih dikit itu mana maen,2025-04-23 11:35:35+00:00,negatif
suara nangis nya kayak bocil ketinggalan emak pas di pasar😹😹,2025-04-24 12:33:36+00:00,negatif
LAH KOK NANGES,2025-04-23 12:06:16+00:00,negatif
Air mata kebahagiaan,2025-04-23 13:03:12+00:00,positif
1m aja udh bisa buat rumah pak🗿,2025-04-25 09:40:01+00:00,positif
nangis gak ada air matanya bisa gitu ya mengeram lagi,2025-04-22 13:42:12+00:00,netral
75 m makan apa anj? 1 m aja bisa buat makan ampe gua nati nnti😂,2025-04-22 13:47:47+00:00,negatif
"75,9 milyar makan apa bjir, Rubicon?",2025-04-23 13:13:32+00:00,negatif
lah kan makin bagus🗿,2025-04-22 12:35:54+00:00,negatif
🦃🦃🦃,2025-04-22 09:44:15+00:00,positif
"@pesonaindonesia sound baru minn, gaskenn",2025-04-21 09:35:33+00:00,positif
@Asep Sang Raja Kegelapan😈😈 lah gua kira suara musik bangsawan Prancis 😹😹,2025-04-22 13:50:34+00:00,negatif
😁😁😁,2025-04-22 03:34:01+00:00,positif
🤣🤣🤣,2025-04-21 11:55:17+00:00,positif
@litovlr alasan bisnis sampah susah di indo,2025-04-21 12:19:11+00:00,netral
😂😂😂😂😂😂,2025-04-29 16:50:23+00:00,positif
tolong kades2 di tangkap min@gerindra ☺️,2025-04-23 13:20:58+00:00,positif
@pesonaindonesia,2025-04-21 14:54:52+00:00,negatif
🤟,2025-04-24 00:50:54+00:00,positif
😂😂😂,2025-04-21 14:23:58+00:00,positif
@Pesona Indonesia,2025-04-23 23:17:27+00:00,positif
🤣🤣🤣🤣,2025-04-23 18:48:58+00:00,positif
🤣,2025-04-21 12:25:11+00:00,positif
@pesonaindonesia min cocok soundnya,2025-04-23 06:53:12+00:00,positif
😁😁😁,2025-04-21 11:36:37+00:00,positif
@pesonaindonesia sound baru min,2025-04-23 11:50:25+00:00,positif
"pak prabowo paling kasih an lihat yang kayak gini .......
@admingerindraoriginal",2025-04-21 09:21:13+00:00,negatif
😭😭😭😭,2025-04-23 10:20:59+00:00,positif
EeEeEEEeeEeeEeeEeee😔😭😭😹eeEee😹😹😔😭😭EEeeEEe😹,2025-04-22 09:26:41+00:00,positif
"""ekekekeekekekeekekeekekekek""",2025-04-24 01:53:03+00:00,netral
awok awok😹😹😹😹😹😹😹😹😹😹😹😹😹😹😹😹,2025-04-24 22:37:58+00:00,negatif
cuk nangis,2025-04-21 06:33:26+00:00,netral
"Pak Wowo bebasin dong, kasian anak istrinya 😭",2025-04-23 03:19:01+00:00,positif
75m makan apa cok,2025-04-22 09:46:13+00:00,netral
suaranya kayak karbu supra brebet 😂,2025-04-22 07:15:55+00:00,negatif
😹😹😹😹😹😹😹😹😹😹😹😹😹😹😹😹😹,2025-04-30 12:34:02+00:00,positif
suaranya mirip kayak gua lagi starter motor,2025-04-24 07:07:26+00:00,netral
@pesonaindonesia min req vidio pake audio ini dong,2025-04-21 11:52:55+00:00,negatif
Indonesia pests,2025-04-23 12:20:14+00:00,negatif
even trashes dawg😭🙏💔💔💔🥀🥀🥀 what is this country even about💔💔💔💔💔💔💔🥀🥀🥀🥀🥀🥀🥀,2025-04-21 12:19:04+00:00,negatif
"korupsi sampah,, itu gimana.. dimakan gimana,, kan cuma sampah..",2025-04-19 03:30:33+00:00,negatif
mau tau knp koruptor di masukin ke penjara kalo di bebasin ke pemukiman bisa abis bonyok semua kalo di penjara dia bisa idup enak awokawok,2025-04-22 06:59:27+00:00,negatif
"Untuk KORUPSI sampah aja nilainya fantastis hingga 75 miliar lebih, apalagi di bidang sumber daya alam dan perpajakan, Indonesia sungguh menyeramkan seperti @Cerita Horor",2025-04-21 22:51:53+00:00,negatif
hah korupsi sampahhh🗿 sampah di korupsi?? 🗿 itu typo kah kk (bertanya dengan nada lembut),2025-04-24 08:32:29+00:00,negatif
sampah korupsi sampah 😂,2025-04-24 11:09:12+00:00,negatif
"lah, baru sadar korupsi sampah 🗿",2025-04-24 13:56:13+00:00,negatif
ini lah perlunya PERUBAHAN. SAMPAH aja masih di korupsi di makan. 😂,2025-04-23 00:09:23+00:00,negatif
sdh gak aneh kss korupsi di indo. sdh budaya,2025-04-24 14:05:56+00:00,negatif
sampah judul nya aja sampai ada yg korupsi..kalo di pikir2 parah bener..,2025-04-22 04:27:57+00:00,negatif
gua belum denger korupsi kupu-kupu malam,2025-04-24 02:02:46+00:00,negatif
"Negara lain mah fokus ke karya. Indonesia masih masih ripuh ku korupsi, sampah oge dikorupsi 😅",2025-04-21 12:18:54+00:00,negatif
gak tau lagi deh sampah aja dikorup ya allah hancurkan lah korupsi ya allah,2025-04-23 13:04:21+00:00,negatif
lu mau kasih makan apa anjir ampe korupsi kek gitu🤣🤣,2025-04-23 12:49:04+00:00,negatif
prabowo mlempeemmm🗿,2025-04-21 13:08:30+00:00,positif
HUUUUU AKTING,2025-04-23 13:10:18+00:00,negatif
wong dah habis banyak ko nangis kan seneng tabunganya dah banyzk🤣🤣,2025-04-25 01:48:52+00:00,negatif
"padahal tubuh masih bersih,coba maling ayam kena warga udah GK dikenali wajahnya",2025-04-21 11:47:23+00:00,netral
buat makan kok sampai miliaran..makan mas batangan kah pak🤣🤣,2025-04-21 11:09:06+00:00,negatif
inflasi tingi tingi nominal korup jg makin ting lah🤭🤭,2025-04-21 11:03:31+00:00,negatif
Nangis minta dibebaskan? Kalau gak ketangkep masih bisa senyum senyum sumringah itu🤣,2025-04-21 10:50:20+00:00,negatif
"sampe segede babon gitu kekenyangan duit rakyat , muak denger bininya nangiss 🗿🗿🗿",2025-04-21 10:16:18+00:00,negatif
"Enak lah masuk penjara di indonesia ...smua ada fasilitas nya,😅",2025-04-28 01:49:14+00:00,negatif
pesona Indonesia liat ini😭,2025-04-22 11:05:04+00:00,positif
astaghfirullah sampah di korup😭😭,2025-04-22 14:53:42+00:00,positif
bro колтоІ koruptor ресан😹,2025-04-22 15:13:43+00:00,negatif
kenapa nangis,2025-04-22 02:11:06+00:00,netral
dirinya bersalah malah minta di bebaskan lawak lawak,2025-04-22 15:29:20+00:00,negatif
"Untuk makan apa 75,9m
sedangkan kami satu hari saja tidak sampai 100k☹️☹️",2025-04-25 05:46:13+00:00,negatif
malah ngelawak 😹😹😹,2025-04-22 15:51:30+00:00,negatif
enak banget tuh lagu,2025-04-22 06:29:22+00:00,negatif
😭org jujur sekarang langka.. astaghfirullah lindungilah akidah kami Robb 🤲,2025-04-24 08:44:29+00:00,netral
"yg pasti mkanan premium kk,gk mngkin makanan asongan",2025-04-22 18:06:19+00:00,netral
izin pakai videonya 🙏,2025-04-22 07:57:05+00:00,positif
kok ketawa bg,2025-04-22 01:17:21+00:00,netral
yang makan aja bisa 75.9 miliyar 🙂,2025-04-20 03:06:35+00:00,negatif
ini ost film Casper yang baru kah?,2025-04-22 12:45:45+00:00,netral
suara gak sesuai perawakan😅,2025-04-25 06:04:13+00:00,positif
"bikin soundtrack jj yuk pake suaranya, pasti lucu 😂",2025-04-23 01:34:42+00:00,netral
Kunaon ari sia ai korupsi bhgia ngakak ai ngs kapangih aduh alah lier teu sia,2025-04-25 09:53:30+00:00,negatif
"Pantes sampah di serpong gunung mengunung pak tidak ad pengelolahan tepat,menyengsarakan rakyat aja udah di pilih rakyat juga",2025-04-25 03:26:51+00:00,negatif
"astaghfirullah hal adziim.. mereka tuh ga malu yah kalau di bilang tikus berdasi😭😭kalau saya mah malu, jgn kan uang segitu, seribu perak aja malu kalau saya lupa bayar",2025-04-21 14:49:39+00:00,negatif
DIAM!!!,2025-04-21 14:26:46+00:00,positif
BOBROK BANGET KELAKUAN.,2025-04-21 13:33:32+00:00,negatif
lorang,2025-04-21 13:19:44+00:00,positif
@gerindra menyenyenye,2025-04-21 13:12:07+00:00,positif
ngising sagede nyiru dia lah😁,2025-04-24 09:28:03+00:00,positif
Ya minimal ngotak lah di korup sampe miliarin gtu😭,2025-04-21 13:03:30+00:00,negatif
"tangisan palsu itu,, nanti juga di sel di raja kan",2025-04-25 09:11:32+00:00,negatif
makan anak istri 5 miliar cukup ngtt,2025-04-24 10:18:04+00:00,positif
sampah:jadi siapa yg sampah🗿,2025-04-22 04:35:26+00:00,positif
aku mengenalnya uang X. uang hasil dari haram. enggak boleh kasih makan keluarga kalau uang X untuk bersenang-senang foya foya. tidak bisa jadikan uang sedekah anak yatim.,2025-04-21 10:08:06+00:00,negatif
AWOK AWOK AWOK AWOK AWOK AWOK AWOK AWOK AWOK AWOK AWOK AWOK AWOK AWOK AWOK AWOK AWOK AWOK AWOK AWOK AWOK AWOK AWOK AWOK AWOK AWOK AWOK AWOK AWOK AWOK AWOK AWOK AWOK AWOK AWOK AWOK AWOK AWOK AWOK AWOK AWOK AWOK AWOK AWOK AWOK AWOK AWOK AWOK AWOK AWOK AWOK AWOK AWOK AWOK AWOK AWOK AWOK AWOK AWOK AWOK AWOK AWOK AWOK AWOK AWOK AWOK AWOK AWOK AWOK AWOK AWOK AWOK AWOK AWOK AWOK AWOK AWOK AWOK AWOK AWOK AWOK AWOK AWOK AWOK AWOK AWOK AWOK AWOK AWOK AWOK AWOK AWOK AWOK AWOK AWOK AWOK AWOK AWOK AWOK AWOK AWOK,2025-04-21 09:45:30+00:00,netral
manusia sepert ini harus di kesihani?😂,2025-04-25 01:33:44+00:00,negatif
Baru kali ini koruptor nangis🗿,2025-04-23 11:23:45+00:00,negatif
weylah sampah woy sampah bisa2 nya d korup😭,2025-04-22 06:12:48+00:00,negatif
iya kali sampahnya sampah tembaga kuningan kabel 😹😹,2025-04-21 09:38:24+00:00,negatif
makan dosa kayaknya soalnya sampe nangis 🤭,2025-04-23 11:21:35+00:00,netral
Suara nangisnya kek pasien ningsih tinampi yg kesurupan😭,2025-04-21 08:22:56+00:00,negatif
semua2 di korupsi amsionggg 😞😞,2025-04-22 06:39:42+00:00,negatif
jgn ada belas kasihan..pokoknya penjarakan jgn dikasi ampun,2025-04-23 10:05:33+00:00,negatif
"pantes klo lihat2x org pad ada yg kaya tajir tp bukn pengusaha ya curiga jg ya... kerja ny apa?? kok bisa kaya tajir punya bnyak harta... klo PNS yg jujur bngt, takut akherat.. ga ada yg kaya punya harta bnyak.... tetangga seorg audit keuangan krn jujur takut akherat... kehidupan ny biasa2x sj... itu yg PNS jujur... tp smua kmbali kpd org tsb.. ya coba az yg swasta kerja puluhan thn dg jbtn manager pun gaji besar... ga ada kaya2x level kehidupan ny biasa 2x sj",2025-04-18 04:51:21+00:00,negatif
"ayo kawal sampe dapet hukuman setimpal,",2025-04-18 04:47:25+00:00,negatif
"makanannya g seberapa TPI bahan2 nya diambil dr Alaska,dn cefnya artis dr luar negri,mknya smpai 75,9 m",2025-04-18 04:30:15+00:00,negatif
🤣🤣🤣🤣🤣🤣🤣🤣🤣🤣🤣🤣,2025-04-18 04:20:11+00:00,positif
"negara ini kaya...padahal biyarin aja bebas...kasiyan..😭😭😭😭.
suaranya sangat menyayat hati",2025-04-18 04:17:38+00:00,positif
adili owi,2025-04-18 04:04:07+00:00,positif
owalah sampah ajah ikut d korupsi,2025-04-18 04:01:52+00:00,negatif
aku liat video ini kecepatan 2x jadi lebih ngakak😂😌,2025-04-18 03:33:57+00:00,positif
"dramanya, cocok masuk di perfilman korea 🔥",2025-04-18 03:29:23+00:00,positif
Bagus buat ringtone wkwkw,2025-04-18 03:28:18+00:00,netral
Segala urusan.. sampai sampahpun bisa dikorupsi,2025-04-18 03:24:07+00:00,positif
Mulyono effect,2025-04-18 03:16:42+00:00,positif
"75,9 M ini keluarganya request makan daging wagyu terus kali ya",2025-04-18 02:56:14+00:00,positif
"Jngan pura"" bjir kelihatan itu🤣",2025-04-18 02:21:32+00:00,netral
"Sandiwara itu, sebanyak itukah makan keluarganya?",2025-04-18 02:04:12+00:00,netral
masyarakat mati2an cari uang buat bayar pajak dll untuk kebutuhan pemerintah tp anggota pemerintahannya banyak yg korup,2025-04-18 01:58:13+00:00,negatif
"baru tau saya kalo sampah juga bisa di korupsi, padahal sampah tinggal mungut di jln juga banyak😭😭😭",2025-04-18 01:46:36+00:00,negatif
Saia pikir itu tadi suara keluarnya yg nangis😂,2025-04-18 01:15:45+00:00,negatif
kemapa tidak BALOK saja 🙏🙏,2025-04-18 01:07:11+00:00,netral
lucu ya negri niiii yallah,2025-04-18 01:03:50+00:00,negatif
kl dimaafkan nnt yg pd korupsi ikutan,2025-04-18 00:29:15+00:00,negatif
"bandung juga, DLH gk mau di tf",2025-04-18 00:25:14+00:00,positif
Tolong yg nangis disuruh diem,2025-04-18 00:21:28+00:00,negatif
Astagfirullah ada lagi korupsi sampah 😭,2025-04-18 00:00:07+00:00,negatif
"makannya belajar yg bener, 75m jangan dihabisin semua kalo ada sisa kan bisa buat beli voucher pengurangan masa tahanan",2025-04-17 23:49:17+00:00,negatif
"waduh ku makan ubi,jagung ,tiwul harga 20 000 aja muntah ,perutku sampe keras ,
itu milyaran 😭",2025-04-17 23:45:06+00:00,negatif
lebih kasian sama Kulo bangunan yang bayaran nya 500000 perbulan,2025-04-17 23:30:49+00:00,negatif
apakah cuma dlh tangsel😁,2025-04-17 23:05:31+00:00,netral
oallahhhhhh....biarkan saja pak...kan dia SDH berbuat baik..oallahhhh....kasihan anak istrinya...🤣🤣🤣🤣🤣🤣🤣🤣🤣🤣,2025-04-17 22:55:55+00:00,netral
"Pesona Indonesia: asikk, ada sound baru 🤩",2025-04-17 20:21:44+00:00,positif
bingun mau hujat apa engga,2025-04-17 08:55:37+00:00,negatif
gk ngerti lg g sama orang konoha..,2025-04-17 08:52:40+00:00,negatif
tenang bro itu mah sedikit nnti jg pejabat bnyak yg bela😂😂😂,2025-04-17 08:52:14+00:00,netral
@Belle makan apa ini anak sm istrinya 75.9 M yaampun. Sampah pun dikorupsi 😩,2025-04-17 08:50:19+00:00,negatif
Kalau korupsi minta di bebaskan mesti kasih tahu Prabowo.. Krn Prabowo yg bilang kalau koruptor di tangkap kasihan anak istrinya,2025-04-17 08:42:31+00:00,negatif
Ya ampun cuna 75 milyar doang iklasin aja tidak akan membuatmu miskin,2025-04-17 08:39:27+00:00,negatif
sampah ajah di korupsi🗿,2025-04-17 08:29:19+00:00,negatif
"loh ko yg di tangkep istrinya pak,bukan suami nya",2025-04-17 08:22:05+00:00,negatif
apaaa lagi ini 🤣🤣🤣 meweknya sampek segitunya,2025-04-17 08:16:01+00:00,netral
bisa nangis juga 😅😅😅😅 pas duit abis ketauan lagi 🤗🤗🤗,2025-04-17 08:10:39+00:00,netral
sebelum ketangkap..ketawa ketiwi kali ya,2025-04-17 08:02:10+00:00,negatif
gua kira suara kunti nangis,2025-04-17 07:53:34+00:00,netral
"sak keluarga, sak dulur2e Lemu-Lemu..",2025-04-17 07:50:09+00:00,netral
"sabar pakkk,,cup cupp cuuppp😁😁😁",2025-04-17 07:48:32+00:00,positif
buat back sound cakep ni.. 🤭,2025-04-17 07:45:38+00:00,negatif
buat sound enak ga ?,2025-04-17 07:42:36+00:00,netral
MASIH BISA BISA NYA KORUPTOR NAGIS 😡,2025-04-17 07:41:21+00:00,negatif
terbangkan ke sentinel island,2025-04-17 07:34:39+00:00,negatif
negara di penuhi penghuni setan.. berlomba lomba untuk korupsi..,2025-04-17 07:32:25+00:00,negatif
kukira karna kesenengan dijemput sambil bernyanyi dia😁😁,2025-04-17 07:32:03+00:00,netral
Kasihan anak istrinya jngn smp harta ny disita,2025-04-17 07:31:01+00:00,negatif
75 milyar dbagi 75 org agota kluarganya nabung di bca dh jadi nasabah prioritas,2025-04-17 07:30:13+00:00,negatif
Ini yg waktu itu sampah ny di kirim ke kota serang itu juga yaaah???,2025-04-17 07:25:57+00:00,negatif
"saya mau gantiin dia masuk penjara,tapi uang 75,9 miliar kasih sama anak istri saya.",2025-04-17 07:24:30+00:00,negatif
"tikus makannya sampah, cuman inimah kebanyakan😹",2025-04-17 07:19:23+00:00,positif
seriosa bjirr,2025-04-17 07:17:27+00:00,negatif
😭😭😭 nangis nya kyk suara rx king bjiiierr 😂,2025-04-17 07:15:27+00:00,positif
Raungan tangisnya mengalihkan wartawan agar tdk bisa di wawancarai....😂,2025-04-17 07:11:22+00:00,negatif
lemaah🤣,2025-04-17 07:09:40+00:00,positif
"Kasihan itu udah lepasih aja, kita gak tau kesulitan orang, mungkin anak nya butuh susu..",2025-04-17 10:22:32+00:00,negatif
sedang mengetik........,2025-04-17 10:19:43+00:00,negatif
bebaskan pak..75m blm bs beli buggati..tnggu 250m br tangkap,2025-04-17 10:01:38+00:00,negatif
"buayaaa 😂😂😂
padahal di penjara pada joget, dangdutan
happy2 😂😂😂",2025-04-17 10:01:16+00:00,negatif
Sound tangisan buat film horor cocok👌🤭,2025-04-17 09:54:58+00:00,netral
rata2 korup.. kek mna la ngr ini,2025-04-17 09:50:21+00:00,negatif
"🤣🤣 udah udahhh jngn nangis, hukumannya paling lama 3thn, dipenjara enak kok, kamar mewah, kalau mau pelisiran tinggal bayar sipir. klw udah bebas kan tetap bnyak duitnya, tetap jdi orang kaya 😁",2025-04-17 09:45:59+00:00,negatif
"tenang pak, korupsi hukumannya paling cuma 2 bulan",2025-04-17 09:43:23+00:00,negatif
saya mendengar kicauan burung yg sangat merdu🥰,2025-04-17 09:41:09+00:00,positif
"beruntung bagat ya bapak Prabowo jadi presiden bisa di berantas korupsi di Indonesia secepatnya ini👍👍👍, 50 % korupsi di Indonesia sudah ke tangkap
apalagi korupsi pertamina dan timah👍",2025-04-17 09:35:03+00:00,negatif
KALIAN NONTONNYA SAMBIL NGAPAIN?,2025-04-17 09:31:58+00:00,negatif
"ADEEEHHH, INI NEGARA PARA PEJABATNYA PAKAI SEGALA CARA YA UNTUK KORUPSI🙂😭🙃",2025-04-17 09:31:10+00:00,positif
"75,9 M , Kasihan nya,Masuk penjara🥹🥲 Cukup untuk mengangkat kemiskinan orang lain dari pada untuk keluar mu😁😁",2025-04-17 09:25:49+00:00,netral
"maafkan saja dia pak Secara kekeluargaan, lagian cuman 75 miliar gak membuat negara miskin😏",2025-04-17 09:23:45+00:00,negatif
😂😂😂klu giliran poya2 lupa td nya,2025-04-17 09:22:46+00:00,positif
Ya Allah semoga bebas kan dari dunia🤲🤲 agar tenang di sana🤲🤲,2025-04-17 09:22:26+00:00,negatif
kisah cerita konoha semuanya sama,2025-04-17 09:21:20+00:00,positif
kesian dia sampe mulung sampah demi anak istri malah di penjara 🗿,2025-04-17 09:15:37+00:00,negatif
"ada yg bilang tangisan seorang bapak adalah yg terjujur iklas dr lubuk hati, tapi tidak dia sih😂",2025-04-17 09:13:47+00:00,negatif
kebanyakan pak ngambil nya 100juta ja kenyang,2025-04-17 09:10:25+00:00,negatif
"75,9M buat beli makan??🥺🥺🥺 apa anak istrinya makan dendeng gajah, tumis anakonda, sama gulai dinosaurus?",2025-04-17 09:07:07+00:00,negatif
di indonesia ni apa yg ga dikorupsi 😂,2025-04-17 09:06:20+00:00,negatif
cuma 75 milyar.. yg 300T aman,2025-04-17 09:05:51+00:00,negatif
"75,9 buat makan anak istri, gue dikasih 3jt buat makan aja udah bersyukur🙏",2025-04-17 09:03:05+00:00,negatif
"Hari2 scroll tt isinya kl gak korup, ya selingkuh. Emg dunia anj😭😭😭",2025-04-17 09:00:42+00:00,negatif
"tangisan palsu,udah puas memakan duit rakyat dan duit negara",2025-04-17 08:56:17+00:00,negatif
"tenang Bu walaupun suami ibu maling ratusan triliun,ingat ini Konoha paling lama hukumnya 1 tahun udah keluar 😂😂",2025-04-29 01:08:34+00:00,negatif
😭,2025-04-27 11:21:31+00:00,positif
melebihi firaun . sampah aja di makan,2025-04-27 06:08:37+00:00,negatif
kaga usah nangis bos kan waktu korupnya kaga nangis untuknya kalian kan sempet menikmati 😝,2025-04-27 04:30:21+00:00,negatif
😂😂😂😂😂😂😂,2025-04-27 03:21:39+00:00,positif
😂😂😂,2025-04-27 01:44:14+00:00,positif
"Gilak rakus banget istri dan anaknya yaa, kayak nggak ada puasnya 🤨",2025-04-26 04:11:05+00:00,negatif
"padahal dia kerja kan udah di gaji rakyat yang gaji, nah gaji nya buat.makan anaknya, bukan malah makan uang rakyat",2025-04-25 19:53:59+00:00,netral
klo makan nya udah kekenyangan ya pasti nya muntah 🤑🤑🤑,2025-04-25 14:21:03+00:00,negatif
terkenal dengan negara ter dzalim.. yg didzalimi rkyt kecil,2025-04-25 13:57:01+00:00,positif
itu ketawa anjirr bukan nangis🤣🤣,2025-04-25 13:02:00+00:00,negatif
"bjir makan apaan yg 75,9m daging putri duyung? ato steak t rex?",2025-04-25 12:53:46+00:00,negatif
beban negara,2025-04-25 08:28:09+00:00,positif
ini negara apasih anj,2025-04-25 07:39:55+00:00,positif
kyk mbak kunkun 😐,2025-04-25 06:44:35+00:00,netral
lah sampah di makan buat anak istri 🗿,2025-04-25 06:05:39+00:00,positif
lepaskan aja kasian,2025-04-25 05:50:52+00:00,positif
makan apaan,2025-04-17 06:42:13+00:00,netral
"kata pak prabowo jangan rampas aset y,kasian anak istri y,,,",2025-04-17 06:37:41+00:00,netral
salama tidak ada hukuman M4 T1.. korupsi tidak akan pernah hilang/berkurang😌,2025-04-17 06:37:36+00:00,negatif
hidup terasa sulit🏳gara gara banyak koruptor,2025-04-17 06:34:37+00:00,positif
anjir 70M,2025-04-17 06:29:59+00:00,negatif
enak aja udah kenyang minta di bebasin...proses dong,2025-04-17 06:28:23+00:00,negatif
sampah sja di korupsi 😂😂,2025-04-17 06:28:16+00:00,negatif
mantap tangkap koruptor,2025-04-17 06:16:17+00:00,negatif
aaaang ang ang ang,2025-04-17 06:14:05+00:00,negatif
😂😂😂,2025-04-17 06:07:28+00:00,positif
kok nggak ada yang ketawa🤣🤣,2025-04-17 06:03:14+00:00,netral
rimex jadiin funk 😹,2025-04-17 05:58:57+00:00,positif
"miskin miskinkan miskinkan,,sah kan UU sita aset koruptor....",2025-04-17 05:45:38+00:00,negatif
suara tangisannya sangat tragis,2025-04-17 05:14:24+00:00,negatif
waktu makan bahagia😂😂,2025-04-17 05:12:57+00:00,positif
gw bantuin nangis nih bang biar tambah rame 😭😭😭😭😭😭😭😭😭😭,2025-04-17 05:09:42+00:00,negatif
ngapain nangis gok ???,2025-04-17 05:07:42+00:00,negatif
lu belum tau presiden yg sekarang makanya jangn macam2 ketangkap kan lo😹😹,2025-04-17 04:39:18+00:00,negatif
"suruh busuk dalam penjara ,aset di sita",2025-04-17 04:33:33+00:00,negatif
😂😂😂,2025-05-02 05:16:54+00:00,positif
"😭😭😭
ikut sedih juga
kenapa ketahuan",2025-04-30 19:07:27+00:00,positif
gpp bu dipenjara nnt udah slesai hukuman ny kn bsa kluar😂😂😂,2025-04-29 15:19:44+00:00,negatif
😂😂😂,2025-04-29 13:07:07+00:00,positif
syampahhh dikoruppsyong buat makan ??? 😐,2025-04-24 13:05:16+00:00,negatif
makan apa 75m. makan kapal selam?,2025-04-24 13:04:23+00:00,negatif
@pesonaindonesia,2025-04-24 12:58:33+00:00,negatif
semua ini karna abah anis mangkanya koruptor pada ketangkep... terimakasih bapak anis Rasyid Baswedan 😇,2025-04-24 12:38:24+00:00,negatif
😅😅😅😅😅,2025-04-24 12:32:16+00:00,positif
"nangis kejang""😹",2025-04-24 12:29:23+00:00,netral
bekingan nya kurang kuat(makanya gak dikasih masker)-1000 aura,2025-04-24 12:20:01+00:00,negatif
75m makan apa daging Dajjal?🥰,2025-04-24 12:05:37+00:00,negatif
ditangkep soalnya makan sendiri,2025-04-24 11:59:50+00:00,netral
ohh ini film azab ya,2025-04-24 11:42:27+00:00,negatif
"kayak nya dia nyesel korupsi
.
.
.
.
.
nya sedikit",2025-04-24 11:41:02+00:00,negatif
75 miliyar buat makan sehari 🤣🤣,2025-04-24 11:30:00+00:00,negatif
ang ang ang ang ang ang ang ang ang ang😭,2025-04-24 11:13:14+00:00,netral
Pantesan serpong bau sampah 24 JAM 🤣,2025-04-24 10:36:06+00:00,negatif
"Di negara kita proyek apapun di korupin, gimana kitabnya menikmati pembangunan, dana wes ntek",2025-04-24 10:25:07+00:00,positif
kasian anak nya makan uang haram,2025-04-24 10:16:54+00:00,negatif
semoga ada yang jadi presidennya tegas bngt trus kalo ada yng korup di ambil semua harta dan di biarin aja,2025-04-24 09:30:06+00:00,negatif
semua kebijakan dikorup🤣,2025-04-24 08:24:14+00:00,positif
"kasih makan apa jir, lagian kasih makan malah di kasih makanan haram",2025-04-24 08:00:30+00:00,negatif
la makan apaan 75.9 M? 😭😭😭 lu beli rukonya bahkan jg bisa,2025-04-25 03:38:51+00:00,negatif
"75,9 M makan apa njir 🤭 mie ayam seumur hidup?",2025-04-25 00:17:19+00:00,negatif
lu opera atau nangis sihh😭,2025-04-24 15:40:35+00:00,netral
salah sendiri su merugikan negara 🤭🤭,2025-04-24 15:19:59+00:00,negatif
"makan apa sih anak sama istri 75,9 miliyar itu banyak banget loh 😭😭😭",2025-04-24 15:18:49+00:00,negatif
"ngambil untung enggak apa apa, tapi ini terlalu banyak pak 🙄🥀✨",2025-04-24 14:47:12+00:00,negatif
sampah emang bisa makan sampah?,2025-04-24 14:36:24+00:00,netral
lebih percaya Agus nangis sih drpd ini 🥰,2025-04-24 13:51:15+00:00,positif
"actingnya bas1, berharap belas kasih dari siapa wahai bapaQ?",2025-04-24 13:42:29+00:00,negatif
kaga ada habis habis nya ya . negara apa sih ini 😂,2025-04-24 13:35:36+00:00,negatif
YA ALLAH APAAN SI INI😭😭,2025-04-24 13:30:45+00:00,positif
"Bukannya malah bagus, sampah dikorupsi.. Lingkungan jadi bersih.",2025-04-24 06:58:01+00:00,netral
abis ini mulyono ditangkap juga,2025-04-24 06:42:36+00:00,negatif
itu orang gak dikasih gaji?🤡,2025-04-24 06:08:20+00:00,negatif
Kok gak ada habisnya korupsi di negri ini 😌,2025-04-24 05:47:07+00:00,negatif
malah kluruk😭,2025-04-24 05:23:23+00:00,netral
Buat sound tiktok cakep tuh suara tangisnya.,2025-04-24 03:51:14+00:00,negatif
1 juta UDAH CUKUP OI OI😭,2025-04-22 13:37:24+00:00,negatif
SEMUANYA AJA KORUPSI ANJJ,2025-04-22 13:04:33+00:00,negatif
jir 75.9 miliar mending buat beli rumah jir,2025-04-22 12:55:36+00:00,negatif
aplh,2025-04-22 12:47:22+00:00,netral
"""plak"",nyamuk suara nya gitu ya?",2025-04-22 12:20:51+00:00,negatif
emang anak istri nya makan apa ampe 75 miliar 😂😂,2025-04-22 12:04:04+00:00,negatif
"pasti bebas itu mah, atau tida penjaranya seperti istana🧐",2025-04-22 12:00:12+00:00,negatif
"@rawrrr🦖 ""eHm eeemm emeeemm eeemm mmmm eem😭""",2025-04-22 11:53:50+00:00,negatif
Mesin rotor berjalan,2025-04-22 11:51:26+00:00,positif
@Pesona Indonesia jadiin sound aja min,2025-04-22 11:51:22+00:00,netral
trus kasus yg 271t itu gmn wak?,2025-04-22 11:49:19+00:00,negatif
@avrillianizhr,2025-04-22 11:41:01+00:00,negatif
"kami aja yang miskin beli nasi Padang 10.000 dibagi 4 lah kau 75.9m untuk makan enak dan Hedon Hedon , kami rakyat sengsara gara gara korupsi tau gak 🗿🗿",2025-04-22 11:27:06+00:00,negatif
negara lain kalo ada berita pasti berita nya teknologi baru klo di Konoha mah berita nya korupsi lagi korupsi lagi sampek bosennn🤭🤭🤭🤭🤭,2025-04-22 11:24:43+00:00,negatif
😨😨😨😨😨😨😨,2025-04-22 11:13:04+00:00,positif
kasih hukuman jilet sampah aja,2025-04-23 03:04:52+00:00,negatif
SAMPAHPUN DIMAKAN JUGA OLEH VIRUS-VIRUS INI☺️☺️☺️☺️,2025-04-23 02:57:18+00:00,negatif
😂😂😂😂😂,2025-04-23 00:24:35+00:00,positif
"makan apa sampe 75,9M... perut G bkl puas sampe ditimbun tanah",2025-04-22 23:47:09+00:00,negatif
nih pegang omongan gw.pasti dia dipenjara nggak ada 5 taun,2025-04-22 15:01:09+00:00,negatif
waduh tinggal kasih sound miaw miaw miaw miaw 😹,2025-04-22 14:16:27+00:00,netral
"bebaskan saya, BEBASKAN SAYAAA👿👿👿👺",2025-04-22 14:04:56+00:00,negatif
mkn apaan segitu 🗿,2025-04-22 13:56:17+00:00,positif
kek kelakson motor gw 🗿,2025-04-22 13:40:42+00:00,positif
nangis lah gabisa beli hermes lagi nantinya 🤗,2025-04-22 14:30:42+00:00,netral
nangis dia kek film horor😹,2025-04-21 14:47:04+00:00,positif
"Betul2 negara minta di RESET ulang semua ,,dari kelas bawah sampai kelas atas ,,dari ekor sampai kepala ..klo di berantas habis semua",2025-04-21 13:24:47+00:00,negatif
konstole,2025-04-21 13:20:36+00:00,positif
"Astagfirullah, Kalau negara ini semakin buruk izinkan saya pindah negara ya rabb 😇",2025-04-21 13:18:10+00:00,negatif
terlihat bahagia sekali pelaku nya,2025-04-21 12:51:48+00:00,positif
makan ny tiap hari apa yaa sampai 75 m,2025-04-21 12:40:48+00:00,netral
makan apa cobak,2025-04-21 12:35:33+00:00,netral
tebak penonton sedih pa gembira ria?,2025-04-21 12:19:35+00:00,negatif
gw kira lagu,2025-04-21 12:19:20+00:00,netral
bebasin aja dari ketok palu hukuman hakim dan jaksa 😁 kasih ke rakyat biar rakyat yang hukum ... simple,2025-04-22 04:24:44+00:00,negatif
"pak gantian pak, sblmnya bapak kan hahaha dengan uang itu, nah sekarang bapak hahaha karna masuk jeruji besi.😁",2025-04-22 04:16:39+00:00,negatif
Logat makassar,2025-04-22 04:14:59+00:00,positif
"banyaknya pejabat yg bobrok seharusnya negara "" diriset ulang""",2025-04-22 03:55:06+00:00,negatif
"apa kagak obesitas tu anak sama istri, 75 miliar beli mie ayam dapat 7 juta porsi njirr",2025-04-22 03:34:45+00:00,negatif
wah .jangan sampai presiden denger ..ntar di bebasin atas dasar kasian anak istrinya,2025-04-22 03:04:14+00:00,negatif
negri macam apa iniii,2025-04-22 02:56:53+00:00,positif
makan tiap hari di Phoenix kali ya makanya smpe 76m 🗿,2025-04-22 02:53:13+00:00,netral
ya allah pak cari kerja susah malah korupsi 😭😭😭,2025-04-22 02:49:34+00:00,negatif
akhir'a kena jg bandit Unyil kekenyangan kali dia muntah jg..🤣😂mantaaap lah pko'a Tangsel👍😇,2025-04-22 02:01:14+00:00,negatif
sound baru kah,2025-04-22 02:00:35+00:00,netral
oalah.. cao cao,2025-04-22 01:28:15+00:00,negatif
🤣🤣🤣🤣 nangis? gimmick itu mah entar juga pas lepas dari wartawan juga ketawa lagi,2025-04-22 01:11:26+00:00,negatif
"hanya untuk makan kok sampek korupsi 75,9milyar😂",2025-04-22 00:56:54+00:00,negatif
indo indo ngapa gini ya tinggal di indo😡,2025-04-22 00:49:19+00:00,negatif
air mata buaya 🤣🤣,2025-04-22 00:27:57+00:00,positif
yg plg g msuk akal zakat dikorup🗿,2025-04-21 23:48:05+00:00,positif
kalian denger tangisan kuntilbabi ngak??,2025-04-21 23:41:04+00:00,negatif
selama hukuman koruptor msh ringan tak kan ada yg takut untuk korupsi,2025-04-21 23:40:06+00:00,negatif
komplit lah sudah dari BBM Sampek sampah pun dikorupsi 🤣🤣🤣,2025-04-21 23:33:28+00:00,negatif
Subhanallah astagfirullah😥 🤷‍♀️🤦‍♀️,2025-04-21 12:39:53+00:00,positif
COBA TANGKEPIN TUH DI PUPR BANTEN,2025-04-21 02:15:10+00:00,netral
😅😅😅,2025-04-21 02:08:49+00:00,positif
🤣🤣🤣🤣,2025-04-21 02:08:34+00:00,positif
lucu...u😂😂😂,2025-04-21 02:05:19+00:00,netral
😂😅🤣,2025-04-21 02:04:34+00:00,positif
"ya Allah....
sampai sampah juga dikorupsii 😂😂",2025-04-21 01:44:53+00:00,negatif
"75.9 M buat kasih makan anak istri, itu malah bisa buat kasih makan 1 negara indonesia yg miskin. masih juga bisa kasih sembako ke warga yg miskin.",2025-04-21 01:41:26+00:00,negatif
tpi msih ada ajh yg bella keluarga koprupsi di negara konoha ini,2025-04-21 01:40:57+00:00,positif
"konoha dah gk heran
palingan di penjara 6,5 tahun dan denda 10 milyar kan masih banyak sisa itu😂😂😂",2025-04-21 01:40:15+00:00,negatif
ya Allah korup sampah alasan ngasih anak makan uang sampah berarti ya 😭😭😭,2025-04-21 01:37:29+00:00,negatif
"banyak amat buat makan anak istri sampai 75,9 M😌",2025-04-21 00:52:30+00:00,positif
mantaap goodjob kejaksaan tinggi Banten ..💪💪 kejaksaan agung Kejati Kejari dimanapun bertugas,2025-04-21 00:25:29+00:00,positif
"konoha separah ini emang
gak ada bagus bagusnya pejabat konoha
parah",2025-04-21 00:24:59+00:00,negatif
makan apa yaaa 75.9M?? atau istri istri dan anaknya buanyak banget??? 🤣🤣🤣,2025-04-21 00:23:07+00:00,negatif
🤣😂🤣,2025-04-21 00:03:11+00:00,positif
Kasihan... Bebaskxn saja dari alam dunia...,2025-04-20 23:13:46+00:00,negatif
🤣,2025-04-20 22:14:50+00:00,positif
omak ngapain nangis uang segitu dh JD sultan🗿,2025-04-20 22:00:51+00:00,negatif
75 m buat makan? makan apa itu 🙈🙈🙈,2025-04-20 19:50:58+00:00,negatif
ayo.... penjara berapa Tahun kira2..... setelah bebas jadi jutawan..... ayolah mahasiswa.... mana suaranya.... kapan lagi UU perampasan aset di sahkan....,2025-04-20 17:16:04+00:00,negatif
lucu nangis nya🤭,2025-04-20 17:01:59+00:00,positif
kirain kunti yg nangis,2025-04-20 16:53:38+00:00,netral
Judul lagu nya apa sih,2025-04-20 16:52:46+00:00,netral
nangisnya kek keselek sampah😭,2025-04-20 16:18:51+00:00,netral
🤣🤣🤣,2025-04-20 16:04:11+00:00,positif
😂😂😂😂😂😂😂,2025-04-20 15:35:44+00:00,positif
anjir 76 m buat makan apa woy💔,2025-04-20 15:21:42+00:00,negatif
Yg nangis tolong di mute!!,2025-04-20 15:17:15+00:00,negatif
andai aku presidenya,2025-04-20 15:16:18+00:00,positif
kapan giliran kab.subang..jngn smpai subang hanya jd wadah ATM berjalan aja,2025-04-21 05:29:00+00:00,negatif
"penjarakan 25 tahun pak hakim, jangan kasi kendor",2025-04-21 05:24:21+00:00,negatif
"😅😅 kasian tu sama orang miskin yg di tangkap dan di hukum pengadilan,contoh nenek di penjara gr2 ambil kayu",2025-04-21 05:23:39+00:00,negatif
makannya apa bang messi,2025-04-21 05:23:21+00:00,positif
"negara apa ini,tiap hari beritanya klo gak korup ya kekerasan seksu4l,parahnya itu di lakukan oleh ya pengelola yg diatas 🤡🤡🤡🥲",2025-04-21 05:22:28+00:00,negatif
"gak ush nangis pak, anak istri udh kenyang,",2025-04-21 05:08:32+00:00,positif
apa sih yg gak dikorupsi di negeri ini. semua lini di korupsi.orh,2025-04-21 04:54:56+00:00,negatif
"makannya pagi di singapur, makan siang di Dubai dan makan malamnya di Amerika",2025-04-21 04:53:10+00:00,positif
😂😂😂 TIRULAH RRC SIAPKAN REGU TEMBAK 😄😄😄 GILIRAN YANG LAIN.,2025-04-21 04:51:57+00:00,negatif
pantesan badanya subur 😂😂😂,2025-04-21 04:49:26+00:00,netral
🗿🗿🗿🗿,2025-04-21 04:38:41+00:00,positif
🤣🤣🤣,2025-04-21 04:35:19+00:00,positif
"anjay buat makan istri 75m, anak istri keknya ada 100 orang ya wkwkw,",2025-04-21 04:26:48+00:00,positif
Gilakkkkk SAMPAH aja di korup cukkkk astaga gue tinggal di negara yang miskin empati🔥,2025-04-21 04:18:59+00:00,negatif
🤣😂😅,2025-04-21 04:10:33+00:00,positif
sampah juga di makan,2025-04-21 04:07:38+00:00,positif
ini uang sampa blm uang² t!nj4 yg lainnya🤣🤣🤣,2025-04-21 04:04:22+00:00,negatif
malah limit🗿🗿,2025-04-21 03:48:25+00:00,netral
ada sinetron nya gak?.. akibat korup sampah,2025-04-21 03:47:08+00:00,negatif
bagusnih soundnya dijadikan Velocity,2025-04-21 03:39:00+00:00,netral
kinh blayer🙏🏻😁,2025-04-21 03:38:16+00:00,positif
air mtaaaaa maling.. rsanya pht,2025-04-21 03:28:15+00:00,negatif
"lagian melihara landak sih, coba pelihara ani² pasti aman",2025-04-21 03:25:14+00:00,negatif
ya Allah kasih makan anak istri dari sampah...,2025-04-21 03:22:37+00:00,positif
itu suara tangisan siapa sih,2025-04-20 08:14:57+00:00,positif
"kasian banget, pasti anak istrinya lagi kelaparan🥺🙄",2025-04-20 08:12:16+00:00,netral
Pantas sampah ga beres2,2025-04-20 08:12:14+00:00,negatif
"pantes tangsel gitu gitu ajah, yg maju malah pihak swasta nya😭",2025-04-20 08:07:38+00:00,negatif
yg pake uang rame2 tp yg jd korban utk di adili hanya yg mewakili.. hukum yg di kerucut kan,2025-04-20 08:05:36+00:00,negatif
korupsi aja gk mikirin rakyat yg nangis gk bisa makan giliran di tangkap nangis,2025-04-20 07:56:16+00:00,negatif
badan aj besar TPI nangisss🤣🤣🤣,2025-04-20 07:54:27+00:00,positif
buset bansosss aj di korup bansoss cok bansosss...gila GK ini negara/ oknum,2025-04-20 07:50:57+00:00,negatif
"kalo si gemoi lihat ini pasti kasian melihat nya,, bahkan akan di beli in mobil dinas juga😁",2025-04-20 07:50:27+00:00,negatif
"lah ditangkep nangis, waktu korupnya gimana ya😂",2025-04-20 07:44:35+00:00,negatif
"gw mau bikin organisasi untuk reset negara ini dan buat pemerintahan baru,ada yang mau ikut ngk?",2025-04-20 07:44:31+00:00,negatif
Nangis penuh Harta apakah itu,2025-04-20 07:42:01+00:00,negatif
sampah nya buat di kasih makan istri?,2025-04-20 07:34:56+00:00,negatif
SAMPAH DI KORUPSI ? 😳😳😳,2025-04-20 07:33:41+00:00,negatif
pasti presiden gak tega lihat yg seperti ini trus minta dibebaskan. alasan kasihan dia sampai nangis...🤣🤣,2025-04-20 07:33:35+00:00,negatif
#Indonesiasakit,2025-04-20 07:26:01+00:00,positif
"75,9 m itu bukan untuk dia 100%. pasti ada org yg lebih berkuasa yg menyuruh nya. dan beliau dalam tekanan mau gak mau ya korup.",2025-04-20 07:25:34+00:00,negatif
"giliran korupsi nya g nangis
trs gmna nasib rakyat yg nangis tiap hari",2025-04-20 07:24:28+00:00,negatif
Anjirrrrrr semuanya dikorupsi😅,2025-04-20 07:22:41+00:00,positif
Nagisnya kek kartun 🤡,2025-04-20 07:18:57+00:00,netral
75m makan apa pa emg tiap hrinya? Loh saya makan padang 20rb aja udh ngeluh kemhalan loh pa😭🙏🏻,2025-04-20 07:14:35+00:00,negatif
kapok...,2025-04-20 07:13:53+00:00,negatif
baguslah tangkap terus seenaknya aja maling,2025-04-20 07:08:19+00:00,netral
"kasian pak,bebasin aja..nangisnya kyk anak kecil gak di kasih jajan..lgian cm 75,9 miliar koq",2025-04-20 07:04:16+00:00,negatif
ada luthung nagis 😂😂,2025-04-20 07:00:08+00:00,netral
anjai,2025-04-20 06:59:22+00:00,netral
"ini masih wajar korup nya dari pada sebelah, brp taun yaa kira kira",2025-04-20 06:55:12+00:00,negatif
"capek bgt sama negara sendiri,apa2 di korup,,hadehh sampai kpn kahh??😳",2025-04-20 06:53:52+00:00,negatif
UNTUK APA NANGIS?,2025-04-20 11:37:30+00:00,netral
pas nilep duit arwah nya lgi healing jadi pas ketangkep nangis histeris karena gak tau apa yang terjadi kemarin 🗿,2025-04-20 11:28:07+00:00,negatif
hukum seumur hidup 😂😂,2025-04-20 11:27:20+00:00,negatif
bayangin sampe sampah di korup😅,2025-04-20 11:21:44+00:00,negatif
"75 m untuk menghidupkan anak istri? atau memenuhi gaya hedun istri ? kalau puluhan juta mungkin masih masuk akal ,laah ini 75 M cui kurang dikit 76 m",2025-04-20 11:21:35+00:00,negatif
lawak,2025-04-20 11:13:24+00:00,negatif
nangidd beneran apa borongan tuh🤪,2025-04-20 11:07:48+00:00,netral
bijir 76.9 miliar buat makan sekeluarga doang 😳,2025-04-20 10:57:55+00:00,negatif
ari rupa mah kaya manusia tpi rohnya apa y,2025-04-20 10:54:58+00:00,positif
teu cara ngalebok duit ah sia,2025-04-20 10:53:13+00:00,negatif
"271 triliun, 75 miliar, indonesia emang kaya broo 🔥",2025-04-20 10:49:17+00:00,negatif
nangis krn ketahuan🤣,2025-04-20 10:48:25+00:00,positif
🤣🤣🤣,2025-04-20 10:45:03+00:00,positif
"ngambilnya Gak Nangisss,Ketangkep nangis loe 😁.....",2025-04-20 10:34:27+00:00,negatif
😂😂😂,2025-04-20 10:21:58+00:00,positif
😏😏😏,2025-04-20 10:21:56+00:00,positif
waktu pakek duitnya kok gak nangis,2025-04-20 10:21:40+00:00,negatif
🤣🤣🤣🤣,2025-04-20 10:19:58+00:00,positif
sebenarnya negara kita ini kaya sekali bayangkan sampah saja jadi duit gede,2025-04-20 10:14:19+00:00,negatif
🤣🤣🤣🤣🤣🤣🤣🤣🤣🤣🤣🤣🤣🤣🤣🤣🤣🤣🤣🤣🤣🤣🤣🤣🤣🤣🤣,2025-04-20 10:12:15+00:00,positif
"oh ini yang dimaksud prabowo, kasihan nasib anak istrinya, sekarang saja jadi faham😁",2025-04-20 10:08:26+00:00,negatif
"anak koruptor dah pernah ngalamin hidup mewah glamor , sedang kan rakyat kecil ttp dlm kondisi kekurangan , air mata palsu",2025-04-20 10:08:22+00:00,negatif
Sampah pun di korupsi kan udah gawat kali kalian ini,2025-04-20 10:03:13+00:00,negatif
"makan pakai butiran mas mungkin anak istri nya.
bukan makan nasi.
klw beras nggak se bayak itu duitnya😁",2025-04-20 09:55:51+00:00,negatif
OMG sampah aja dikorupsi andaikan t*ai juga bisa mungkin sudah dikorupsi juga 🤣🤣🤣,2025-04-20 09:46:10+00:00,negatif
saat nikmati uangnya nga mewek ke enakan ya makan uang sampah.,2025-04-20 09:41:03+00:00,negatif
Mantaap,2025-04-20 09:37:35+00:00,netral
ihh bapak newbie ya. baru 75M udah nangis. yang 1 Kuadriliun aja santai banget,2025-04-20 09:28:00+00:00,negatif
Yang keren koruptor nahwa umar di kota kendari nih. coba cek aja,2025-04-20 09:24:35+00:00,negatif
astagfirullah..... ngeri denger tangisannya..😂😂😂😂😂,2025-04-20 09:17:28+00:00,negatif
Mantap menikmati duit rakyat kita,2025-04-20 06:37:00+00:00,positif
"🤣🤣🤣.. bentar juga di bebasin .. lawak ..🤣🤣🤣 .. beda sama maling ayam ,, harus di salam olahraga dulu ..",2025-04-20 06:33:57+00:00,negatif
Kok dia yg nangis😭,2025-04-20 06:32:09+00:00,positif
"75,9 untuk makan anak istri .
trus slama ini kita ini makan apa? 🗿",2025-04-20 06:23:31+00:00,positif
ini lebih menjiwai dari pada mony*et curi pisang di tambang timah,2025-04-20 06:18:07+00:00,negatif
kasihan anak dan istrinya jika hrus di tangkap,2025-04-20 06:16:17+00:00,negatif
klo ke tangkap nagis..tapi klo buat makan dan poya poya uangnya ketawa ketiwi...,2025-04-20 06:12:02+00:00,negatif
lucu sekali 😏,2025-04-20 06:11:37+00:00,positif
Lagi apes. 🤣🤣,2025-04-20 06:09:56+00:00,negatif
awalnya gue kira suara nyamuk😭🙏🏻,2025-04-20 06:08:23+00:00,netral
"kacau, parah.",2025-04-20 06:05:29+00:00,negatif
Gemes ih nangisnya😃,2025-04-20 06:03:23+00:00,positif
giliran di tangkap nangis mau heran tapi kenyataannya lu sudah kalap nilep pak,2025-04-20 05:57:16+00:00,negatif
"klo gk ketahuan,si ibu lg flexing tas hermes😁",2025-04-20 05:56:02+00:00,netral
nangis ko di rekam sambil ngaca pulasambil lihatin bibi kayaknya😂😂😂,2025-04-20 05:55:20+00:00,negatif
Tumben tak berMASKER dan di BORGOL.Mantsb👍,2025-04-20 05:48:15+00:00,negatif
opera,2025-04-20 05:46:55+00:00,positif
jadi kalau negara kita ini disebut negara tempat pembuangan sampah jangan baper,2025-04-20 05:34:58+00:00,negatif
jangan sampai pesona indonesia tau🗿,2025-04-20 05:33:26+00:00,positif
😅😅,2025-04-20 05:32:35+00:00,positif
hahahahahahhaa kocak 🗿,2025-04-20 05:24:24+00:00,negatif
tangisan macam apa ini,2025-04-20 05:11:51+00:00,positif
😂😂😂,2025-04-20 05:09:54+00:00,positif
🤣🤣🤣🤣,2025-04-20 05:07:43+00:00,positif
kukira guguk 😂😂 ternyata orang nangis🤣,2025-04-20 05:07:15+00:00,negatif
Yaudah bebasih tapi 75 m di bayar di muka sekarang!!!!!,2025-04-20 05:06:33+00:00,negatif
@pesonaindonesia sound baru min😁😁😁,2025-04-20 05:05:29+00:00,positif
takut aja badannya bau sampah..🥺,2025-04-20 04:59:31+00:00,negatif
😅😅😅😅😅😅😂😂😂😅😅😅,2025-04-20 04:48:00+00:00,positif
makin lama koruptor meraja Lela di konoha,2025-04-20 04:45:46+00:00,positif
negara udah jdi sarang maling,2025-04-20 03:02:24+00:00,negatif
makan birkin bag,2025-04-20 02:59:45+00:00,positif
yeu nangis lo,2025-04-20 02:57:33+00:00,netral
ketangkep nangis giliran mkn duwit nya diem2 loo,2025-04-20 02:57:08+00:00,negatif
kukira sound nye seriosa,2025-04-20 02:56:05+00:00,positif
knalpot apaan itu,2025-04-20 02:55:28+00:00,negatif
maliiiiiiiiing,2025-04-20 02:54:26+00:00,negatif
"75,9milyar kena berapa tahun penjara? dibanding ama yg kemarin?",2025-04-20 02:52:56+00:00,negatif
"parah nih,anak istri kasih yg harom",2025-04-20 02:52:42+00:00,negatif
😅😅😅 bebas,2025-04-20 02:52:25+00:00,negatif
"75,9 M looo itu ko ngasih anak binik mu makan pakai apa anjirrrr😫
kebanyakan nonton ""mari kita cobaa"" anak binik mu😤",2025-04-20 02:50:57+00:00,netral
😂😂😂,2025-04-20 02:45:22+00:00,positif
si to lol,2025-04-20 02:43:37+00:00,netral
coba lihat badan mereka yg banyak uang gemuk beda sama masyarakat pada kurus🤣,2025-04-20 02:42:38+00:00,negatif
berantas dan ganti koruptor era pa bowo😂😂,2025-04-20 02:38:48+00:00,negatif
😞😞,2025-04-20 02:38:43+00:00,positif
nyanyinya syahdu bangeetttt😅,2025-04-20 02:38:04+00:00,positif
itu nyanyi ikutan kontes nyanyi aja😞,2025-04-20 02:37:47+00:00,positif
Kiraiin padus tadi 😔,2025-04-20 02:36:26+00:00,positif
di bantulah kasihan anak istrinya mau makan apa,2025-04-20 02:36:13+00:00,negatif
Ente terima itu dalam bui penjara...😂🤣😂🤭🤭,2025-04-20 02:35:42+00:00,negatif
😂😂😂😂😂,2025-04-20 02:35:39+00:00,positif
😂😂😂😂😂😂,2025-04-20 02:33:12+00:00,positif
🤣🤣,2025-04-20 02:32:39+00:00,positif
tenang aja pk kabid d tangan pk wowo...anda bebas dan aman,2025-04-20 02:32:28+00:00,negatif
ini baru cocok🤣,2025-04-20 02:30:43+00:00,positif
yg nangis kaya lagi nyanyi seriosa😁😂😂,2025-04-20 02:29:43+00:00,positif
@Pesona Indonesia min ada sound baru nih🗿,2025-04-20 03:47:34+00:00,positif
Enak banget minta bebas udah makan duit rakyat ya harus bertanggung jawablah pak.,2025-04-20 03:46:27+00:00,netral
tangisan sandiwRa,2025-04-20 03:45:41+00:00,netral
dari sampah sampai uang haji semua di korup..keren sekali negara ini cokkkkk,2025-04-20 03:45:38+00:00,negatif
"Innalillahi, bisa bisanya akting🤣",2025-04-20 03:43:16+00:00,positif
YaAllah negara ape ini😭😭😭,2025-04-20 03:37:30+00:00,positif
"kapok mu kapan nek wis ngene,e nangis kan",2025-04-20 03:35:35+00:00,negatif
ngent*t,2025-04-20 03:34:39+00:00,negatif
lah ko nangis,2025-04-20 03:32:16+00:00,negatif
SAMPAH DI KORUPSI? AWAS DI KETAWAIN NEGARA LAIN🤣🤣,2025-04-20 03:29:48+00:00,negatif
Waduh apalagi ini? Gk ada habis-habisnya🤦🏻‍♀️,2025-04-20 03:26:20+00:00,negatif
🤣🗿,2025-04-20 03:26:02+00:00,positif
matane,2025-04-20 03:25:59+00:00,netral
"hah untuk makan sampe 75,9 M ,, itu mh buat gaya bukan buat makan pak",2025-04-20 03:25:54+00:00,negatif
Pantesan negara indo skrng lagi krisis 😭,2025-04-20 03:24:33+00:00,negatif
makan apaan sampe miliar? babi premium?,2025-04-20 03:23:03+00:00,negatif
laporkan prabowo kasihan dia korup untuk mensejahterakan anak istrinya kok ditangkap,2025-04-20 03:22:41+00:00,negatif
😂😂😂😂😂😂😂,2025-04-20 03:20:36+00:00,positif
75.9 Milyar dikorup.. Sampah dimakan.. Jorok nyaa...,2025-04-20 03:20:21+00:00,negatif
waduhhhh..anak istri mkn apa pak kok segitu bnyaknya ...😂,2025-04-20 03:15:47+00:00,negatif
"Jangan dikasihani! karna dia, ada orang diluar sana yang ngga bisa makan karna kemiskinan 😡",2025-04-20 03:14:36+00:00,positif
konoha2,2025-04-20 03:12:39+00:00,positif
yg cuman Yuri singkong gimana,2025-04-20 03:12:34+00:00,negatif
kasian hati mungilnya.😭😭😭,2025-04-20 03:12:10+00:00,negatif
banyak banget makan anak istrinya?,2025-04-20 03:12:07+00:00,negatif
"menangislah bu...
biar kami tertawakan",2025-04-20 03:11:38+00:00,negatif
"75,9 M anak istrinya dikasi makan apa sgitu
klo aset koruptor disita kasian anak2nya kata bapak itu",2025-04-20 03:10:11+00:00,negatif
😱,2025-04-20 03:09:45+00:00,positif
"kasian nnti kalau di miskin kan anak istrinya,wkwkwkwkwkwk anyyionbghgg",2025-04-20 03:09:16+00:00,negatif
"yg gajinya dibawah umk aja bisa.buat makan anak istri
lah ini 75,9M 🤣 1kampung dijadiin istri semuakah 🤣",2025-04-20 03:06:35+00:00,netral
nangis karena ketahuan itu,2025-04-20 02:14:24+00:00,negatif
"aduhlah jdi ikutan sedih😭
knpagaditangkapdaridulu🙂",2025-04-20 02:14:14+00:00,positif
"pening lihat negara ini, kapan lah Aceh pisah sama NKRI",2025-04-20 02:12:07+00:00,negatif
sampah pun di korupsi cox‼️‼️,2025-04-20 02:11:27+00:00,negatif
"air mata buaya, enak bgt nangis🤣🤣",2025-04-20 02:11:20+00:00,netral
korupsi hukum seperti di Korea langsung di tiadakan,2025-04-20 02:10:04+00:00,negatif
🤭🤭🤭🤭,2025-04-20 02:08:12+00:00,positif
dnger nangis nya malah makin gedek,2025-04-20 02:07:22+00:00,negatif
anj-r sampah dikorupsi🧐,2025-04-20 02:05:24+00:00,netral
79 m makan apa.. 79rb oke..,2025-04-20 02:00:25+00:00,negatif
alasan klasik untuk bisa diringankan atau dibebaskan,2025-04-20 01:58:23+00:00,netral
"tenang pak berkelakuan baik aja nnti disel, pura² taat....spya bnyak remisi...😊😊😊",2025-04-20 01:52:26+00:00,negatif
"Makan apaan 75,9 M!!!! Makan emas lu ?",2025-04-20 01:50:01+00:00,negatif
anjai kirain suaura tongeret hutan,2025-04-20 01:48:19+00:00,netral
😭😭😭😭😭 terlanjur terlambat 😅😅,2025-04-20 01:47:25+00:00,negatif
"apakah itu tong sampah menangis...
karena sampahnya dah habis dimakan",2025-04-20 01:44:33+00:00,negatif
"76M buat makan istri anaknya, itu mereka sekali makan habis 5 ekor sapi kah? wkwkwk",2025-04-20 01:44:28+00:00,negatif
"kan udah ngerasain makan enak ,foya"" tiap hari pake duit rakyat,, knpa nangis.. 🤭😁",2025-04-20 01:43:25+00:00,negatif
sound nya 😭,2025-04-20 01:42:37+00:00,positif
"aku kira tangisan emak"" rempong 🤭🤭🤭😭😭😭",2025-04-20 01:41:40+00:00,negatif
ngasih makan apa sampe miliaran gituh! ngalebok naon atuh siateh,2025-04-20 01:41:29+00:00,negatif
Saya mengira lg paduan suara😆,2025-04-20 01:40:09+00:00,positif
"minta di bebaskan, trus itu uang bisa di kembalikan full berserta bunganya gak ?",2025-04-20 01:38:26+00:00,negatif
kocak bet nangis yh,2025-04-20 01:38:02+00:00,netral
"nangisnya ko kayak gitu,ngeri dengarnya",2025-04-20 01:37:19+00:00,negatif
"negara lain udah maju, indonesi jg udah maju tapi yg maju korupsix🤣🤣🤣",2025-04-20 01:36:04+00:00,negatif
Nangis takut kere sih 🙏🏻😂@piscesmarch,2025-04-20 01:35:08+00:00,negatif
nyenyenye,2025-04-20 01:31:01+00:00,positif
"kata ketum @gerindra : kasian anak mereka...
😂😂😂",2025-04-20 01:29:15+00:00,positif
mewek geus Kitu mah,2025-04-19 23:32:09+00:00,netral
.Kuraaaaaaaang....Kuraaaaaaang...😭😭😭,2025-04-19 23:24:56+00:00,negatif
🤣🤣🤣,2025-04-19 23:24:32+00:00,positif
sampah pun sampai bs dikorupsi,2025-04-19 23:23:06+00:00,negatif
lagi makan jadi mual denger tangisannya,2025-04-19 23:22:18+00:00,negatif
😁😁😁,2025-04-19 23:20:44+00:00,positif
buseh,2025-04-19 23:19:28+00:00,positif
astaqfirullah nangisnya bikin ngilu,2025-04-19 23:18:20+00:00,negatif
siapa sih yg ngasih backsound kayak gt... 🤔,2025-04-19 23:09:45+00:00,netral
🥰🥰🥰,2025-04-19 22:55:10+00:00,positif
wkwkwkkwkw,2025-04-19 22:52:17+00:00,netral
Too lol,2025-04-19 22:50:44+00:00,negatif
klo distater susah gini masalahnya apa ya?,2025-04-19 22:44:08+00:00,netral
anak istri sy makan juga cuma gocap sehari😭,2025-04-19 22:43:06+00:00,negatif
🤣🤣🤣🤣🤣🤣🤣,2025-04-19 22:42:46+00:00,positif
sy yakin dia d korban kan,2025-04-19 22:37:36+00:00,netral
tangisan species baru nama nya termul tahinensis 💩,2025-04-19 22:34:24+00:00,positif
Lah ngapain nangis minta di bebasin🤣 korupsi smpe segede itu wkwk kocakkk,2025-04-19 22:30:13+00:00,negatif
drama di mulai 👏👏,2025-04-19 22:24:40+00:00,positif
sampah aja dikorupsi begitu bobrok kah pejabat negeri ini😔,2025-04-19 22:18:09+00:00,negatif
"makan anak pamajikan 75,9m makan apa pamajikan na makan Wagyu A5 tiap hari wkwkwk",2025-04-19 22:16:04+00:00,negatif
"lepaskan saja, jangan sampai anak istrinya menderita.. biar rakyat miskin saja",2025-04-19 22:08:08+00:00,negatif
"saya mohon sama bapak"" polisi yg ada disana tolong di bebaskan kasian dia korup ada alesannya, dia buat keluarga 75,9 M,,
saya mohon lepaskan saja pak kasian,, biar warga yg urus pak,,, 😁😁",2025-04-19 21:55:27+00:00,negatif
tangsel lucu,2025-04-19 21:46:15+00:00,netral
😂😂😂😂,2025-04-19 21:41:15+00:00,positif
makannya di kasih mobil rumah motor tanah mungkin😂,2025-04-19 21:35:06+00:00,netral
uang ...uang ...uang. .. gak ada lagi😂,2025-04-19 21:25:18+00:00,negatif
"maksudnya korupsi sampah ini, kek mana ceritanya??",2025-04-19 21:13:27+00:00,negatif
"makan pake apa 75,9 miliar😅😅",2025-04-20 00:21:47+00:00,netral
sampah pun ada koripsinya 😭,2025-04-20 00:21:04+00:00,positif
orang kok makan sampah,2025-04-20 00:18:35+00:00,netral
ampe sampah laahhcoba itu😭,2025-04-20 00:18:31+00:00,netral
Anak istrinya makan emas antam apa gimana? Mahal banget biaya makannya,2025-04-20 00:18:26+00:00,negatif
ditangkap malah paduan suara 🤔,2025-04-20 00:16:43+00:00,negatif
"mending gaji mu kau depo kan,beli scatter, gamungkin busuk terus daripada korupsi",2025-04-20 00:16:12+00:00,negatif
duit segitu bukan buat makan aja tapi buat kawin lagi juga bisa bu bu🤣🤣🤣,2025-04-20 00:14:44+00:00,netral
"ihh kasian bagaimana nasib keluarga nya nanti kalo dia di penjara walaupun sebentar, tp alhamdulillah UU perampasan aset ngga di sahkan paling tidak keluarga di rumah masih sehat dan tidak kelaparan.",2025-04-20 00:13:28+00:00,negatif
"pada rakus amat ya 😩pada ga bersyukur punya jabatan gaji gede, ruangan dingin kerja g seberapa. masih aja kurang manusia apa bukan si",2025-04-20 00:12:42+00:00,netral
korupsi milayaran buat makan anak istri😭😭😭😭😭,2025-04-20 00:12:17+00:00,negatif
masih sedikit itu blum trilyunan,2025-04-20 00:07:04+00:00,netral
"kami didesa nyari 100 ribu aja sangat berat ,ini korup 75,9 miliar cuman tuk makan anak istri, smoga petinggi negri memperbaiki kualitas dan menyingkirkan para korupsi sita Asti dan di miskinkan",2025-04-20 00:06:26+00:00,negatif
kebutuhan makannya byk bgt..sampe 75 milyar,2025-04-20 00:06:10+00:00,negatif
lgi korup enak giliran ketangkep nangis parah,2025-04-20 00:04:49+00:00,negatif
hurung bang🔥,2025-04-20 00:00:37+00:00,netral
🤣,2025-04-19 23:59:38+00:00,positif
jangan dibebasin mending,2025-04-19 23:55:59+00:00,netral
🤣🤣🤣🤣🤣🤣,2025-04-19 23:51:49+00:00,positif
g napsu liat koruptor d tngkap g d apa2in,2025-04-19 23:48:36+00:00,negatif
edaaaan....sampah juga ampe di korupsi..,2025-04-19 23:47:20+00:00,negatif
kalau semua koruptor minta dibebasin enak banget ya 😍 isi penjara apa mau diganti sipil semua kah,2025-04-19 23:44:13+00:00,negatif
🤣,2025-04-19 23:38:20+00:00,positif
"75,9 Buat makan? Makan sayur emas?",2025-04-19 23:37:17+00:00,negatif
Suara apa tuh man !,2025-04-19 23:36:33+00:00,positif
suara supra canstart,2025-04-19 23:36:24+00:00,netral
"super power uang, hidup dan berjaya lah korupsi😀😀😀",2025-04-19 23:34:41+00:00,positif
🤲,2025-04-19 19:33:01+00:00,positif
"percuma tangkap koruptor tiap hari, percuma ungkap ribuan kasus korupsi tiap hari kalau hukumannya cuman bgitu2 saja",2025-04-19 19:29:27+00:00,negatif
Buset buat makan aja masih di korupsi anjirrr negara konoha,2025-04-19 19:24:29+00:00,negatif
kemaren ketawa ketiwi sama 4 LC,2025-04-19 19:23:58+00:00,negatif
PENJARAKAN !!!!!!! 😅,2025-04-19 19:21:41+00:00,negatif
Kayak suara apa ya?😁,2025-04-19 18:50:22+00:00,positif
nha Ng bung koplok,2025-04-19 18:45:55+00:00,netral
astaghfirullah korupsi dari segi apapun di negara ini bisa yaaa. 😢😢😢 kayak gimana ini dosa2 mereka. hukumannya lebih berat lagi tolong 😢,2025-04-19 18:40:14+00:00,negatif
"makan apa 75,9 m ? ngeri kali selera nya",2025-04-19 18:37:52+00:00,negatif
keliatan kl org ini pasti sering main dlm sinetron2 tv....bln dpn pasti dpt kontrak kerja sm stasiun tv.....,2025-04-19 18:37:12+00:00,negatif
🤣😂😅,2025-04-19 18:35:09+00:00,positif
udh kayax suara kunti 😃,2025-04-19 18:31:26+00:00,positif
buat makan anak istri 🤔😱,2025-04-19 18:27:21+00:00,positif
😅😂,2025-04-19 18:25:33+00:00,positif
"Udah lah pak wowo bebasin dia kasian anak istrinya 75 M itu kan cmn bs beli cendol, rakyat indo kan da sejahtera😏😏😏",2025-04-19 18:23:58+00:00,negatif
"khawatir dengan perut istri dan anaknya.. segede apa ya.. sehingga makannya butuh 75,9 Miliar.",2025-04-19 18:20:28+00:00,negatif
"@Selir Lee Do-Hyun oh tangsel, ga kaget",2025-04-19 18:19:18+00:00,negatif
"Banten udh jdi provinsi termiskin pak,jangan dikorupsi juga Napa etdah",2025-04-19 18:17:42+00:00,negatif
pantesan mobil angkut sampah pada ambroll 😂🤣,2025-04-19 18:16:58+00:00,negatif
makannya banyak banget kah,2025-04-19 18:14:26+00:00,netral
"75.9 M buat makan ?
Segede apa perutnya 🙈",2025-04-19 18:12:28+00:00,negatif
"Yg korupsi negara sendiri ya , aku curiga dulu jmn penjajahan Belanda aslinya pke kerja Indonesia di bayar , tapi duitnya di tilep",2025-04-19 18:11:07+00:00,negatif
pantesan sampah2 di setiap pinggir jalan bnyak bgt gk ada yg urus. ujung2 nya jalanan buat pembuangan sampah,2025-04-19 18:08:04+00:00,negatif
makan sampah doyan juga ya... astagfirullah,2025-04-19 18:07:08+00:00,netral
orang² cari uang kok gampang banget ya,2025-04-19 18:02:32+00:00,netral
🤣,2025-04-19 18:01:04+00:00,positif
Kok seram suara tangisannya klo tengah malam🙈🙈🙈🙈,2025-04-19 18:00:15+00:00,netral
sampe sampah pun bisa dikorupsi sebesar 75 M ? sampah ape bende tu 🗿,2025-04-19 17:56:59+00:00,negatif
Ketika korup tdk sedih waktunya ketangkap merengek rengek,2025-04-19 15:57:30+00:00,negatif
suara nangis apa suara mantra yak?,2025-04-19 15:55:54+00:00,negatif
🤣🤣sampahpun klian korup,2025-04-19 15:51:20+00:00,negatif
"Ikhlas in aja bu,suami anda baik2 saja d dalam tahanan.pake duit nya mau masa terima resiko nya gk mau 😅.",2025-04-19 15:50:50+00:00,netral
kok makin marak korupsi ya,2025-04-19 15:49:25+00:00,negatif
@manusia silver 😭😭😭,2025-04-19 15:48:03+00:00,positif
😏,2025-04-19 15:47:49+00:00,positif
anal istri makan apa njirr,2025-04-19 15:47:29+00:00,netral
"jangan di kasihani, mencuri uang",2025-04-19 15:45:08+00:00,negatif
Sampah aja dikorup.... kya nya negara kita mesti direstat ke setelan pabrik deh biar pd hilang semua korup2nya.,2025-04-19 15:38:50+00:00,negatif
makan apa 75 milier 😂 10rebu beli naspad apa bubur jg kenyang itu mh serakah,2025-04-19 15:38:28+00:00,negatif
😂😂😂,2025-04-19 15:37:19+00:00,positif
😂😂😂,2025-04-19 15:37:09+00:00,positif
"Nikmatin duitnya tidak pakai hati nurani, Giliran ditangkap minta diampuni, guendengg",2025-04-19 15:35:28+00:00,negatif
"gara gara koruptor .rakyat susah
bawa sini biar di sekolahin",2025-04-19 15:35:04+00:00,positif
"jangan sampai ini di parodiin sama Agung Karmologi ya, bahaya 🤣🤣🤣🤣🤭🤭",2025-04-19 15:34:37+00:00,positif
"makan apa 75,9M? ko tega sih ngasih makan keluarga pake uang haram?",2025-04-19 15:33:24+00:00,negatif
mamvus,2025-04-19 15:30:34+00:00,negatif
Saat ketauan... Wktu korup rs ny nikmat ya pak,2025-04-19 15:27:20+00:00,negatif
sampah aja sampai dikorupsi,2025-04-19 15:26:51+00:00,negatif
"itu anak istrinya makan apa pak, sampai 75,9M?
itu anak istrinya pasti buang air pasti yg keluar intan atau emas.🤣🤣🤣🤣🤣🤣",2025-04-19 15:26:40+00:00,negatif
hantu blawu,2025-04-19 15:25:12+00:00,netral
naspu dunia....,2025-04-19 15:24:09+00:00,positif
mahal kali makanan keluarganya,2025-04-19 15:24:06+00:00,negatif
makan apaan anjir 75m🗿,2025-04-19 15:22:18+00:00,netral
"kyanya gabisa direstar doang nih negara,harus hard reset nih kyanya",2025-04-19 15:21:42+00:00,negatif
🤣🤣🤣,2025-04-19 15:19:10+00:00,positif
Mohon izin bertanya dengan sopan ini kalau dia di tangkap apakah kita akan naik gaji?,2025-04-19 15:18:23+00:00,negatif
lah dia pas ngelakuin korup gak nangis ko sekarang nangis ih,2025-04-19 15:18:12+00:00,negatif
"Gila, di negara ini apapun bidangnya ada aja yg korupsi, parah",2025-04-19 15:17:52+00:00,negatif
di bawah video ini ada kakek kakek jualan kerupuk ngesot. gakkkk nangissss kek eluuuuuu,2025-04-19 16:18:49+00:00,negatif
bagus ektingnya,2025-04-19 16:18:17+00:00,netral
apa apaan sih sampah pun di korupsiii. apa lagi yg bisa aku percayaaaaa 😭😭,2025-04-19 16:17:29+00:00,negatif
merdu suara nya 😂😂,2025-04-19 16:17:05+00:00,positif
nyenyenye,2025-04-19 16:16:56+00:00,positif
Gwendeng cogh,2025-04-19 16:15:18+00:00,netral
Wkwkwk,2025-04-19 16:14:53+00:00,positif
negara....... part2,2025-04-19 16:12:04+00:00,negatif
Bingung banget ama negara sendiri😭,2025-04-19 16:11:38+00:00,positif
🤣🤣🤣🤣🤣,2025-04-19 16:10:13+00:00,positif
😅😅😅😅😅,2025-04-19 16:10:08+00:00,positif
Panas tiris tamah😭,2025-04-19 16:09:30+00:00,netral
😂😂😂😂😂😂,2025-04-19 16:08:03+00:00,positif
😂😂😂😂😂,2025-04-19 16:07:52+00:00,positif
"saya juga mau pak buat makan 75,9M",2025-04-19 16:07:41+00:00,positif
cengeng banget nich tikus,2025-04-19 16:07:19+00:00,negatif
"kasihan ya,,,kira2 cp yg kasihan ya",2025-04-19 16:05:13+00:00,negatif
jangan kasi ampun🔥,2025-04-19 16:04:36+00:00,netral
"Njirlah semua aja di korup njir, ampe kesampah2 juga astagaaa",2025-04-19 16:04:14+00:00,negatif
"bagus sangat mewek nya,cocu klo di bikin nada dering 😂😂😂😁😁😁",2025-04-19 16:01:56+00:00,negatif
"Gaji nya kan cukup jika hanya buat makan anak istri.
Yg pekerja buruh kasar saja cukup koq jika hanya buat makan.
apa lagi ini kabid.",2025-04-19 15:58:25+00:00,negatif
🤣😭😭🤣,2025-04-19 13:13:46+00:00,positif
😂,2025-04-19 13:13:02+00:00,positif
negara korup fixx,2025-04-19 13:10:48+00:00,negatif
banyak bener makannya 😂😂,2025-04-19 13:10:32+00:00,positif
maling kok nangis 😂,2025-04-19 13:10:22+00:00,negatif
Aku kira sound nya editan😭,2025-04-19 13:10:19+00:00,positif
"paan 75,9 milliar buat makan anak istri, 1 jt 5 jt cukup kali🗿",2025-04-19 13:07:41+00:00,negatif
"Makan apaan sampe 75,9 M 😭",2025-04-19 13:07:39+00:00,negatif
ang ang ang ang ang ang,2025-04-19 13:07:32+00:00,netral
🤣🤣🤣,2025-04-19 13:04:31+00:00,positif
😂😂😂,2025-04-19 13:01:51+00:00,positif
🤪🤪🤪,2025-04-19 13:01:25+00:00,positif
coba cek aja di kota kota lain😁...,2025-04-19 13:00:52+00:00,negatif
"pye iki sampah loh pdhal😭@Risolmayo bisa""ny smpahpun ditelen😭",2025-04-19 12:58:16+00:00,negatif
😃😃😃 mirip suara di film misteri,2025-04-19 12:58:06+00:00,netral
Buat makan istri dan anak?? wkwk org tua gue aja susah bgt nyari duit buat anknya hadehh,2025-04-19 12:56:51+00:00,negatif
klau sudah ketangkap baru nangis pak2,2025-04-19 12:56:04+00:00,netral
jadi mulyono sebelum nya ngapain aja sih?,2025-04-19 12:55:19+00:00,negatif
Calon Sound Meme nih,2025-04-19 12:52:34+00:00,netral
"blm ktangkap ketawa bahagia..
udh ketangkap nangis..😅",2025-04-19 12:52:19+00:00,negatif
"makan apa sampe 75,9 M ?. buat beli nasi padang bisa 1 truk itu mah",2025-04-19 12:51:07+00:00,negatif
klo kata dedi mulyadi mah buat pemprov jabar 40M mag kecil apa lg ini buat negara y tambah ga ngaruh,2025-04-19 12:47:59+00:00,negatif
tangisan nya bikin gue ngakak 🤣,2025-04-19 12:47:27+00:00,netral
sampai ke sampahpun di korupsi ? 😭😭😭,2025-04-19 12:47:24+00:00,negatif
anak istinya makan sampah kah?,2025-04-19 12:46:09+00:00,netral
75milyar bs bli pabrik tahu n tempe bs buka pabrik,2025-04-19 12:43:50+00:00,negatif
... AIR MATA BUAYA DARAT ... 😂😂😂,2025-04-19 12:42:43+00:00,netral
intinya apa? untuk kasih makan pribadi atuhh sama aja kecuali dia bilangnya untuk di bagi²kan ke masyarakat kecil,2025-04-19 12:40:55+00:00,netral
nasi padang 10 rb,2025-04-19 12:40:53+00:00,positif
segitu bnyak duit ... kgak bagi2 sh 🤣,2025-04-19 12:42:22+00:00,negatif
😀😀😀😀😀🙈,2025-04-19 12:40:20+00:00,positif
🤨🤨🤨🤪🤪🤪🤪🤪🤪🤪,2025-04-19 12:40:07+00:00,positif
"Warga itu pada bayar iuran sampah lo.. dan Pemda jg punya anggaran. Koq bisa sampah numpuk di sungai. Petugasnya males kerja. Kalau di kerjakan , yg kerja di bayar dgn bener pasti bersih sampahnya",2025-04-19 12:39:20+00:00,negatif
pantesan lampu ciputat mati terus,2025-04-19 12:37:58+00:00,negatif
banyak amat kasih makan 75 miliyar,2025-04-19 12:37:54+00:00,negatif
hah,2025-04-19 12:35:33+00:00,negatif
Era2 korupsi paling byk selama indonesia merdeka,2025-04-19 12:00:50+00:00,negatif
assiik istrinya kawin lagi,2025-04-19 11:57:17+00:00,positif
"kan bapa prabowo mah sayang sama koruptor mah asetnya g bakal di sita, masa tahanannya banyak potongan ,tinggal sogok sana sini asal ga ketauan bebas",2025-04-19 11:53:53+00:00,negatif
negara ko isinya para korupsi semua... mau jadi apa ini negeri😭😭,2025-04-19 11:52:46+00:00,negatif
😂😂😂😂😂😂😂,2025-04-19 11:52:44+00:00,positif
"sampe uang sampah juga di korup ngeri kali negara kita,pantes GK maju maju",2025-04-19 11:50:04+00:00,negatif
dapat duit banyak kok nangiss🤣,2025-04-19 11:50:03+00:00,positif
drama apa ini😁😁😁,2025-04-19 11:49:57+00:00,positif
sdh salah berik kin telinga aja,2025-04-19 11:46:48+00:00,negatif
jago main dramanya,2025-04-19 11:40:34+00:00,positif
suara nangis nya berasa di orchestra🩰,2025-04-19 11:36:19+00:00,netral
🤣🤣,2025-04-19 11:36:02+00:00,positif
@pesonaindonesia cocok soundnya min😭,2025-04-19 11:34:27+00:00,positif
"itu mah cuman pura pura spik,kalau lagi banyak duit mah maenan nya diskotik.🤣😃",2025-04-19 11:32:06+00:00,negatif
tujupulu milyar buat makan apa pak?! tiang listrik?😌,2025-04-19 11:31:31+00:00,negatif
😳😳😳😳😳,2025-04-19 11:29:18+00:00,positif
😮😲,2025-04-19 11:26:36+00:00,positif
sadis itu. pak hhh,2025-04-19 11:25:15+00:00,negatif
gini amat negaraa gue🙂‍↔️,2025-04-19 11:24:51+00:00,positif
bagus bagus hhh,2025-04-19 11:23:52+00:00,netral
udah gk ada harapan lg konoha ini,2025-04-19 11:20:11+00:00,positif
"Makan mah 100k juga cukup setiap hari anak istri, itu mah makan gengsi",2025-04-19 11:17:23+00:00,positif
mudah mudahan segera dapat hidayah biar cepet tobat !,2025-04-19 11:17:05+00:00,positif
Anjirr badan aj gede🙃😳,2025-04-19 11:15:42+00:00,positif
bagus ni buat nada dering...,2025-04-19 11:14:33+00:00,negatif
uang apapun dikorupsi 😭 capek bgt konoha ini 😭😭😭😭,2025-04-19 11:13:44+00:00,negatif
"Lu makan apa anj 75,9M emak gua noh 100rebu dibawa kepasar bisa buat seminggu dirumah ada 4orang😒",2025-04-19 11:11:15+00:00,negatif
🤣🤣🤣,2025-04-19 09:59:55+00:00,positif
makan emas kali ya anak istrinya 😭 sampe sebanyaak itu korupnya buat makan aja,2025-04-19 09:58:45+00:00,negatif
🤣🤣🤣🤣🤣,2025-04-19 09:57:38+00:00,positif
sampah aj dikorupsi...😭🤦🏻‍♀️,2025-04-19 09:55:57+00:00,negatif
nangis pas udh ketauan wkwk😂,2025-04-19 09:54:18+00:00,negatif
🤣🤣🤣,2025-04-19 09:54:09+00:00,positif
harus distelan pabrik negara ini...jika ga mampu lewat manusia ...maaf alam saja yg menyempurnakan...pasti ga ada terikan ham...tangisan gagu...😂😂😂😁,2025-04-19 09:53:29+00:00,negatif
jangan kok enak saja dibebaskan 75m itu nggak sedikit,2025-04-19 09:53:03+00:00,negatif
maneh kunaon 😂😂😂,2025-04-19 09:52:41+00:00,netral
Sekalian aja semua korup di maaf kan kalo gitu semua juga butuh makan emng lo aja dah lah pantes buat main sinetron indosiar🤣,2025-04-19 09:52:21+00:00,negatif
"@Lazaret` tak masuk akal, sampah pun di korup bejir😹",2025-04-19 09:52:04+00:00,negatif
entr siapa yg mau ngabisin duwitnya 🤣🤣🤣,2025-04-19 09:49:57+00:00,negatif
🤣🤣bapak ny doraemon lgi nyanyi lagu apa ya,2025-04-19 09:49:31+00:00,positif
😁🤣,2025-04-19 09:48:39+00:00,positif
Nangisnya kaya bocah minta ice cream...😅😂😅,2025-04-19 09:47:58+00:00,netral
hahahhahaha.....tangisnya lucu,2025-04-19 09:44:49+00:00,negatif
Gimana negara gak Mo mundur apa2 dikorupsi itu akibat dr hukum yg tdk tegas,2025-04-19 09:44:28+00:00,negatif
@Fhania,2025-04-19 09:44:10+00:00,positif
bahahaha nangis karna takut miskin gabisa korup lagi wkwkkek🤣🤣,2025-04-19 09:43:00+00:00,negatif
dia ngomong apa sih,2025-04-19 09:41:32+00:00,negatif
ke sampah sampah di korup ya allah indonesiaa🙂,2025-04-19 09:41:31+00:00,negatif
suara burung apa itu kak,2025-04-19 09:40:53+00:00,negatif
"ngapain2 nangis2,, ga ada kerjaan",2025-04-19 09:40:27+00:00,netral
Sampe sampah pun di korup 😭,2025-04-19 09:38:30+00:00,negatif
lah ko nangis,2025-04-19 09:37:41+00:00,negatif
hahahahihihuhuhhu nangisnya gitu banget hahhaa,2025-04-19 09:36:25+00:00,negatif
Bener2 negara penuh tikus di mana2 korupsi sampai duwit sampah pun di kurupsi ngeri sekali negri ini😭,2025-04-19 09:36:12+00:00,negatif
"gk ngerty, kan sampah biarin aja biar bersih lingkungannya...",2025-04-19 09:32:58+00:00,positif
dana masjid aja bisa di korupsi apalagi yang lain pikir aja sendiri di negara konoha tercinta ini😂,2025-04-19 09:32:17+00:00,negatif
nangis pula 😂,2025-04-19 09:31:58+00:00,netral
Di akhirat mereka yang korupsi di apakan sama tuhan ya gaes,2025-04-19 10:09:46+00:00,negatif
yang belom di korupsi mungkin penimbunan limbah tai,2025-04-19 10:09:22+00:00,negatif
😂😂😂,2025-04-19 10:09:17+00:00,positif
pantes aku ga kaya kaya ternyata aku bukan anak koruptor😂🙏🏻,2025-04-19 10:08:16+00:00,negatif
korupsi sampah maksudnya?,2025-04-19 10:07:36+00:00,negatif
kita semua jg bakalan korupsi cm blm ada kesempatan aja.,2025-04-19 10:07:29+00:00,negatif
kejamm negara inii,2025-04-19 10:06:29+00:00,positif
😂😂😂😂😂😂,2025-04-19 10:06:22+00:00,positif
"75,9 Miliar Buat Makan Apa Seneng Seneng😹😹",2025-04-19 10:05:08+00:00,negatif
😅😅😅,2025-04-19 10:04:53+00:00,positif
"jutaan rkyt menangis kau g perduli,,,,,bahkn tertawa senang "" di atas darah rkyt",2025-04-19 10:02:11+00:00,negatif
Dasar manusia sampah aja di korup,2025-04-19 10:01:54+00:00,negatif
PEMERINTAH ISINYA MAYORITAS BAJINGAN SEMUA(MENURUT SAYA 93%),2025-04-19 10:01:23+00:00,negatif
😅yaelah pas korupsi saja kaga nangis . . .Ko pas ketangkap mewek,2025-04-19 10:01:19+00:00,negatif
hee heee hee heee🐶🗿,2025-04-19 10:01:18+00:00,netral
pertanyaannya makanan apa yang dimakan anak dan istrinya bapak tersebut?,2025-04-19 08:49:27+00:00,netral
nenek moyang ku seorang pelaut ✖️nenek moyang ku seorang koruptor ✅,2025-04-19 08:46:39+00:00,positif
yg bener aja 🗿,2025-04-19 08:45:15+00:00,positif
Pakah yg bgni yg ngaku berijazah 😂😂😂,2025-04-19 08:43:52+00:00,negatif
"ga ngerti gw, yg dh bnyak duit masih aja korup😩",2025-04-19 08:42:52+00:00,negatif
"buset 75,9 m pgin apa"" keknya tingal beli ya enak bner hidupnya",2025-04-19 08:41:51+00:00,negatif
negara apasih😭😭😭😭,2025-04-19 08:40:30+00:00,positif
lah anaknya makan brati tangkap jg dong😏,2025-04-19 08:40:11+00:00,netral
teu kudu leweh jirrr rujit🤧,2025-04-19 08:38:19+00:00,negatif
lah kocak,2025-04-19 08:36:54+00:00,negatif
"wkwkkwk dr haji, zakat sampe sampah di korupsi, t*i doang yg ga di korupsi🤣",2025-04-19 08:36:10+00:00,negatif
et girang amat pak😂,2025-04-19 08:36:07+00:00,positif
astaga..... sampah kok di korupsi 😏😏,2025-04-19 08:35:03+00:00,negatif
nagis itu 😂😂😂😂😂😂😂😂😂😂😂😂😂😂😂😂😂😂😂😂😂😂😂😂😂😂😂😂😂😂😂😂😂😂😂😂😂😂😂😂😂😂😂😂😂😂😂😂😂😂😂😂😂😂😂😂😂😂😂😂😂😂😂😂😂😂😂😂😂😂😂😂😂😂😂😂😂😂😂😂😂😂,2025-04-19 08:31:58+00:00,negatif
sandiwara...drama kolosal...🤣🤣🤣,2025-04-19 08:31:27+00:00,netral
😂,2025-04-19 08:31:26+00:00,positif
itu suara nangis atau ngeung ngeung motor?🤣🤣,2025-04-19 08:29:48+00:00,negatif
"enak bgt minta di bebasin,klo gitu suruh bayar ganti rugi nya skrg juga",2025-04-19 08:29:47+00:00,negatif
kocak bgt nangisnya🤣🤣,2025-04-19 08:29:40+00:00,netral
nanges di jejeli telepong mah,2025-04-19 08:28:39+00:00,negatif
tangis bahagia,2025-04-19 08:26:29+00:00,positif
🤣🤣🤣🤣🤣🤣🤣,2025-04-19 08:25:49+00:00,positif
🤣🤣🤣🤣🤣🤣,2025-04-19 08:23:43+00:00,positif
"ini beneran nangisnya kayal gt, 😂😂😂 lawak bgt sumpah",2025-04-19 08:22:50+00:00,negatif
Makan apa anak sm istrinya 75m?,2025-04-19 08:21:15+00:00,netral
Yg nangis jejelin sampah 😒,2025-04-19 08:20:46+00:00,netral
😂😂😂😂😂,2025-04-19 08:20:45+00:00,positif
"belum juga 100 miliar, minimal 1 T lah, dikit bet",2025-04-19 08:20:36+00:00,negatif
sekali-kali angota DPR diperiksa lah,2025-04-19 07:24:58+00:00,negatif
untung gk dikasih makan belatungnya,2025-04-19 07:24:57+00:00,negatif
gaji kabid emg kurang ya?? gimana yg bagian lapangan ya klo kabidnya aja merasa kurang😅,2025-04-19 07:24:55+00:00,negatif
baca caption wahai orang paling ngebet komen tanpa mikir,2025-04-19 07:24:45+00:00,negatif
"makan ap tu anak istri mu sampai 76,9 milliar.makan emas atau mutiara kan..brrti memang rakus anak istrimu😂😂",2025-04-19 07:23:53+00:00,negatif
bedalah pengangkut sampah mah urusan orgnya sama warga2nya. KLO pngangkut sampah dinas gajinya 3 juta,2025-04-19 07:23:19+00:00,negatif
Duit segitu buat kasih makan anak istri? Buat ngasih makan gundik yg disetiap provinsi ada kali,2025-04-19 07:23:14+00:00,netral
Nanges ae pakkkkkk 😭 anakku ya bisa,2025-04-19 07:23:12+00:00,netral
Masya Allah 😭😭,2025-04-19 07:23:01+00:00,positif
🤣🤣🤣🤣,2025-04-19 07:22:11+00:00,positif
tangisan penuh uang haram😅,2025-04-19 07:22:04+00:00,positif
. padahal tunjangannya 23 juta. gajinya 5-6 jutaan .,2025-04-19 07:21:35+00:00,negatif
aturlah... gua udah bosen liat beritanya... di beritain doang ga ada efek jerahnya 🤣🤣🤣,2025-04-19 07:21:23+00:00,negatif
Badan doank gede..😂,2025-04-19 07:21:22+00:00,netral
75.9 M untuk makan??? apalah kita yg mati² an uang 20 rb kudu cukup bkn cmn buat makan doang! tolong lah!!!!! capek! alasan nya ga masuk!,2025-04-19 07:19:19+00:00,negatif
"76 Miliar mah bukan Makan, tapi MAKAN!!!",2025-04-19 07:18:47+00:00,negatif
kok nangis pak 😂lucu,2025-04-19 07:18:40+00:00,netral
"uang utk kemaslahatan kota dan daerah pun di embat utk nafsu, benar2 b###$@t",2025-04-19 07:18:38+00:00,negatif
memang kasihan anak-anak nya. bebaskan aja. #prabowokasihananakkoruptor 😳😳😳,2025-04-19 07:18:33+00:00,negatif
😂😂😂😂😂😂😂,2025-04-19 07:18:19+00:00,positif
"sedih x tangisannya buk, lebih sedih lagi anak bangsa merantau kekamboja sampai diambil ginjalnya",2025-04-19 07:18:05+00:00,negatif
@Pesona Indonesia,2025-04-19 07:18:00+00:00,positif
Dia nangis karna takut disita asetnya 😅,2025-04-19 07:16:55+00:00,negatif
Kaya suara rubah😂,2025-04-19 07:15:27+00:00,positif
😂😂,2025-04-19 07:15:23+00:00,positif
"emang makan anak dan listrinya pasti lobster alaska dan caviar. yang bener aja buat makan 75,9M",2025-04-19 07:15:14+00:00,netral
kenapa harus di pnjara ..KASIAN TAU PAK,2025-04-19 07:15:11+00:00,negatif
sampah nya yg mana,2025-04-19 07:15:01+00:00,positif
Aaiiirrrr mata buayaaa👹,2025-04-19 07:14:37+00:00,negatif
"temennya ga ada apa pak
makan doang milyaran",2025-04-19 07:29:55+00:00,negatif
ibk maaf waktu ibk ambil untuk makan senang jalan ibk tdk terkejut tdk menangis marah bertanya klu saya terkejut tibah mendadak banyak dapat uwang setelah ketauwan baru ibk nangis karna tdk bisa enk2,2025-04-19 07:29:22+00:00,negatif
Suara tikus kejepit😅,2025-04-19 07:28:01+00:00,positif
anak istri cenah,2025-04-19 07:26:19+00:00,negatif
"Inilah lirik lagu ciptaan Leo Waldy,Tak ada gunanya menangis lagi, buang air mata yang tiada arti🤣🤣🤣🤣🤣🤣",2025-04-19 07:25:50+00:00,negatif
giliran di tangkep aja nangis nangis 😒,2025-04-19 07:25:45+00:00,netral
nangisin apa coba😶😶,2025-04-19 07:25:22+00:00,positif
HAHAHAHAHAHAHAHAHAHHAHAHAHAHAHAHAHAHHAHAHHAHAHA😂😂😂🤣🤣🤣🤣🤣,2025-04-19 07:25:19+00:00,positif
dikit banget korubsi nya😹😹😹,2025-04-19 07:25:06+00:00,negatif
makanya apaaan smpe segitu banyak,2025-04-19 06:59:28+00:00,netral
semua dana dibidang apapun mudah dan semua dikorupsi TDK ada yg selamat sangkin boubrouknya indo,2025-04-19 06:59:15+00:00,negatif
"ketauan nangis2
trikk bandit dr lahir🤣🤣🤣",2025-04-19 06:58:49+00:00,netral
"YG BIKIN JUDUL SIAPAA, GUA TANYA?!!! . Masa gue reflek ""diih ngapain k*r*psi sampah, ambil nih di rumah gue banyaaak""",2025-04-19 06:58:43+00:00,negatif
🤣🤣🤣🤣,2025-04-19 06:58:33+00:00,positif
ini menunjukan orang Indonesia tingkat kreatifitas nya tinggi bgt .... sampah pun BS JD ladang korup 😂😂😂,2025-04-19 06:58:24+00:00,negatif
anak istrinya makan mercy?,2025-04-19 06:56:55+00:00,negatif
🤣🤣🤣,2025-04-19 06:56:48+00:00,positif
"Capek bgt tinggal di negara ini yaallah setiap hari harus nonton banyaknya kasus korupsi, pngen pindah negara tp aku hanyalah butiran debu😭😭",2025-04-19 06:56:42+00:00,negatif
gliran di minta pertanggung jwaban nangis luh minta blaskasihan.. dlu bringas makan uang haram.. 😁,2025-04-19 06:56:27+00:00,negatif
"ga heran, masyarakatnya juga gitu, ayah saya punya mesin pengolah sampah, sudah disediain tinggal rutin kasi uang sewa buat biaya perawatan mesinnya, hasilnya? u know lah negeri konoha",2025-04-19 06:55:48+00:00,negatif
buat makan anak istri ye,2025-04-19 06:55:26+00:00,positif
🤣,2025-04-19 06:55:20+00:00,positif
"75.9 milyar buat makan anak istri doang, buat makan doang ya, apa gk sakit perut anak istrinya tuh makan duit hasil korup 🙂🙂",2025-04-19 06:53:53+00:00,negatif
heran bgt kalau udh jelas terbukti kok masi ngemis dibebasin😌,2025-04-19 06:53:39+00:00,negatif
"trus yang terpaksa nyuri untuk makan keluarga hingga ada yang sampai dimasa gimana kabarnya pak, anda korupsi segitu banyak lo",2025-04-19 06:53:18+00:00,negatif
waduh 75 m.....curi ayam harga 500 ribu babak belur,2025-04-19 06:53:16+00:00,negatif
kasian njirrr,2025-04-19 06:52:49+00:00,netral
🤣🤣🤣🤣🤣🤣🤣,2025-04-19 06:51:57+00:00,positif
"sdh giliran di tangkap nangis...🤔
waktu makan uang ya...ketawa ketiwi... shoping tujuh keliling..😅",2025-04-19 06:51:54+00:00,negatif
pantes kalo lewat Tekno arah pasar Serpong banyak mobil sampah pada ngantri ternyata duit nya di korupsi,2025-04-19 06:51:32+00:00,negatif
75 M utk mkn itu ga hbis 7 turunan pak,2025-04-19 06:51:26+00:00,positif
🤣🤣🤣🤣🤣🤣🤣🤣,2025-04-19 06:51:11+00:00,positif
😭😭😭😭😭😭😭,2025-04-19 06:50:58+00:00,positif
hadeuhh,2025-04-19 06:50:48+00:00,netral
😅,2025-04-19 06:50:24+00:00,positif
oh jadi dia orangnya,2025-04-19 06:49:18+00:00,positif
Sudah cape ..liat berita korupsi...,2025-04-19 06:14:23+00:00,negatif
buang sampah aj kira2 gmn ya biar adil... bikin susah rakyat aj org kyk gini,2025-04-19 06:13:58+00:00,netral
🤣🤣🤣,2025-04-19 06:13:42+00:00,positif
kata nyah priseden kita mau rubah indonesia yang haus korupsi tapi mana sampe skrng masih ajj banyak tikus” yang porupsi,2025-04-19 06:12:29+00:00,negatif
kaya ada sura tuyul nangis,2025-04-19 06:12:16+00:00,netral
🤣🤣🤣,2025-04-19 06:12:09+00:00,positif
soundnya boleh nih di custom😜 yok ahh @ekagustiwanaputra,2025-04-19 06:11:56+00:00,netral
duitnya ga sedikit boss....gimana ini hukuman terlalu ringan klr juga masih kaya,2025-04-19 06:11:56+00:00,negatif
seperti hrs di perbaiki ahlak deh banyak banget pd korupsinya,2025-04-19 06:11:54+00:00,negatif
😂😂😂,2025-04-19 06:11:45+00:00,positif
"hikssss tangisan nya itu punya arti...g gak bisa shoping makan enak gak bisa jelong"" ke luar negeri lagi paaaaaaaa😂😂😂😂😂",2025-04-19 06:10:50+00:00,negatif
@pumyyy sampah kantor mahal ya dek🤔,2025-04-19 06:10:29+00:00,positif
🙃🙃🙃🙃🙃,2025-04-19 06:10:18+00:00,positif
mungkin kalo .. sarapan dia ke Singapura..nanti mkn siang nya ke jepang ..mkn MLM nya di Belanda 😂,2025-04-19 06:09:49+00:00,negatif
"sampah doang sih wkwkwkww
negara gak kekurangan duit bos
pantes negara gak maju maju
sampah aja diurusin
nebang kayu 3 tahun
maling ayam 5 tahun
protes kepresidenan 7 tahun
awokawok
negara sakit apa dh sampe begitu nya",2025-04-19 06:09:32+00:00,negatif
"padahal lu punya uang lu aman bro disini ,kan biasanya suka di siap upp",2025-04-19 06:09:31+00:00,netral
75.9M buat makan? aing makan sebulan less than 500k bisa 😭😭😭,2025-04-19 06:09:05+00:00,negatif
kalau didaerah kami sei sikambing hrs byr 20 ribu KL nambah orang nambah uang sampah,2025-04-19 06:09:03+00:00,negatif
Ya Allah … biasanya yg d angkat jd pejabat yg jago2 korupsi kali ya… biar bisa setoran 🙏🤣🤣,2025-04-19 06:08:56+00:00,negatif
saat korupsi adem Ayem... giliran di tangkap glarongan....😎,2025-04-19 06:08:51+00:00,negatif
nangisnya kyk kuntilanak 😭😭😭😭,2025-04-19 06:08:28+00:00,netral
Kok ga takut ya ngasih makan keluarga dri hasil korup,2025-04-19 06:07:54+00:00,negatif
"China udah nyiptain Kawasaki corleo, disini koruptor makin makin",2025-04-19 06:06:44+00:00,negatif
mungkin cuma petir dan puting beliung dan badai yg ga bisa di korup diindo🤭,2025-04-19 06:05:47+00:00,negatif
"wahh klo pak pres lihat pasti langsung bebas ini ,
karna undang undang kasian dan belasungkawa",2025-04-19 06:05:24+00:00,negatif
"75M buat makan sekeluarga?😳😳😳
makan sate megalodon kale🦈🦈",2025-04-19 06:04:03+00:00,negatif
emas x dimakan atau uranium 🤣🤣,2025-04-19 06:03:59+00:00,positif
saking bahagia sampai nangis,2025-04-19 06:03:58+00:00,positif
"untuk sebuah bangsa,darahnya halal... maka laksanakan",2025-04-19 06:03:50+00:00,negatif
ahahaha nangess kan,2025-04-19 06:03:38+00:00,netral
75M itu sudah bisa makan enak dan kenyang tiap hari,2025-04-19 06:03:31+00:00,positif
sampah aja di korup apalgi taik ya nnt,2025-04-19 06:02:52+00:00,negatif
Gan.. kasian Gan.. 😔🫴🐊,2025-04-19 06:02:30+00:00,netral
"ga mungkin sampah dikorupsi, uang hasil dari sampah deh kayaknya, masak sih doyan sampah 🧐",2025-04-19 06:02:30+00:00,negatif
ko bisa sampah korupsi sampah?,2025-04-19 06:02:01+00:00,negatif
kasian kalo buat anak istri bebasin aja 😔,2025-04-19 06:00:49+00:00,netral
air mata buaya....,2025-04-19 05:59:57+00:00,netral
sampah yg di korupsi apanya?? mohon penjelasan,2025-04-19 05:58:34+00:00,negatif
"75,9 miliar buat makan😕",2025-04-19 05:57:09+00:00,negatif
😂😂😅,2025-04-19 05:56:23+00:00,positif
Negara lain sibuk atur strategi dagang Konoha masih sibuk bersih² koruptor,2025-04-19 05:55:54+00:00,negatif
🤣🤣 lucunya,2025-04-19 05:55:05+00:00,positif
"75,9 miliar hanya tuk makan anak & istri..... ?? maling nangisin maliing 😂😂😂😭😭😂",2025-04-19 05:55:00+00:00,negatif
"nangis krn ketahuan, kl blm ketahuan masih keyawa😃😃😃😃",2025-04-19 05:53:51+00:00,netral
🤣🤣🤣🤣🤣🤣🤣🤣😅😅,2025-04-19 05:53:48+00:00,positif
🤣🤣🤣🤣🤣😅😅😅🤣🤣🤣,2025-04-19 05:53:45+00:00,positif
"koq nangis ? nyesel ya knpa cuma ngambil cuma 75 M? coba 180 T gitu ya .toh hukumannya juga g beda"" jauh sm yg ngambil ratusan T..😁😁",2025-04-19 05:45:12+00:00,negatif
😂😂😂😂😂,2025-04-19 05:45:04+00:00,positif
udh habitat tikus ditempat sampah,2025-04-19 05:44:47+00:00,negatif
negara peringkat 99 dari 100 😅..,2025-04-19 05:44:43+00:00,positif
🤣🤣mewah,2025-04-19 05:44:24+00:00,positif
PANTESAN HAMPIR SEMUA PASAR DI TANGSEL SAMPAHNYA SAMPAI MENGGUNUNG YAA.. TERNYATA DANANYA OLEH KABID KEBERSIHAN NYA BUAT MAKAN ANAK BHINI NYA 👏👏👍👍,2025-04-19 05:44:09+00:00,negatif
Mirip sinetron di INDOSIAR 😅,2025-04-19 05:43:34+00:00,netral
Awalnya gua Kirain suara penyanyi orchestra anyingg😭🗿,2025-04-19 05:42:48+00:00,netral
kirain bukan suara nangis😭,2025-04-19 05:42:07+00:00,negatif
🤣🤣🤣🤣🤣🤣🤣,2025-04-19 05:41:23+00:00,positif
@˃ᴗ˂ @Mey @lulu🍭 @0% @Nisa Maulida @AL_Yapindo 😌,2025-04-19 05:40:47+00:00,negatif
Sampah korupsi sampah jadinya sampah,2025-04-19 05:40:26+00:00,negatif
"pantes Tangsel kotor banget, di korupsi dana nya 🗿",2025-04-19 05:39:47+00:00,negatif
"siapa itu yg nangis si? segala nangis, kmrn pas make duit nya anteng2 aja ☺️",2025-04-19 05:39:44+00:00,negatif
banyak bngt koruptor di negara kita😩 kapan bisa ky negara lain yg smua dijamin..korupsi aja bnyk bngt bisa utk kemakmuran rakyat,2025-04-19 05:38:53+00:00,negatif
🤣🤣🤣🤣🤣🤣🤣🤣,2025-04-19 05:38:28+00:00,positif
😂😂😂😁😁😁😁😁😁😂😂😂😂😂😂😂😂😂,2025-04-19 05:38:09+00:00,positif
wkk,2025-04-19 05:38:00+00:00,positif
😂,2025-04-19 05:37:41+00:00,positif
"maka nya jgn banyak nuntut sama suami ,biar suami nya ga gragas cari nafkahnya ,suami agek Meleng dikit ingatin
pak pulang bawa uang halal ya bilang gitu ,klu dah gini nangis ajj
ingat Bu keburukan itu pasti ketauan , semua tidak ada yg abadi , kebohongan akan menghancur kan hidup selama nya",2025-04-19 05:37:20+00:00,negatif
9M tak ganti,2025-04-19 05:36:41+00:00,positif
"75,9 miliar itu duit yah",2025-04-19 05:36:10+00:00,negatif
semoga diberikan kekuatan untuk ybs & kluarga,2025-04-19 05:35:48+00:00,positif
tenang buuu uang masih bnyak d bank biar bpk d bui asal ibu n anak terjamin duit banyak😅😅😅,2025-04-19 05:35:36+00:00,netral
yang korupsi sampah melebihi sampah,2025-04-19 05:34:59+00:00,negatif
"pejabat2, kita rakyat susah payah, jungkir balik, kehujanan kepanasan cr uang, byr pajak . malah kalian embat uangnya.eh...payah.tau kah kalian, kalian sdh nikmati keringat org2 susah.",2025-04-19 05:34:53+00:00,negatif
Nangiss air mata buayaa y emak,2025-04-19 05:34:48+00:00,netral
makan duit ny ketawa tawa..ketauan korupsi di tangkep nagis.. 😂,2025-04-19 05:34:28+00:00,negatif
ksh sound dawai biar cocok 🗿,2025-04-19 05:34:19+00:00,netral
menuju Indonesia terlelap,2025-04-19 05:33:48+00:00,negatif
🤣🤣🤣🤣,2025-04-19 04:42:54+00:00,positif
"75,9m buat makan 😂😂😂😂, orang biasa aja 2.5jt masih bisa 1 kluarga/bulan, alasan buat makan ckckckx",2025-04-19 04:42:24+00:00,negatif
betapa rakusnya pejabat konoha sampai sampah aja di korupsi 😏,2025-04-19 04:41:11+00:00,negatif
pasti pak presiden sedih Karna anak istri koruptor terlantar kata nya🤩🤩🤩,2025-04-19 04:41:08+00:00,negatif
@thedarkpage666,2025-04-19 04:40:37+00:00,positif
Sampah?? Dikorupsi apanya sih guys? 😱 duhh negaranya mau dibawa kemana??😭,2025-04-19 04:40:17+00:00,negatif
75m🗿,2025-04-19 04:38:24+00:00,positif
bagaimana anak istri nya apa pantas menderita,2025-04-19 04:38:24+00:00,positif
Uang segitu bisa buat pltsa pak 😂,2025-04-19 04:38:10+00:00,positif
😁😁😁😁😁,2025-04-19 04:37:37+00:00,positif
"pantes 💩 kuning mulu makan'nya aja sekelas 75,9 M😌",2025-04-19 04:37:34+00:00,negatif
sampah gpp x kan biasanya di buang KLO sampah #😂kta gw yg ga ngerti😂,2025-04-19 04:37:17+00:00,netral
"korup kalau aman ketawa"" giliran ketangkep nangis...anjirrr",2025-04-19 04:37:14+00:00,negatif
ini yg bener tulisannya SAMPAH atau SAMPAI ?,2025-04-19 04:36:18+00:00,negatif
makan emas batangan kah,2025-04-19 04:36:02+00:00,netral
ngeri kali bah,2025-04-19 04:35:35+00:00,negatif
"75,9 M coyyy itu buat makan anak istri 100 tahun? 🗿",2025-04-19 04:35:32+00:00,negatif
Wah parah niii....ujung2nya mewek niihh... 🙄🙄🙄,2025-04-19 04:33:54+00:00,negatif
astagaaa sampe Dana Sampah pun dikorupsi 😀😀😀. ini manusia apaaaaa cobaaaaa 😂,2025-04-19 04:33:01+00:00,negatif
klo hp kudu di reset ulang ni negara,2025-04-19 04:31:23+00:00,negatif
makanan apaan njir segitu? batu bara?,2025-04-19 04:31:06+00:00,netral
sound nya gak asing 😁,2025-04-19 04:30:48+00:00,negatif
sampah aja bisa dikorupsi 😭😭👍,2025-04-19 04:30:43+00:00,netral
kukira suara burung hantu ternyata suara manusia 🤣,2025-04-19 04:30:34+00:00,negatif
cup cup😆😆😆😆,2025-04-19 04:30:30+00:00,positif
"😭😭😭😭😂😂😂😂😂😭😭😭😭😂😂
dia nangis apa ngakak??",2025-04-19 04:30:17+00:00,negatif
"Bebaskan pak kasian cuman 75m doang kok, kasian anak istrinya gada yg nafkahin lagi",2025-04-19 04:29:46+00:00,negatif
"75,5 miliar untuk ngasih makan anak istri, anak istri elu nyemilin kayu jati?",2025-04-19 04:28:47+00:00,negatif
"coba cek DLH nya kalsel, siapa tau juga korup soal nya sampah membludak😂😂",2025-04-19 04:28:09+00:00,negatif
makan emas kali tu orang sampai 75M🤣,2025-04-19 04:27:41+00:00,positif
😌,2025-04-19 04:27:04+00:00,positif
makan apa dia anj* 75.9 M!,2025-04-19 04:26:57+00:00,negatif
kasian bangaatt🥺🥺,2025-04-19 04:26:48+00:00,netral
ibu knp nangis? kmaren pas lg menikmati.uangnya hrs nya nangisnya,2025-04-19 04:26:35+00:00,negatif
waktu korupsi bahagia hidup serba kecukupan gilaran ke tangkep nangissssss,2025-04-19 04:26:18+00:00,positif
ang ang ang angg,2025-04-19 04:25:40+00:00,netral
sound baru ini,2025-04-19 04:25:28+00:00,positif
"makanyA knp manusia itu hrs bnyk bersyukur . jgn takut gak makan pak,hidup kita udah ada yg atur rejekinya",2025-04-19 04:25:14+00:00,negatif
ang ang ang😭,2025-04-19 04:25:04+00:00,positif
dikit lagi 💯 tuh,2025-04-19 04:23:43+00:00,negatif
kata Prabowo lepaskan saja kasihan anak anaknya,2025-04-19 04:23:33+00:00,negatif
"syahadat,shalat sama puasa doang kyknya yg blm dikorupsi sma negara kocak ini",2025-04-19 04:23:31+00:00,negatif
sampah bener2 sampahpun dikaraupsi konohaa😂😂😂😂😭😭😭,2025-04-19 04:23:15+00:00,negatif
mirip kuntilanak suara nangisnya 🗿,2025-04-19 04:23:04+00:00,netral
coba cek kab sukabumi,2025-04-19 04:22:22+00:00,netral
pantesan persampahan di Banten ga prnah beres,2025-04-19 04:22:16+00:00,negatif
kek hasto waktu nangis wkwk,2025-04-19 04:22:15+00:00,netral
"75,9m makan apaan? wagyu a5 tiap hari gitu?",2025-04-19 04:21:53+00:00,negatif
Makan apatu sampai miliaran 🫣,2025-04-19 04:21:50+00:00,negatif
🤣🤣🤣🤣🤣🤣🤣🤣🤣🤣🤣🤣,2025-04-19 04:18:29+00:00,positif
Min bisa di coba soundnya @Pesona Indonesia,2025-04-19 04:04:32+00:00,positif
habis ini sound nya dipake ya min 😌 @pesonaindonesia,2025-04-19 04:03:49+00:00,netral
"bagi"" pak 😅",2025-04-19 04:03:00+00:00,netral
"makan apa ya sampe 75,9M",2025-04-19 04:02:57+00:00,netral
boti 🗿,2025-04-19 04:02:26+00:00,positif
@elsa/a @🦢,2025-04-19 04:00:23+00:00,positif
"mkn uangnya enak"" kan giliran suaminya di pegang nangis seluruh dunia denger nangisnya pas seneng"" mkn duit negara ko ga gemeter ga namgis bu pak hadeeeeeeeeeeeehhh kelakuan emamg pejabat 🤪😇🙃",2025-04-19 04:00:16+00:00,negatif
Gimana mau makmur NKRI😡bny koruptornya☝️,2025-04-19 04:00:07+00:00,negatif
@ꦨꦃꦠꦶꦲꦂ,2025-04-19 03:58:11+00:00,positif
ihhhhh,2025-04-19 03:57:13+00:00,netral
🤣🤣🤣bebaskan tapi di masa mau gk..enak aja SDH makan uang rakyat minta bebas...,2025-04-19 03:56:40+00:00,negatif
bagus kasih @pandawaragroup duitnya🙂🔥,2025-04-19 03:55:58+00:00,positif
berrti imbas dari SAMPAH sangat hebat..maka itu..kita harus peduli dgn sampah,2025-04-19 03:55:32+00:00,negatif
😂😂😂😂😂,2025-04-19 03:54:08+00:00,positif
"75,9 M....🥺🥺🥺",2025-04-19 03:53:51+00:00,negatif
gw yg makan pake paket ceban sampe kaget 😣🤧,2025-04-19 03:53:38+00:00,negatif
nangis apa seriosa😳,2025-04-19 03:53:25+00:00,netral
tutorial makanin anak istri pake uang🗿,2025-04-19 03:53:16+00:00,positif
nyanyian bukan sekedar nada 😂😂😂,2025-04-19 03:52:15+00:00,negatif
nangisssssssssss,2025-04-19 03:51:58+00:00,netral
"sampe sampah pun dikorup anying, semuanya aja dah dikorup ini mah😂😂",2025-04-19 03:51:07+00:00,negatif
"anak istrinya makan apa Sampek 75,9 miliar 😭😭",2025-04-19 03:48:21+00:00,negatif
Ya Allah Ya Rabb 🌍,2025-04-19 03:47:48+00:00,negatif
buang Nusa Kambangan,2025-04-19 03:47:28+00:00,positif
Halaaahhh bobrok!!,2025-04-19 03:47:19+00:00,negatif
🤣🤣🤣🤣,2025-04-19 03:47:04+00:00,positif
udah di ciduk mewek.waktu makan uang haram nyitir😡😡😡,2025-04-19 03:45:56+00:00,negatif
duit bisa kl kasih ke anak yatim duafa makmur kehidupan nya. hukuman munyg layak 50 tahun,2025-04-19 03:45:54+00:00,positif
"lg nunggu anak kecil nyebrang jalan, jd bs diselamatin trus pindah isekai😂",2025-04-19 03:45:51+00:00,negatif
"kasian pak kalo d tangkap...mereka kan tulang punggung keluarga,,,kalo dia d tangkap,anak istrinya nanti mkn apa??? 😌😌",2025-04-19 03:45:12+00:00,negatif
tenang pa anak bapa d lindungi istana kata bapak perabowo 😁😂😁,2025-04-19 02:48:15+00:00,positif
koruptor miskin kan,2025-04-19 02:47:36+00:00,negatif
😂😂😂..makan lumpur Lapindo paling 😂😂,2025-04-19 02:47:14+00:00,positif
"yoalah melase....,,😏",2025-04-19 02:47:01+00:00,negatif
Yg nangis berisik deh diem dulu,2025-04-19 02:46:31+00:00,negatif
menyala banget indonesiaku 🥰,2025-04-19 02:46:28+00:00,positif
untuk makan 50rb ckup,2025-04-19 02:45:17+00:00,positif
busyet istri nya makan caviar ama trouffle trus tu +daging wahyu🗿,2025-04-19 02:44:11+00:00,negatif
🤣🤣🤣,2025-04-19 02:44:03+00:00,positif
kecil banget 75 miliar🗿 minimal 1 T,2025-04-19 02:43:49+00:00,negatif
Ok gas ok gas🤣🤣,2025-04-19 02:43:38+00:00,netral
🤣🤣🤣🤣🤣,2025-04-19 02:43:28+00:00,positif
"teryata utang negara buat d korupsi pejabatnya ,bukan untuk menyejahterakan rakyat😭😭😭",2025-04-19 02:43:25+00:00,negatif
mm gusti,2025-04-19 02:42:20+00:00,positif
kasian anaknya kalau beliau di tangkap 😅,2025-04-19 02:41:51+00:00,netral
sampah aj bikin kaya,2025-04-19 02:41:23+00:00,netral
pake gih sound nya @Pesona Indonesia,2025-04-19 02:41:20+00:00,positif
definisi ngasih duit makan keluarga pake sampah 😅,2025-04-19 02:41:15+00:00,netral
So what Happen,2025-04-19 02:40:55+00:00,netral
😂😂😂😂😂😂😂😂😂😂😂,2025-04-19 02:40:42+00:00,positif
Ini kayak nangis pgn beli balon gasih,2025-04-19 02:40:10+00:00,negatif
😁😁😁😁,2025-04-19 02:39:46+00:00,positif
Waktu menikmati uang 76 Miliar pasti ketawa2 terus bersama semua keluarganya 😅 Bisnis Sampah di LN juga sangat besar dari segi Uang. Makanya bisa dikorupsi besar2an,2025-04-19 02:37:47+00:00,negatif
"Ku kira tadi suara emak"" yg nangis🤣",2025-04-19 02:37:29+00:00,negatif
sydih bwanget 😭😫😫,2025-04-19 02:37:22+00:00,negatif
apa yg ngak korup ternyata semua ladang cuan. kalo asli orang kerja sampah /rosokan jijik dipandang sebelah mata padahal halal drpd maling,2025-04-19 02:36:35+00:00,negatif
"wkwkwkwk., komedian sepertinya😅😅",2025-04-19 02:35:56+00:00,positif
"buset untuk makan anak istri 75,9 miliar, itu buat 7 turunan tanjakan sama tikungan juga cukup😅",2025-04-19 02:35:39+00:00,negatif
badan besar suaranya gitu 🤭,2025-04-19 02:35:06+00:00,negatif
keluarga makan uang haram gak boleh,2025-04-19 02:34:18+00:00,negatif
🤣🤣🤣oleng oleng korupsumu mendengarkan rakyat indonesia khususnya prop banten,2025-04-19 02:34:12+00:00,negatif
hidup ini kadang 2 senang kadang2 sidih .. sabar ya,2025-04-19 02:32:52+00:00,negatif
"kocak pas korupsi gak nangis ,pas d tangkap nangis heran gwe",2025-04-19 02:32:20+00:00,negatif
kasihan 😭😭😭,2025-04-19 02:31:41+00:00,netral
ditangkep nangis ga ditangkep juga abis tuh duit wkwk,2025-04-19 02:31:16+00:00,negatif
"sampah pun dikorupsi, apalah",2025-04-19 02:30:39+00:00,negatif
@derainy @Ilovedonaldtrump 😂,2025-04-19 02:30:37+00:00,negatif
lagi berdoa itu 😁,2025-04-19 02:29:53+00:00,positif
"tombol pilih negara ini d reset ulang. pejabatany sudah PDA salah langkah. berlomba"" ingin menjadi pejabat tapi niatnya untuk saling korup.",2025-04-19 02:29:22+00:00,negatif
sound nya bikin ngakak di pojokan 🙈🙈😅,2025-04-19 02:29:08+00:00,netral
dikira td suara nyamuk 😅,2025-04-19 02:28:37+00:00,negatif
Bukan maen,2025-04-19 02:28:28+00:00,negatif
waduh🧐,2025-04-19 02:28:16+00:00,positif
dia malah yanyi melody 🤣,2025-04-19 02:26:22+00:00,netral
sampah aja dikorupsi ?? 🤣🤣🤣bner2 melebihi tikus😌😌😌,2025-04-19 02:25:42+00:00,negatif
"Demi Gengsi Kluarga dalam kehidupan bermasyarakat seorang Ayah harus Rela menanggung Resiko,dunia & Akhirat.",2025-04-19 02:25:29+00:00,positif
cup cupp cuup udah jangan nangis ya paak cup cup,2025-04-19 02:25:23+00:00,netral
sampah aja di korup jir 🙈🙈🙈,2025-04-19 02:24:59+00:00,negatif
air mata buaya🐊🐊🐊 biar kesannya menyesal prettt,2025-04-19 02:24:59+00:00,positif
bnyak pengangguran merajalela,2025-04-19 02:23:22+00:00,negatif
harus ada ketegasan hukum .klo mau indonesia sejahtera ..,2025-04-19 02:23:08+00:00,negatif
hadeuhhhhhh,2025-04-19 02:22:52+00:00,netral
baru sampah..coba perijinan perijinan yg udah terbit dicek juga..pejabat2 sampah ngeruk banyak duit dari perijinan..,2025-04-19 02:22:14+00:00,negatif
ni negera di reset jd mode pabrik bs ga si,2025-04-19 02:22:04+00:00,netral
menangis bahagia kah😁,2025-04-19 02:22:03+00:00,positif
makan apa sampe 75.9 miliar 😅😂🤭,2025-04-19 02:21:31+00:00,negatif
kasihan anak istri nya yang tak berdosa 🗿,2025-04-19 02:21:30+00:00,negatif
😂😂😂,2025-04-19 02:15:43+00:00,positif
"buseh 75,9, itu perut anaknya sekelas paus biru kah?",2025-04-19 02:14:16+00:00,negatif
😂😂😂,2025-04-19 02:13:28+00:00,positif
Anjrr soundnya 🤣,2025-04-19 02:13:08+00:00,positif
"anjir 75,9m bukan ribu😂😂buat makan keluarga 😂😂 terus rakyat yang sampe nyuri pisang gimana kabarnya 😂😂",2025-04-19 02:12:19+00:00,negatif
tangisanmu penuh arti...,2025-04-19 02:12:01+00:00,positif
"75 milliar BUAT MAKAN?
buat berapa turunan itu?",2025-04-19 02:11:55+00:00,negatif
"Sumpah makan apaan 75,9M ?",2025-04-19 02:11:28+00:00,negatif
hadeh,2025-04-19 02:11:10+00:00,negatif
ikhlaskan aja pak..cuma 75 milyar ngak membuat kita muskin😂😂😂,2025-04-19 02:10:09+00:00,negatif
"makan apa 75,9 miliar",2025-04-19 02:09:14+00:00,negatif
"Mahal ya pak makan anak istrinya , sampe 75,9 miliyar, itu makannya di Luar negeri ya pak ? Sembari shopping",2025-04-19 02:09:07+00:00,negatif
Masih untung cuman dipenjara gak dihukum mati,2025-04-19 02:08:59+00:00,negatif
ibu nangis knapa nangis kemarin nikmatin uang nya ketawa ketiwi,2025-04-19 02:08:12+00:00,negatif
apa gak malu semua anggota keluarga nya kl udah begini 🤭🤭🤭🤭,2025-04-19 02:07:50+00:00,negatif
Ngapain nangis ih,2025-04-19 02:07:40+00:00,negatif
negara isinyaa orang² rusak,2025-04-19 02:07:36+00:00,negatif
nangis kurang lucu😀,2025-04-19 02:06:29+00:00,negatif
yang nangis siapa ya,2025-04-19 02:06:07+00:00,positif
"yaelaah...ada lagi...! INGAT BUAT KALIAN PARA PEJABAT,ALLAH TIDAK PERNAH TIDUR,INILAH DOA DAN TANGIS RAKYAT KEPADA SANG KHALID. SATU-PERSATU ALLAH BUKA PERBUATAN KALIAN.",2025-04-19 02:06:01+00:00,negatif
"maksut nya korupsi sampah gimana, sampah nya di sembunyikan gitu",2025-04-19 02:05:54+00:00,negatif
"kasian ya,,, dengernya,, pak jangan di tangkap pak,, kasian anak2nya🤣🤣🤣🤣🤣🤣😂😂
pokoknya jogetin aja",2025-04-19 02:05:09+00:00,negatif
Indonesia harus ganti pemerintah + sama Rakyat’nya juga,2025-04-19 02:05:06+00:00,negatif
"di arak keliling negri...seperti anak pencuri pisang ...waktu itu
nu mewek ni gandeng",2025-04-19 02:05:04+00:00,negatif
WKWKWK LOL,2025-04-19 02:04:57+00:00,positif
bagus banget anak istri di kasih duit yg halal 🤣,2025-04-19 02:04:49+00:00,negatif
mungkin presiden terenyuh dgn tangisan keluarga jd bikin statement seperti kmrn😁,2025-04-19 02:04:25+00:00,negatif
kenapa mewek...ayo di gundulan,2025-04-19 02:04:02+00:00,negatif
semuanya dikorup,2025-04-19 02:03:50+00:00,negatif
vibesnya nangis org sunda🗿🗿🗿,2025-04-19 02:03:48+00:00,positif
makan apaaah ya mon maaap ampe sgtu😩🙏,2025-04-19 01:00:19+00:00,netral
tangsel ga heran,2025-04-19 01:00:04+00:00,negatif
mewek sprt istri yg di madu,2025-04-19 00:59:47+00:00,negatif
Tangsel terkenal kota sampah disana tidak ada tempat penampungan untuk buang sampah sehingga dibuat bisnis para pejabat setempat... silahkan cek kalo gak percaya,2025-04-19 00:59:02+00:00,positif
@Nana,2025-04-19 00:57:36+00:00,positif
hah SAMPAH ¿ gw ulang lagi dg nada dering sampah? serius😭😭😭😭 gilee bener,2025-04-19 00:57:24+00:00,negatif
Itu korupsi 70M++ ke lilit utang kah?🗿,2025-04-19 00:57:14+00:00,negatif
mewek ketahuan 😀😀,2025-04-19 00:57:11+00:00,netral
sound kunti ini. editan ini 🤣🤣🤣,2025-04-19 00:56:20+00:00,positif
🤣🤣🤣🤣🤣🤣🤣🤣🤣🤣🤣🤣🤣🤣🤣,2025-04-19 00:55:53+00:00,positif
sound nya ngakakkkk 😂😂😂,2025-04-19 00:55:21+00:00,netral
aku kira suara puppie,2025-04-19 00:54:58+00:00,netral
seriu dia nangisnya begitu ?,2025-04-19 00:54:52+00:00,negatif
astagfirul sampah pun di korupsi di negri ini 🤦‍♂️🤦‍♂️🤦‍♂️,2025-04-19 00:53:51+00:00,negatif
@pesonaindonesia,2025-04-19 00:53:11+00:00,negatif
yg busuk aja masih doyan 🤣🤣,2025-04-19 00:52:47+00:00,negatif
anak istrinya cuman bisa makan daging wagyu di restoran bintang 10🥲,2025-04-19 00:52:14+00:00,positif
"sampah ae di gasakkk, kebacut",2025-04-19 00:51:23+00:00,negatif
maling kok nangis,2025-04-19 00:50:39+00:00,negatif
g hnis fikri. sampahpun di korupsi. negara apaan ini cook,2025-04-19 00:50:20+00:00,negatif
Kalian tau kan klo 54*_Pah...,2025-04-19 00:50:19+00:00,negatif
"kalo yang nangisnya sampe begini tuh kek ""tumbal"" gitu gak sih?krna dia paling gak ada nilainya/gak punya ordal ky Angelina sondakh dulu.",2025-04-19 00:50:17+00:00,negatif
bisa gk sehari aja w gk liat berita korupsi 😭,2025-04-19 00:50:08+00:00,negatif
"ketahuan aje nangis, kalo gak ketahuan asik"" aje😂😂",2025-04-19 00:48:50+00:00,negatif
🤣,2025-04-19 00:48:41+00:00,positif
nangis karena gak dpt duit lagi dari sampah,2025-04-19 00:47:55+00:00,negatif
ada ibu2 mewek apa gmna sihh🤔,2025-04-19 00:47:39+00:00,netral
maafin aja kasian....,2025-04-19 00:46:47+00:00,negatif
"gmw di tangkap tp berbuat ulah ,minimal minjam uang jgn korupsi",2025-04-19 00:46:15+00:00,negatif
gue kira sound ajim ga taunya lgi nangis🤣🗿,2025-04-19 00:46:00+00:00,netral
bahkan sampah pun di korupsi. yaampun yaampun.,2025-04-19 00:45:09+00:00,negatif
"Korup 75,9m anak istrinya makan apa ya emangnya 🥹",2025-04-19 00:44:56+00:00,negatif
"gw kalau liat tukang sampah itu kasian, knp masih dikorupsi pak
anak istri kasih makan sampah",2025-04-19 00:44:41+00:00,negatif
Pas banget saund 😁😁😁 badan sehat makan cukup karna krupsi,2025-04-19 00:44:11+00:00,netral
bobrok banget ya Allah Indonesia ini...tolong ya Allah basmi korupsi ditanah air tercinta ini Aamiin,2025-04-19 00:43:40+00:00,negatif
mau jadi hakim kaya kang bitna,2025-04-19 00:43:19+00:00,netral
😂,2025-04-19 00:43:01+00:00,positif
apa makanan anak istrix sampe sebanyak itu 😇,2025-04-19 00:42:43+00:00,positif
kasihani istri dan anaknya... nggak adil... kata bapak kita🤣🤣🤣🤣,2025-04-19 00:42:35+00:00,negatif
🤣,2025-04-19 00:41:48+00:00,positif
Uruk di sampah nya aja pa Pendem,2025-04-19 00:41:39+00:00,negatif
😂😂😂,2025-04-19 00:41:00+00:00,positif
🤣🤣🤣🤣🤣🤣lebih sakit maling ayam Masi di salam olaraga,2025-04-19 00:39:56+00:00,negatif
konoha lg rame menuhankan uang sampai lupa yg bukan miliknya wilayahnya pun diembat juga 😭😭,2025-04-19 00:38:55+00:00,negatif
anak istri nya makan emas berlian tiap hari x 🥺🥺🥺 kasian sampe nangis gitu 🥺🥺🥺😃😃😃,2025-04-19 00:38:13+00:00,positif
Ih. Ngga becus nyari duit halal trus dengan enteng mengkambing hitamkan anak istri.,2025-04-19 00:37:57+00:00,negatif
seumur hidup pak..ayo 😁😅😂,2025-04-19 00:36:59+00:00,negatif
korupsi tambah mgila.......,2025-04-19 00:36:33+00:00,negatif
"hukumannya suruh bersihin dan angkut sampah sampai bersih tanpa gajih bersama anak istrinya,amankan",2025-04-19 00:36:27+00:00,negatif
dikit bener,2025-04-19 00:36:01+00:00,netral
😜😜😜😳😳 uuuuuuuuuuu,2025-04-19 00:35:58+00:00,netral
🤪😂😂😂,2025-04-19 00:35:37+00:00,positif
TINGGAL MAHA GURU KORUPTOR BELUM ADA YANG BERANI TANGKAP...,2025-04-19 00:34:19+00:00,negatif
Mewek kau,2025-04-19 00:33:39+00:00,netral
kan cuma smpah biarkan saja,2025-04-19 00:31:49+00:00,negatif
"pertanyaan gw cuma 1 ajah sih. 75,9 M itu dia kasih makan bininya batu bara ape bagaimana?? 😂😂🤣🤣🤣 eettttdahhhhh",2025-04-19 00:30:06+00:00,negatif
ketawa itu,2025-04-19 00:28:05+00:00,netral
"lah
kok ga senyum sambil lambaikan tangan?
kok beda ni koruptor ya",2025-04-19 00:27:14+00:00,negatif
"Haloo mimin @Pesona Indonesia ada sound baru nih,tinggal di jj aja🤣",2025-04-19 00:25:49+00:00,positif
"parah, semua dikorupsi! anj",2025-04-18 19:40:48+00:00,negatif
"lu korup 75,9m kaga nangis??",2025-04-18 19:34:01+00:00,negatif
🗿,2025-04-18 19:28:10+00:00,positif
"skrng nangis ,kmren2 pas nikmatin duit sampah happy2 aja...",2025-04-18 19:19:25+00:00,negatif
makan sampah donk berarti..😳😳😳,2025-04-18 19:18:39+00:00,netral
"Lah, dia malah gonggong 😏",2025-04-18 19:11:41+00:00,negatif
"kata wowo, nanti kasihan anak istrinya 🤣🤣",2025-04-18 19:01:28+00:00,negatif
"andaikan orang2 ini sekolah tinggi jujur, pasti tidak ada orang2 susah di negara tercinta ini🥹",2025-04-18 18:55:25+00:00,positif
berapah tau pisumnya😁?,2025-04-18 18:53:50+00:00,negatif
Istri dan anaknya banyak ya pak? Harus sampe milyaran gitu ngambilnya,2025-04-18 18:41:55+00:00,negatif
Bahkan sampah pun di korup 😭,2025-04-18 18:35:03+00:00,negatif
Tollllllll,2025-04-18 18:31:27+00:00,negatif
music to my ears ❤️,2025-04-18 18:27:12+00:00,positif
😂🤣 ngeri le,2025-04-18 18:26:40+00:00,netral
PEJABAT LAPAR.. SAMPAH AJA DIKORUPSI... TOLOL... 😡,2025-04-18 18:20:32+00:00,negatif
sampah pun mau di korup 🗿,2025-04-18 18:19:48+00:00,negatif
lindungin pak anak dan istri si bapak si koruptor ini kalau bisa abaknya di tanggung sampai tujuh keturunan,2025-04-18 18:18:40+00:00,positif
terharu ih🥲,2025-04-18 18:15:14+00:00,positif
stres ni negara lama²,2025-04-18 18:14:01+00:00,negatif
maling,2025-04-18 18:12:38+00:00,negatif
"apa cuma di sini, ditiap lapisannya ada aja yg korupsi 😭😭",2025-04-18 18:11:54+00:00,negatif
🤭🤭,2025-04-18 18:08:43+00:00,positif
UDAH DI TITIK MUAK LIAT BERITA🙏🏻💔,2025-04-18 18:04:33+00:00,netral
skrg Indonesia apa yg GK dikorupsi gaes?,2025-04-18 18:04:23+00:00,negatif
😅😅😅,2025-04-18 18:03:07+00:00,positif
"lah kaya bocah minta jajan ga di kasih itu ampe begitu.
kemaren waktu korup anteng ya boss😂",2025-04-18 18:01:41+00:00,negatif
"75,9 miliar untuk makan singa kukus, apa pepes gajah?",2025-04-18 17:55:55+00:00,negatif
Mau percya siapa,2025-04-18 17:53:05+00:00,negatif
Kabar buruk setiap hari dikirim oleh negara,2025-04-18 17:50:48+00:00,negatif
Kaya suara tawon jir,2025-04-18 17:35:36+00:00,positif
gua kira lagi bersenandung😭,2025-04-18 17:34:30+00:00,positif
soundnya kaya suara motor resing mau abis bensin🗿,2025-04-18 17:33:17+00:00,netral
Korupsi miliaran suruh di bebasin sedangkan maling ayam 1 di hajar masa,2025-04-18 17:33:17+00:00,negatif
Wkwkwkw🤣,2025-04-18 17:32:25+00:00,positif
"Kim Jong Un tlng jadi presiden Indo sebulan aja, please.. 😁",2025-04-18 17:30:21+00:00,negatif
😭 sampahh aja di korup adohh negara kocak,2025-04-18 17:28:27+00:00,negatif
semakin keren saja setelah ganti presiden😁,2025-04-18 17:27:44+00:00,negatif
infonya 2030 reset ulang dgn nama baru 👍👍,2025-04-18 17:26:09+00:00,negatif
eeeng eeng eeeng eeeng,2025-04-18 17:21:47+00:00,netral
"suara siapa itu menangis
nangis
kyk Indosiar ku menangis 😭",2025-04-18 17:21:39+00:00,negatif
"MAKAN APA SEBANYAK ITUU😭 KAMI AJA SEKELUARGA BER 4 MAKAN 4,5 JT UDAH CUKUP BANGETTTTT",2025-04-18 17:19:46+00:00,netral
anjing menangis seperti manusia,2025-04-18 17:18:09+00:00,negatif
Hidup cuman liat yg korupsi doang🗿,2025-04-18 17:16:12+00:00,negatif
"korupsi tidak akan pernah habis
kalo hukum nya ngga bisa sadis
😁😁😁",2025-04-18 17:14:08+00:00,negatif
"Makan apa sampe segitu istri sama anak nya,bayar pajak cuman buat kaya gini aja😕",2025-04-18 17:13:29+00:00,positif
😂😂,2025-04-18 17:12:52+00:00,positif
🤣🤣,2025-04-18 17:12:24+00:00,positif
75.9 miliar buat makan? 😳😳,2025-04-18 17:12:17+00:00,negatif
sbenarnya dah bbrp x d usahakan di reset tp balik lagi krn mmg kusta kronis,2025-04-18 17:11:58+00:00,negatif
😭😭😭😭ya olooo kok bisa nangis sih dekkk,2025-04-18 17:11:46+00:00,positif
"kok isooo, ndlogok.",2025-04-18 17:11:14+00:00,negatif
suaranya kek uni bakwan nangis 😭😌,2025-04-18 17:10:23+00:00,negatif
sampah saja di korupsi sampe puluhan miliar. pantas Pertamina di korupsi,2025-04-18 17:09:29+00:00,negatif
"muaaaaak,tiap hari lihat maling",2025-04-18 17:08:54+00:00,negatif
Ini bneran negara gua isinya koruptor semua?? Njir 🥹☝🏽,2025-04-18 17:08:06+00:00,negatif
tag yang nangis siapa min .. penasaran aku 😂,2025-04-18 17:07:54+00:00,negatif
lebih kaget sama suaranya,2025-04-18 17:07:05+00:00,netral
"hahahaha ..
pas di tangkap nangis kayak selayaknya orang tdk bersalah 🤣",2025-04-18 17:05:35+00:00,negatif
buat makan Ampe miliyaran,2025-04-18 17:05:12+00:00,netral
@pesonaindonesia sound baru nih min cocok,2025-04-18 16:01:15+00:00,positif
itulah nasib mu. kalau koropsi,2025-04-18 15:59:36+00:00,negatif
makan apa woy 75miliar 😂,2025-04-18 15:58:54+00:00,negatif
Enak bener sdh korupsi miliaran minta di bebas kan,2025-04-18 15:57:49+00:00,negatif
sampah?,2025-04-18 15:54:48+00:00,negatif
Lo pikir jutaan orang di indo ga ngasih makan anak istri?,2025-04-18 15:52:09+00:00,negatif
@Noor~😭😭,2025-04-18 15:49:38+00:00,positif
jangan di penjara kasihan anak istrinya nanti menderita🤣,2025-04-18 15:48:59+00:00,negatif
giliran seneng aja diem2. giliran ketangkep nangis2😹,2025-04-18 15:48:58+00:00,negatif
@auuuwiik @_angell_163,2025-04-18 15:47:44+00:00,positif
puas lo,2025-04-18 15:44:29+00:00,netral
@pesonaindonesia 🥰,2025-04-18 15:41:09+00:00,positif
kocak,2025-04-18 15:35:20+00:00,netral
buat sampah aje di korup 🙃,2025-04-18 15:35:00+00:00,negatif
wkwkwkwkw negeri paling parah pemerintahan nya di seluruh dunia😂,2025-04-18 15:32:45+00:00,negatif
air mata bawang waud,2025-04-18 15:32:08+00:00,netral
Dramaaa pejabats💀,2025-04-18 15:31:51+00:00,netral
miskin kn...,2025-04-18 15:31:23+00:00,netral
huuuuuuu acian nnn🤣🤣🤣🤣,2025-04-18 15:28:59+00:00,negatif
ngenggg ngenggg,2025-04-18 15:28:59+00:00,netral
kirain suara siapa eh ga tau nya dia,2025-04-18 15:26:15+00:00,netral
makan e emang berapa piring ya,2025-04-18 15:26:08+00:00,negatif
dia yg nangis.. saya yg malu. ncookkkk,2025-04-18 15:25:54+00:00,negatif
"makan apa bu sampe 75,9 Miliar. tolong jelaskan kepada kami!!!!!",2025-04-18 15:25:24+00:00,negatif
mkn tuh yang rakyat,2025-04-18 15:24:57+00:00,positif
"Nerima senang minta ampun,ke atas lubang hidung🤪",2025-04-18 15:24:43+00:00,negatif
"Damnnn, it will be the hottest news for my bestie. But i cant tell him this cz he passed last november ☹️",2025-04-18 15:23:13+00:00,negatif
istrinya kq malah tertawa bahagia 🤣,2025-04-18 15:22:31+00:00,positif
Mungkin istrinya 100 😂,2025-04-18 14:23:54+00:00,netral
negara apa sih ini ya allah :(,2025-04-18 14:23:21+00:00,positif
buset 75m buat makan,2025-04-18 14:22:37+00:00,netral
heran,2025-04-18 14:22:11+00:00,netral
kata Prabowo kasihan kalo dimiskinkan 😊,2025-04-18 14:21:52+00:00,negatif
aer mata buaya🤣🤣,2025-04-18 14:21:41+00:00,negatif
gw kira suara apaan..,2025-04-18 14:21:16+00:00,netral
pengen banget lihat meteor nabrak gedung DPR 🥰🥰🥰,2025-04-18 14:21:13+00:00,negatif
Sampahnya pindahin ke rumahnya woy🪓,2025-04-18 14:21:13+00:00,negatif
jir,2025-04-18 14:21:01+00:00,netral
bagus deh dia nangis... tanda dia menyesal... ada yg udah korupsi malah senyum-senyum menyapa wartawan.,2025-04-18 14:20:26+00:00,negatif
bagus banget vocal nya cocok masuk yg enterteiment,2025-04-18 14:20:10+00:00,positif
Apapun bisa jadi ladang korupsi,2025-04-18 14:20:05+00:00,negatif
jgn kabid yg d tangkp tp boz nya jg,2025-04-18 14:19:32+00:00,netral
halah,2025-04-18 14:17:32+00:00,netral
waktu makan duit korup yakin ngga istrinya nangis2🤣,2025-04-18 14:17:03+00:00,negatif
kaing kaing kaing 🗿,2025-04-18 14:16:24+00:00,positif
😁😁😁,2025-04-18 14:15:59+00:00,positif
"bodor,...",2025-04-18 14:15:48+00:00,negatif
😂😂😂😂,2025-04-18 14:15:26+00:00,positif
"astagfirullah kasian amat ya..
tapi kasian lgi hidupku😭😭😭😭",2025-04-18 14:15:05+00:00,netral
hahahahahaha,2025-04-18 14:14:41+00:00,negatif
mangan opo anak bojone korup semono akeh e joh,2025-04-18 14:13:53+00:00,negatif
badan aja gede 🤣🤣🤣,2025-04-18 14:13:21+00:00,positif
yaelah pake nangis,2025-04-18 14:11:54+00:00,netral
@0%😭,2025-04-18 14:11:46+00:00,negatif
"suaminya masih idup ,nangis udah kaya gitu aja",2025-04-18 14:11:30+00:00,negatif
jujur aja dia yg korup kenapa sih dia yg ngeraung raung nangis.. kan harusnya kami yg sedih sampah aja di korup😌😌😌😌😌,2025-04-18 14:11:20+00:00,negatif
total uang korupsi udah bisa bayar utang negara blm sih kira2?,2025-04-18 14:11:15+00:00,negatif
sampah pun dikorup anjr😭,2025-04-18 14:06:58+00:00,negatif
😂😂😂😂🤣🤣🤣🤣,2025-04-18 14:06:52+00:00,positif
pas tangkap nangis,2025-04-18 14:06:12+00:00,negatif
HAHAHAHA🤣🤣🤣,2025-04-18 14:05:10+00:00,positif
Berarti sekarang pengelolaan sampah ke rumah dia ya?,2025-04-18 14:04:46+00:00,negatif
mau jadi apa negri ini mental maling Kabeh,2025-04-18 14:02:48+00:00,negatif
stress,2025-04-18 14:02:17+00:00,negatif
itu sound asli apa borongan😭😭😭,2025-04-18 14:02:10+00:00,positif
Kalimantan Tengah muara Teweh.di priksa dhongggg,2025-04-18 14:01:38+00:00,negatif
BINATANG,2025-04-18 14:00:52+00:00,negatif
"ketauan nangiss, gak ketauan lanjoot",2025-04-18 14:00:24+00:00,negatif
tumben nangis biasanya pada pose loh,2025-04-18 13:59:10+00:00,netral
"Masya Allah, banyak banget yang pada korupsi nanti penjaranya penuh dong, nambah biaya negara ngasih makannya",2025-04-18 13:59:07+00:00,negatif
Hadeh Pak Pak,2025-04-18 13:58:54+00:00,netral
nangis ekting itu😁😁😁,2025-04-18 13:56:53+00:00,netral
"75m
gw makan 1 bulan 600 rbu🗿",2025-04-18 13:56:06+00:00,negatif
nangis sambil ngomong apa sih pak 🤣🤭 jgn tag admin Pesona Indoneaia ntar di jadiin sound 🤣🤣,2025-04-18 13:55:47+00:00,netral
hahahha ko gua ngakak ya nangisnya lucu🤣,2025-04-18 13:55:06+00:00,negatif
😭😭😭😭,2025-04-18 13:53:56+00:00,positif
makan ny apa ?duit ampe segitu se umur hidup g bakal habis kl buat makan,2025-04-18 13:53:11+00:00,netral
dahar emas 75kg?,2025-04-18 13:52:49+00:00,negatif
kemana lah sampah di korupsi bingung,2025-04-18 13:52:01+00:00,negatif
🤣🤣🤣🤣 ngakak gua mah liat beginian,2025-04-18 13:51:50+00:00,negatif
"uang sampah aja di korupsi,,,binatang",2025-04-18 13:51:36+00:00,negatif
mksudnya sampahnya dimakan dia gitu?,2025-04-18 13:51:23+00:00,negatif
"eeeeeeee 😭 yang bayar arisan saya siapa pak, yang bayar kehidupan saya di sosialita siapa pak 😭 eeeeeeeeee eeeee eeeee",2025-04-18 13:51:11+00:00,positif
mukbang kepiting alaska,2025-04-18 13:51:05+00:00,positif
lucu bangettt nangis nya plisss jangan bebas dulu🥰,2025-04-18 13:50:39+00:00,negatif
"Dana Sampah aja di korup,emg dah kelewatan bener🤣🤣🤣",2025-04-18 13:50:25+00:00,negatif
"enak aja minta d bebasin, udh korup 75,9M lho hey. lawak",2025-04-18 13:50:25+00:00,negatif
"saat menikmati , haha hihi huhu gak gak nyami nyami 😂",2025-04-18 13:23:59+00:00,negatif
"😅😅jatuhan hukuman kok gk tertera y, paling cuma 5 th sedangkan masyarakat kecil hukuman penjara 15-25 th 😅😅hukum negara Indonesia memang anehh😅😅",2025-04-18 13:23:51+00:00,negatif
makan apa cuk,2025-04-18 13:23:48+00:00,positif
suara mau mt,2025-04-18 13:23:01+00:00,negatif
😅,2025-04-18 13:22:02+00:00,positif
"makan duitnya ketawa ngakakkkk, 😇😇😇",2025-04-18 13:21:19+00:00,netral
Pantesan TPA Di Pasar jombang ciputat Sudah masuk ke Los Daging..Kasihan kesehatan para Pedagang di ps jombang ciputat..,2025-04-18 13:21:15+00:00,negatif
apa lgi hbs ini😭,2025-04-18 13:20:27+00:00,positif
😅😅😅😅😅,2025-04-18 13:19:32+00:00,positif
waktu terima duit tertawa bahagia.giliran ketangkap nangis....resiko maling ya ketangkap lah buk.,2025-04-18 13:18:40+00:00,negatif
😂😂😂😂😂😂,2025-04-18 13:18:24+00:00,positif
nangisnya lucuuuu🤣🤣🤣🤣,2025-04-18 13:18:12+00:00,positif
"🤣🤣🤣🤣eettt dahh..
berak dicelana..",2025-04-18 13:18:00+00:00,negatif
air mata kuda bukan air mata buaya lagi ini. mah,2025-04-18 13:17:55+00:00,negatif
tenang kau ad pak prabowo yg kan melindungi mu dm kluarga mu,2025-04-18 13:17:45+00:00,positif
udah gak kaget 🤭,2025-04-18 13:16:39+00:00,negatif
@hikariyuuki~7 sampah dikorupsi sama sampah gimana sih konsepnya 😭🙏🏻,2025-04-18 13:16:37+00:00,negatif
"apakah adil anak istri,a menderita. menurut .....",2025-04-18 13:16:06+00:00,negatif
@ديان 😭😭,2025-04-18 13:14:56+00:00,positif
makan apa die hari2?,2025-04-18 13:14:36+00:00,netral
Tag keluarganya dong wkwkwk,2025-04-18 13:13:33+00:00,netral
🤣🤣🤣🤣🤣🤣🤣🤣🤣🤣🤣🤣,2025-04-18 13:13:14+00:00,positif
😂😂 rata2 DLH bermain di perusahaan,2025-04-18 13:12:55+00:00,netral
kirain hellboy...lah😁,2025-04-18 13:12:31+00:00,positif
kasian anak nya kata Wowo 😁😁😁😁,2025-04-18 13:12:18+00:00,positif
air mata iblis,2025-04-18 13:10:45+00:00,positif
"maaf,, ngakak banget denger suara nangisnya 😂😂😂",2025-04-18 13:10:34+00:00,negatif
malu sama sampah 😭😭😭,2025-04-18 13:10:11+00:00,negatif
Ngasih makan anak istri drr sampah berarti,2025-04-18 13:09:44+00:00,negatif
"ketangkep kok nangis , waktu nikmatin duwet sampai millaran ketawa2",2025-04-18 13:09:08+00:00,negatif
"huh,sampah,dikorup?",2025-04-18 11:47:37+00:00,negatif
cekson,2025-04-18 11:45:49+00:00,positif
"sekarang denger yang jumlah M itu kyk kecil bgt perasaan, sakin byk nya korupsi jdi nganggep kecil banget 🗿🗿🗿🗿🗿",2025-04-18 11:44:29+00:00,negatif
enak nya di apain iya yg kaya gini..,2025-04-18 11:42:25+00:00,positif
Aku yakin Indonesia ini sama kaya nya ky negara maju disana 🙂,2025-04-18 11:42:20+00:00,positif
@Kayang😊 makanan wagyu,2025-04-18 11:41:25+00:00,positif
Makannya apa pak anak istrinya?? Marmer china?,2025-04-18 11:41:18+00:00,negatif
@pesonaindonesia pake ga nih min sound ny😭,2025-04-18 11:41:07+00:00,negatif
bebasin aja pak hakim kasihan suami y gak bisa ngasih makan untuk anak istri y .uang 5.9 m tidak buat negara miskin..,2025-04-18 11:39:14+00:00,negatif
"amit² Ka-Bid aja smp segitu korupsinya🤭😭
Udah bener dah trs tangkepin semua tikus gini dr cere smp kakap seret smua 😅 Reset ulang birokrasi&penerimaan cpns",2025-04-18 11:38:25+00:00,positif
air mata kemunafikan,2025-04-18 11:37:58+00:00,netral
Negara ini terlalu kocak,2025-04-18 11:36:56+00:00,negatif
dan nangis biar kenapa pak? 🤦‍♀️,2025-04-18 11:36:13+00:00,negatif
sampah? dikorupsi?😭😭😭😭,2025-04-18 11:36:09+00:00,negatif
air mata buaya itu,2025-04-18 11:36:07+00:00,positif
"bayar berapa pak dulu pas masuk jadi PNS? terus kemarin naik jadi kabid, kena berapa? wkwkwk",2025-04-18 11:34:59+00:00,negatif
"ga usah nangis, seharusnya gua yg nangis dompet kosong",2025-04-18 11:34:46+00:00,negatif
😂😂😂,2025-04-18 11:32:54+00:00,positif
kaya lamsam motor 😂,2025-04-18 11:31:20+00:00,positif
tangisan palsu🤣🤣🤣🤣🤣🤣🤣🤣🤣🤣,2025-04-18 11:31:20+00:00,positif
"kok nangis kan 75,9 miliar itu lain duit receh",2025-04-18 11:30:54+00:00,negatif
ngapain nangiss waktu nikmatin uang nya ketawa tawa sama rohnya mau keluar,2025-04-18 11:30:53+00:00,negatif
"buat makan?? hadeuh...
paling buat
alphard
moge
xmax
rumah 3 lantai
sama singapor liburan..wkwkk",2025-04-18 11:30:16+00:00,negatif
kayaknya dia perlu selimut ya🤔.kasihan kedinginan sampe menggigil,2025-04-18 11:30:03+00:00,netral
anjir org korupsi make nangis segala🤣🤣🤣,2025-04-18 11:29:43+00:00,negatif
makanya disahkan itu RUU perampasan aset koruptor bukan sita aset rakyat..!!! dari januari sampe skrg aja udh brpa yg ketangkap? udh lumayan kan utk bayar hutang negara/utk bansos?,2025-04-18 11:28:26+00:00,negatif
kasian anak istrinya di kasih makan duit korupsi sampah .yg d makan lebih kotor dari sampah,2025-04-18 11:27:53+00:00,negatif
itu yg korupsi KATANYA di hukum jadi kagak nih min @gerindra 😌,2025-04-18 11:27:51+00:00,negatif
waduh sampai rakus sekali sampah saja ikut di makan apa kurang puas makan nasi uduk,2025-04-18 11:27:35+00:00,negatif
giliran udah ketangkep hiksss hikss hikss utk makan anak n istri? makan emas? makan rumah mewah? makan mobil mewah?.. pas blom ketangkep petantang petenteng.???,2025-04-18 11:26:49+00:00,negatif
Kalo istrinya nangis gueh ketawa paling kenceng biar kyk ngakak soundnya wkwk,2025-04-18 11:26:45+00:00,negatif
eem dah kenyang ya 🤣,2025-04-18 11:26:22+00:00,negatif
"😁😁😁udah kenyang terus ketangkep nangis , pulangin tuh duit rakyat 😁😁😁",2025-04-18 11:24:29+00:00,negatif
pas begini baru mikirin keluarga🗿,2025-04-18 11:23:32+00:00,negatif
"Kasihan anaknya, apa kita tega ??",2025-04-18 11:22:49+00:00,negatif
😂,2025-04-18 11:22:04+00:00,positif
😭😭😭,2025-04-18 11:22:01+00:00,positif
bebaskanlah kasihan kita sama anak dan istrinya,2025-04-18 11:21:56+00:00,negatif
bernyanyi atw metawa nh boz merfu amiy.....buktiin fprngafilan nti ja,2025-04-18 11:20:31+00:00,negatif
ngapain mewek?? apkbar'y kmaren pas wktu maling🤣,2025-04-18 11:19:02+00:00,negatif
Sound bagus nih 😂 @Pesona Indonesia,2025-04-18 11:17:31+00:00,negatif
coba uang sebanyak itu sdh bsa buat bebasin tempat tinggal ortu gw dengan harga yg pantas yg sdh tdk layak buat tempat tinggal air sampah suka masuk di lingkungan rmh klo ga percya coba liat aj rmh ada di bwh ktr cipeucang😢😢,2025-04-18 11:16:38+00:00,negatif
"pak presidenku dan jajarannya, semoga d mudahkan menangkap para koruptor",2025-04-18 11:16:36+00:00,positif
"Enak Udah Ngerasain Kaya, Miskin Gpp Kali Skrg Biar Susah Lagi Kembali Ke Settingan Pabrik",2025-04-18 11:16:34+00:00,negatif
pucky 🙏🏻,2025-04-18 11:15:27+00:00,positif
Ung ung ungggggg,2025-04-18 11:14:20+00:00,negatif
"Mungkin anak istrinya banyak, se indonesia🗿",2025-04-18 11:11:41+00:00,netral
"🤣 giliran ketauan nangesss, coba ga ketauan ketawa dy 🤡",2025-04-18 11:10:38+00:00,netral
"ya allah sampah ae dikorupsi. konoha emg bener"" lu ye. mangkannya sampah"" banyak dimasyarakat sampahnya gak diurusin malah anggarannya yg dikorup hadeh",2025-04-18 11:10:29+00:00,negatif
mb kunti aja insecure denger nangis nya nih bapak bapak,2025-04-18 11:10:07+00:00,negatif
parah,2025-04-18 11:09:39+00:00,negatif
rakyat menangis Lo sekeluarga senang senang.skrg biarkan rakyat melihat gmn tersiksnya kua,2025-04-18 11:09:06+00:00,negatif
🤣🤣🤣🤣🤣🤣🤣🤣🤣🤣🤣🤣🤣🤣,2025-04-18 11:08:13+00:00,positif
di Indonesia pejabat klw ga maling ga kreen 😂apa lagi tuntutan istrinya yg hedon anaknya yg calang 😅😂tp kta pemimpin kita kasian klw di tangkep anak istrinya mau miaan apa😅😂😂😂😂😂😅😂😂😂,2025-04-18 11:06:55+00:00,negatif
😳,2025-04-18 10:09:09+00:00,positif
🤣😂🤣,2025-04-18 10:07:22+00:00,positif
bagaimana yang jual pulau,2025-04-18 10:06:39+00:00,positif
Indonesia makin parah,2025-04-18 10:03:52+00:00,negatif
pejabat sekarang hampir smuanya sampah,2025-04-18 10:03:01+00:00,negatif
"giliran gini ga ad rakyat rame..maling kecil baru rame"" mghakimi",2025-04-18 10:01:46+00:00,negatif
tag @pesonaindonesia biar dipake soundnya 😌,2025-04-18 10:01:14+00:00,netral
🤣🤣🤣,2025-04-18 10:00:42+00:00,positif
Knapa suara nya mirip pudle 🤣🤣,2025-04-18 09:59:28+00:00,netral
jiwa pengecut👎👎,2025-04-18 09:58:11+00:00,positif
lah girang bgt makan duit sampah milyaran anjir,2025-04-18 09:57:25+00:00,negatif
kalau duit lagi di nikmati para koruptor bahagianya selangit giliran di ciduk pasti meweknya luarbiasa,2025-04-18 09:57:02+00:00,negatif
di jadiin dj remix bagus juga 🗿,2025-04-18 09:56:02+00:00,positif
"dlu wktu korupsi seneng"" yah pak sampe gak inget duniaa skrg ditangkep kek ayamm mo brojoll 😂",2025-04-18 09:55:07+00:00,negatif
Jan cuuuu’ nangisnya😆,2025-04-18 09:54:48+00:00,negatif
wktu korup kok ga nangis pa'e 😂,2025-04-18 09:52:01+00:00,negatif
besok² kalo lakinya korupsi jgn didukung buk .,2025-04-18 09:51:20+00:00,negatif
bagus nih buat backsound,2025-04-18 09:50:48+00:00,negatif
Kok bisa sampah di korup???,2025-04-18 09:49:47+00:00,negatif
enak pejabat mah di penjara juga,2025-04-18 09:49:09+00:00,positif
rek komentar kasar tapi percuma 🤣 bakal aya notifikasi pelanggaran 🤣,2025-04-18 09:48:31+00:00,netral
🤭,2025-04-18 09:47:47+00:00,positif
"PARAAAH PARAAAH,, DI MANA-MANA KORUPSI, PARAAAH",2025-04-18 09:44:44+00:00,negatif
buat mkan apa buat memenuhi gaya hidup hedon tuh smpe 75m gak nanggung2😆,2025-04-18 09:43:05+00:00,positif
ya lagian kga kira2 korup nya,2025-04-18 09:41:51+00:00,negatif
"hah korupsi sampah?
sampah di korupsi?????",2025-04-18 09:39:59+00:00,negatif
sampak🤣🤣🤣,2025-04-18 09:38:36+00:00,positif
@callmeleeeennn😭😭🤣🤣,2025-04-18 09:36:37+00:00,positif
@Pesona Indonesia 🗿,2025-04-18 09:36:25+00:00,positif
Drama Walid,2025-04-18 09:34:41+00:00,netral
"bisa ga ya, anak istri ditangkap mereka juga menikmati uang tersebut 😁.",2025-04-18 07:48:12+00:00,negatif
😂😂😂 parah,2025-04-18 07:48:01+00:00,negatif
Sampah korupsi sampah 👻,2025-04-18 07:47:37+00:00,negatif
"ko nangis sih bu, kan demi status sosial megah nya sendiri. kalo berbuat ya nanti harus nanggung akibatnya sendiri bukannya malah nangis. emng dikira nya kita disini sebagai rakyat ga kesusahan.",2025-04-18 07:47:32+00:00,negatif
Makan apa anjir wkwkw,2025-04-18 07:47:30+00:00,positif
kyknya semua yg mau jadi pejabat niatnya korupsi,2025-04-18 07:46:12+00:00,negatif
"itu kabid, periksa juga kadis, kepala wilayah tangselnya sama anggota dewan tangsel, ga mungkin 75 m dipake sendiri",2025-04-18 07:45:04+00:00,negatif
🤣🤣🤣🤣🤣,2025-04-18 07:44:50+00:00,positif
"makan apaan sampe segitu, makan tirek kalih",2025-04-18 07:44:15+00:00,netral
apa aja di korup di indo ini selagi ada celah,2025-04-18 07:43:32+00:00,negatif
"suruh diem ih,bising kali",2025-04-18 07:41:30+00:00,netral
biasa waktu di tangkap di videoin pas di sel mn ga ada😀😀😀😀,2025-04-18 07:40:41+00:00,netral
🤣😂,2025-04-18 07:40:40+00:00,positif
ngomong apa sih dia 😂,2025-04-18 07:37:07+00:00,negatif
Batam kapan yaa untuk di periksa kadis DHL nya,2025-04-18 07:36:59+00:00,netral
iki sing nangis ko kyk suoroe wedok yo 🤔🤣,2025-04-18 07:34:51+00:00,positif
buat anak istri 😂😂😂😂,2025-04-18 07:33:31+00:00,positif
"75,9 miliar makan apaan anjir 😑",2025-04-18 07:32:36+00:00,negatif
sampah aja bisa dikorupsi,2025-04-18 07:31:27+00:00,netral
"Sepertinya negara Indonesia dalam kondisi extra ordinary dalam kasus korupsi. Jadi perlu ""direset"" dengan menggunakan istilah pinjaman dari karyawan pom ""mulai dari nol"".",2025-04-18 07:31:04+00:00,negatif
keren banget pak ektingnya,2025-04-18 07:29:59+00:00,netral
😫boleh maki gk siy,2025-04-18 07:29:19+00:00,positif
"kabeh2 kok dikorupsi ra ketang sampah, mayat nek ada dana ne y dikorupsi jg😭",2025-04-18 07:29:09+00:00,negatif
Makannya apa sampai miliaran .,2025-04-18 07:28:38+00:00,netral
"China aja butuh 60 tahun untuk seperti skrg
jdi jgan menuntut Indonesia harus bergerak secara cpet ya , proses nya panjang",2025-04-18 07:28:09+00:00,negatif
gitu nangess wkwk gak sadar bikin susah rakyat aje wkwk,2025-04-18 07:27:34+00:00,negatif
gpp kan udh ngrasain hidup mewah n makan enak tooo ngapain skrng nangis2,2025-04-18 07:26:32+00:00,negatif
Apa gak malu,2025-04-18 07:26:03+00:00,negatif
🤣🤣🤣🤣🤣🤣dulu kita menangis sekarang mereka yg menangis,2025-04-18 07:25:54+00:00,negatif
kan cuma 75 miliar.. ga akan membuat mu miskin.. bebas kan lah.. kasihan 😭😭😭,2025-04-18 07:25:20+00:00,negatif
bising la waktu terima uang diam2 bae 🤣🤣🤣,2025-04-18 07:22:33+00:00,negatif
nangis kan😞jadinya🥺,2025-04-18 07:20:48+00:00,netral
Makan apa an jirr 75M tugu monas,2025-04-18 07:19:27+00:00,netral
enteng men njalok d bebass noo,2025-04-18 07:18:54+00:00,negatif
KAN UDH RASAIN MAKAN DUIT GEDE KOK NANGIS SIH AH,2025-04-18 07:18:29+00:00,netral
jur ngopo nak nangis ki,2025-04-18 07:16:10+00:00,netral
ekspresi penonton [photo],2025-04-18 07:15:31+00:00,positif
kok ga terharu dengar nangis nya,2025-04-18 07:15:19+00:00,netral
minta dibebaskan 😂😂😂,2025-04-18 07:15:19+00:00,negatif
Gak masuk akal blas🤣🤣🤣 masak buat makan aja sampai segitu banyak …makannya emas batangan di krokoti 🤣,2025-04-18 07:14:53+00:00,positif
definisi makan pake duit sampah,2025-04-18 07:14:48+00:00,netral
Korupsi sampah sampe kembung 🤣,2025-04-18 07:14:00+00:00,negatif
Makan sehari2 nya apa ampe miliaran?,2025-04-18 07:11:32+00:00,negatif
Bahkan sampah saja dikorupsi😳,2025-04-18 07:11:26+00:00,negatif
"menangislah sekeras kerasnya
merataplah sekuat kuatnya",2025-04-18 07:10:24+00:00,negatif
"allahuakbaarr
sampah pun dikorup????
hebat beneeeerrrr pejabat2 konoha ini 👍👍👍👍",2025-04-18 07:09:38+00:00,negatif
maksudnya anak istrinya di kasih makan sampah?,2025-04-18 07:08:43+00:00,negatif
runtah ge menika dikorup ya ampun negri konoha,2025-04-18 07:08:01+00:00,negatif
puluhan milyar buat makan anak istri????????,2025-04-18 07:07:19+00:00,negatif
"pasti sedih banget,,,tapi kenapa saya gembira dan tertawa ya😅😂🤣🤣",2025-04-18 07:06:38+00:00,netral
sekelas dlh korupsi njir,2025-04-18 07:06:21+00:00,negatif
tes vokal,2025-04-18 07:06:14+00:00,positif
🤣🤣🤣🤣🤣proooot,2025-04-18 07:05:55+00:00,positif
Beda dengan copet dipasar.. dapat salam olahraga sampai berwarna lain,2025-04-18 07:05:12+00:00,netral
kasihan ya... bagaimana nasib anak istrinya.....di mana ke Adilan nya.....😏😏😏😏( ini contoh dialog dlm film ),2025-04-18 07:04:07+00:00,negatif
kirain suaranya kuntilanaknya 🤣🤣,2025-04-18 07:03:34+00:00,netral
banten tuh sarangnya. pejabatnya banyak yg korup. provinsi auto pilot bjir. bagus karna developer aja 😂,2025-04-18 07:03:17+00:00,negatif
serius nanya itu suara dia beneran?,2025-04-18 07:02:13+00:00,negatif
bosan lihat korupsi terus kapan negeri ini maju dan terhormat 😎😎,2025-04-18 07:01:57+00:00,positif
Ber arti kluargah nya makan sampah masya rakat,2025-04-18 07:01:45+00:00,netral
"Nah yang di lampung juga tolong priksa dongg paaaaakkkkk, coba cek walikota nya ini 😭😭 14 hektar lahan gada yg di kelolaa @Gibran Rakabuming @gerindra @Rizky Irmansyah",2025-04-18 05:49:52+00:00,negatif
kaLau maLing ayam makin nangis auto ditambahin.,2025-04-18 05:49:39+00:00,negatif
gimana caranya lah wong romusha aja dibayar sm belanda tp ditilep sama bupatinya (akamsi)....bilangnya kerja paksa...eh gongnya si S nya pernah jadi mandornya,2025-04-18 05:47:57+00:00,negatif
saat di brogol menangis saat belanja duit korop ketawa ketiwi sakin enak nya,2025-04-18 05:47:55+00:00,negatif
"Ketauan nangis, pas aman² aja HAHA HIHI sambil ngopi + nyebat",2025-04-18 05:46:13+00:00,negatif
"coba periksa jg itu kadis dan bupatinya, biasanya kalo kabid nya penakut, biasanya nurut trus ama kadisnnya lalu mau disuruh korupsi. padahal dia ga ikut makan duit haram itu",2025-04-18 05:46:09+00:00,negatif
kabid dlh sedang seriosa ... ingin mengimbangi andrea bochelli,2025-04-18 05:44:57+00:00,positif
wkwk🤣,2025-04-18 05:44:16+00:00,positif
"pas megang duit korupsi ketawa ketiwi,giliran di tangkap nangis kejer... ya elah..",2025-04-18 05:43:58+00:00,negatif
klo korup nanggung bakal ketangkep ..,2025-04-18 05:42:40+00:00,negatif
Bandung ada ga kaya gini ya 🤣🤣🤣,2025-04-18 05:42:24+00:00,netral
udah tinggi itu rpmnya,2025-04-18 05:42:20+00:00,negatif
"Lantas bagaimna dgn kasus spele apa lalu d biarkan bebas,lawak indo ,kasus besar M an mnt d bebaskan,tp sdh pastinya sdh d ringankan ,liat aja🤣🤣",2025-04-18 05:41:25+00:00,negatif
"santai aja mbak 271 t aja cuman 6,5 tahun,,bearti mbak paling 4 bulan hukuman nya",2025-04-18 05:40:46+00:00,negatif
buset makan anak istri sampai puluhan milliar,2025-04-18 05:39:57+00:00,negatif
"sampah apaan 75,9M klo operasional wajar ini tulisanya sampah co?",2025-04-18 05:39:44+00:00,negatif
🥺🥺,2025-04-18 05:39:38+00:00,positif
gak kira2 emng tikus berdasi d konoha kl korup,2025-04-18 05:38:39+00:00,negatif
kebangetan setelah berbuat salah minta bebas 😭,2025-04-18 05:38:32+00:00,negatif
lengkap sudah.. di Indonesia negeriku ini.. dari apapun tak luput dari yg namanya KORUPSI..,2025-04-18 05:38:31+00:00,negatif
Orang-orang negara kita miris,2025-04-18 05:38:13+00:00,positif
pejabattt sampahhhh,2025-04-18 05:37:48+00:00,netral
kek suara kambing 😹,2025-04-18 05:37:17+00:00,netral
🏍🏍🏍,2025-04-18 05:37:08+00:00,positif
haduhhh🤣,2025-04-18 05:36:03+00:00,positif
mantap dah ......bahkan uang tinja juga di korup,2025-04-18 05:34:58+00:00,negatif
pas ngelakuinnya gak nangis pak .. Ampe engap itu liat perut bapak makan duit hasil korupsi 😂😂,2025-04-18 05:34:21+00:00,negatif
sekalian tangkap dgn istrinya,2025-04-18 05:34:14+00:00,positif
"oh jadi ini penyebab sampah d pekalongan jadi berserakan d jalan raya, yg menganggu masyarakat.",2025-04-18 05:34:07+00:00,negatif
Gila byk bgt korupsi,2025-04-18 05:33:51+00:00,negatif
giliran di tangkep nangis lo,2025-04-18 05:22:06+00:00,netral
knapa maling motor ayam copet hrs bonyok bahkan ada yg smpek d bakar sedang kn yg sperti ini mulus bnget wajah nya.knapa tuan Robinson tlng jls kn,2025-04-18 05:21:46+00:00,negatif
knp nangis buk udah kenyang kan apa masih kurang,2025-04-18 05:20:52+00:00,negatif
"cuma 75,9 Miliar gk bikin negara miskin, serahkan saja sma rakyat, rakyat tau gimana cara menghukum koruptor.",2025-04-18 05:20:40+00:00,negatif
pantes ajah BDN sgitu kekernya..kenyang trus,2025-04-18 05:20:12+00:00,negatif
negara antah berantah....😅,2025-04-18 05:20:02+00:00,netral
baca komen 😂😂,2025-04-18 05:19:59+00:00,positif
"buat makan apa 75,9 M.😅😅😅.. hadeuh....🤣🤣🤣",2025-04-18 05:19:52+00:00,negatif
wuihh..nangisnya hebat eii... ngalahin kami perempuan😂😂😂,2025-04-18 05:19:52+00:00,negatif
sama kayak di kota ku sayang nya belum ketahuan. 😂,2025-04-18 05:19:41+00:00,netral
😁😁😁😁😁😁😁😁😁,2025-04-18 05:19:17+00:00,positif
nyanyi apaantu paakkkk merdu sekaleeee🤣🤣,2025-04-18 05:17:58+00:00,netral
"nangis udah kaga ada guna..makan duit miliaran enak"" aja pas ditangkep nangis""",2025-04-18 05:17:49+00:00,negatif
pejabat terkorup hanya di Indomaret April-Mei...😂,2025-04-18 05:17:30+00:00,negatif
😂😂😂😂😂,2025-04-18 05:17:24+00:00,positif
Indonesia ini bener2 kuaaaauyaaaaa bgt ya,2025-04-18 05:17:19+00:00,negatif
makan apaan 75 M makan emas batangan? 💀💀,2025-04-18 05:17:08+00:00,negatif
"udah lah jangan di tangkap kasihan lagi toh dia buat untuk mkn ank istri bukan buat foya""😌",2025-04-18 05:16:58+00:00,negatif
"sampah aja bisa di korupsi segitu banyaknya
gileeeee Indonesia ini bener2 ladang uang ya",2025-04-18 05:16:55+00:00,negatif
banyak bngt yg korup,2025-04-18 05:16:51+00:00,negatif
"tangisannya lebih takut penjara daripada dosa... haisss... klo takut dosa, ga mungkin dia korupsi",2025-04-18 05:16:33+00:00,negatif
"OMG
OMG
OMG",2025-04-18 05:16:09+00:00,negatif
tenang aset keluarga aman😁,2025-04-18 05:15:59+00:00,positif
ngaik ngaik ngaik,2025-04-18 05:15:18+00:00,negatif
manusia TK tau bersyukur.. nauzubillahi..,2025-04-18 05:15:10+00:00,negatif
mistis,2025-04-18 05:14:52+00:00,negatif
"mka ny jgn brani2 kurup, akibt ny kn sudh tahu klo ketahuan dihukum....",2025-04-18 05:14:37+00:00,negatif
😂😂,2025-04-18 05:13:39+00:00,positif
🤣🤣🤣anyng,2025-04-18 05:13:18+00:00,positif
😂😂😂waduh,2025-04-18 05:12:40+00:00,positif
"lama2 capek njirr, berita isinya korup mlu. gaada habis2nya yaa negara kita 😭😭",2025-04-18 04:48:33+00:00,negatif
😂😂😂😂😂😂,2025-04-18 04:47:58+00:00,positif
pantesan truk truk sampah pada butut butut,2025-04-18 04:47:32+00:00,negatif
"tuh sampah aja di korup apalagi emas,, upzzzz🤭🤭 🤣🤣",2025-04-18 04:46:43+00:00,negatif
pantesan makin bau aja itu cimanggis,2025-04-18 04:46:30+00:00,negatif
😳😳😳😳,2025-04-18 04:46:20+00:00,positif
emmmmmmmemmmmmem🗿🗿,2025-04-18 04:46:19+00:00,positif
nangis bu smpe bola matamu lepas jga ga akan sebanding,2025-04-18 04:45:53+00:00,negatif
@haramarhara,2025-04-18 04:44:40+00:00,negatif
Aku komen kena pelanggaran mulu 🥺,2025-04-18 04:44:18+00:00,negatif
"sampe sampah2 juga d korup , negara memang sedang tdk baik2 sj ,miris🥺",2025-04-18 04:44:02+00:00,negatif
sesajen buat setan juga kagak sampe 50 rebu ini buat manusia sampe miliaran emang lebih setan,2025-04-18 04:43:47+00:00,negatif
korupsi mau.tapi ga mau dipenjara 😂😂,2025-04-18 04:43:15+00:00,negatif
bertaubat lah sebelum ajal menjemput anda,2025-04-18 04:42:57+00:00,negatif
"itu benar suaranya, masa badan Segede gitu suara kyk kucing kejepit pintu 🤣🤣, sabar aja ntr jg bebas kok🤗🤗",2025-04-18 04:42:05+00:00,negatif
😂😂😂😂😂,2025-04-18 04:41:33+00:00,positif
"gua gila bgt keknya, stres gua dengerin berita kyk gini tiap Minggu.",2025-04-18 04:40:15+00:00,negatif
😳😳😳,2025-04-18 04:39:55+00:00,positif
kok nangis😅,2025-04-18 04:38:33+00:00,positif
banyak bgt yg korup,2025-04-18 04:37:45+00:00,negatif
kalau berani korupsi di tangkap jamgan nangis . tapi ketawa ye,2025-04-18 04:36:58+00:00,negatif
"😂😂😂😂😂giliran d tangkap nagis minta bebas ....enak banget ya,piro hukamane ya n dendane iki....😡😡",2025-04-18 04:36:39+00:00,negatif
enak ajh mau bebas,2025-04-18 04:36:28+00:00,negatif
"hah?anak istrinya makan sampah 75,9 Milyar?😳",2025-04-18 04:36:11+00:00,negatif
"🤣🤣🤣🤣🤣🤣🤣🤣🤣🤣🤣🤣🤣🤣🤣 enak aja di bebasin,,,, pura2 nangis itu woi,, kayak hasto😁😁😁",2025-04-18 04:35:59+00:00,negatif
"laaah..pas blom kliatan orgnya, kirain mak2 yg nangis😁",2025-04-18 04:35:38+00:00,negatif
Alaaah bukan Karena alasan untuk mkn tapi buat Hedon.. nangis2 udh gak bisa lg Hedon hidup mewah,2025-04-18 04:35:04+00:00,negatif
negeri lucu,2025-04-18 04:35:01+00:00,positif
mana nih @pesonaindonesia,2025-04-18 04:34:30+00:00,negatif
ini mah persiapan idul adha 😅😅😅,2025-04-18 04:33:37+00:00,positif
Jogja gimana ya … ada yg berani usut ga?,2025-04-18 03:42:56+00:00,negatif
hah,2025-04-18 03:41:49+00:00,negatif
😂,2025-04-18 03:41:27+00:00,positif
menyenangkan.. 😁😁,2025-04-18 03:40:14+00:00,positif
"kita byr ngankut sampai, eh pas kita motongi ranting pohon sampahnya hrs bayar lagi dgn alasan smph nya byk,jd yg di angkut cm bungkus oreo anakku aja.",2025-04-18 03:39:18+00:00,negatif
😑😑😑😑😑😑😑😑😑😑😑,2025-04-18 03:39:14+00:00,positif
enak sekali di bebaskan,2025-04-18 03:39:02+00:00,negatif
"tenaaaang saja ,,anak istrimu gakan kelaparan ko ,wowo jamin hartamu gakan di sita 🤣🤣🤣",2025-04-18 03:36:14+00:00,negatif
Tega amat pak sampah aja sampe di korupsi 😭,2025-04-18 03:34:46+00:00,negatif
yang nangis siapa anjirrrrr,2025-04-18 03:34:32+00:00,netral
takut sama presiden dikasi keringanan karna prihatin denger suara nangisnya😭,2025-04-18 03:33:48+00:00,negatif
alamak sampah di korupsi,2025-04-18 03:33:43+00:00,negatif
😂😂😂,2025-04-18 03:33:29+00:00,positif
"kalo dah kek gini nangis kau, coba enggak😏",2025-04-18 03:33:23+00:00,netral
badan gede suara tangisannya kayak kunti kejepit pintu🗿,2025-04-18 03:32:49+00:00,negatif
badannya gede cocok nih buat idul adha,2025-04-18 03:32:31+00:00,netral
Yang nangis gak disorot??? 🤣,2025-04-18 03:32:21+00:00,negatif
"bebasin aja pak, ga adil buat anak istrinya",2025-04-18 03:31:08+00:00,negatif
The vibra❤️,2025-04-18 03:30:28+00:00,positif
😂😂😂😂😂,2025-04-18 03:30:27+00:00,positif
makan apa Om... apakabar yg sehari dpt 5rb,2025-04-18 03:30:24+00:00,negatif
nagis itu? apa lg baca naskah,2025-04-18 03:28:14+00:00,negatif
"Dimata Amerika 💸 segitu
sangatlah sedikit 👍👍🥰",2025-04-18 03:27:58+00:00,negatif
ya ALLAH jauhkanlah hambamu ini dari rezki yg tidak halal dan orang2 dzolim aamiin aamiin aamiin ya ALLAH,2025-04-18 03:27:49+00:00,negatif
nangis bahagia paling ganti rugi 5k saja,2025-04-18 03:27:37+00:00,negatif
pak malu di ketawain ponakan q neh udh tua kok nangis..,2025-04-18 03:03:44+00:00,negatif
Yo GK bsh tetep d tahan. bro..Sp blng Negara g Rugi...asal ngomong aja..tegassi bro..😭😭😭😭maling tu.😩😩😩,2025-04-18 03:03:39+00:00,negatif
75 m buat makan anak istri? wew emg mereka makan apaan?...sehari nguyah 3kg emas batangan kah,2025-04-18 03:02:31+00:00,negatif
"tangsel semua aja dari kadis, kabid and lainnya sampai ke atas periksa ! 75 M gtuu loooh . urug di cipeucang seharian sblm d penjara x",2025-04-18 03:02:16+00:00,negatif
😂,2025-04-18 02:59:58+00:00,positif
anjirr cocok ni SMA Mozart,2025-04-18 02:59:36+00:00,netral
"kalian yang pilih kalian yang kecewa
😂#gitu ga si",2025-04-18 02:59:18+00:00,positif
😌😌👍bnr2 sampah ya,2025-04-18 02:59:01+00:00,positif
korupsi 50 milyar ternyata kurang buat makan anak istri,2025-04-18 02:57:06+00:00,negatif
Bersihkan 🤣🤣🤣🤣🤣🤣👍👍👍👍👍,2025-04-18 02:56:34+00:00,positif
menangis menangis 75 miliar coy,2025-04-18 02:55:55+00:00,negatif
korupsi berani pas ditangkep nangis lucu😂,2025-04-18 02:55:22+00:00,negatif
"demi apa,sampah juga dikorup
gimna korupnyaa anjir wkwk",2025-04-18 02:55:20+00:00,negatif
sebenernya Indonesia rakyatnya sdh makmur dari dulu bahkan gak akan ada yg miskin kalau koruptor gak ada.,2025-04-18 02:54:40+00:00,negatif
😁😁😁,2025-04-18 02:54:31+00:00,positif
Kadis tersampah,2025-04-18 02:54:25+00:00,netral
"yang kya gini hanya menting istri dan anaknya sendiri, pake uang negara, terus gmna dgn anak anak bangsa Indonesia yg lain, kelaparan, gk bisa bisa bayar ini itu byangin pak",2025-04-18 02:53:05+00:00,negatif
😁,2025-04-18 02:52:28+00:00,positif
di Tangkap ko malah Nyanyi gmn sich 😏😅😁,2025-04-18 02:52:05+00:00,negatif
"makan apa nyampe 75,9 m?",2025-04-18 02:51:11+00:00,negatif
gua kira nyamuk dikamar🤣,2025-04-18 02:50:30+00:00,netral
korupsi sampah🤣,2025-04-18 02:49:40+00:00,negatif
pak malu ih,2025-04-18 02:49:35+00:00,negatif
🤣🤣🤣,2025-04-18 02:49:32+00:00,positif
😂😂😂😂😂😂😂,2025-04-18 02:49:00+00:00,positif
Indonesia hanya tinggal nama,2025-04-18 02:48:35+00:00,negatif
"😆😄😅😂😄🤣🤣😄🤣😄🤣😄🤣🤣w😂😂😄😂
maling itu jgn di tangisin...
kan keluarga udh pada kenyang..",2025-04-18 02:48:35+00:00,negatif
"anadai aku jadi president tidak ada koruptor yng bernafas di di indonesia,,, gila sampai sampah pun ikut di mbat",2025-04-18 02:47:51+00:00,negatif
Presidenku Jossss 👍👍,2025-04-18 02:47:48+00:00,positif
karasa nya geus ku KPK mah teu siga keur can ka tewak 👍👍👍👍👍,2025-04-18 02:47:27+00:00,negatif
"nangisi apa, nerimanya mah ketawa",2025-04-18 02:10:54+00:00,negatif
😂😂😂,2025-04-18 02:10:53+00:00,positif
kmren diam ja....sekarang dah ketangkap...jaaa...,2025-04-18 02:10:33+00:00,negatif
"lah
makan apaan ampe segitunya?",2025-04-18 02:10:25+00:00,negatif
anjir sampah aja d korupsi parah nih konoha,2025-04-18 02:10:19+00:00,negatif
istrinya brp banyak tu? uang milyaran,2025-04-18 02:10:09+00:00,negatif
Kurang serakahh pak cuman sgtu mah harusnya triliuanan biar bisa bayar hukum sisanya,2025-04-18 02:08:38+00:00,negatif
sampah Masi di korupsi 🙄,2025-04-18 02:07:50+00:00,negatif
buat makan berapa minggu itu sampai miliaran 😅,2025-04-18 02:07:36+00:00,negatif
Loh ko nangis wkwkwkwk. pas korupsinya aja ga nangis ko 😂😂😂,2025-04-18 02:05:44+00:00,negatif
"Coba harta nya di miskin kann,, anak istri nya suruhh tinggal di kontrakan 3x3🙄, pas makann duitt haremm nya gak ada nangis2 bilang khilapee🤣di tangkep mewekk",2025-04-18 02:04:16+00:00,negatif
😁😁😁,2025-04-18 02:03:43+00:00,positif
lagunya bagus AAaaAaAaaaaAhhaaah,2025-04-18 02:03:35+00:00,negatif
"emang gk di gaji ya,kenapa buat makan aja sampe korup",2025-04-18 02:03:17+00:00,negatif
SAMPAHHH DIKORUPPP ANJ 😭,2025-04-18 02:00:59+00:00,negatif
cuih,2025-04-18 02:00:57+00:00,negatif
"makan anak 75 milyar.
makane Oppo",2025-04-18 02:00:33+00:00,negatif
Pas makan uang nya sih senyum2 kan?! Ga ada nangis2nya?!🔥,2025-04-18 01:58:45+00:00,negatif
NKRI = SARANGNYA KORUPTOR 😂😂😂😂😂,2025-04-18 01:58:27+00:00,negatif
HAHAHAAHA,2025-04-18 01:57:36+00:00,negatif
😆😂😂😂😂 gmana ekspresi mrk ketika ngitung uangnya dlu trus belanja2,2025-04-18 01:57:24+00:00,negatif
makanya d jaman udh merdeka katanya dan udh 2025 tp makin bnyk orng pribumi malah makin melarat GK ada lapangan pekerjaan bahkan sulit skrng krisis bngt,2025-04-18 01:57:04+00:00,negatif
"kasihanilah koruptor,mereka orang baik pencari nafkah keluarga, kalau ditahan kasihan anak istrinya tidak bisa makan HALAL
😂😂😂😂😂",2025-04-18 01:56:44+00:00,negatif
isinya sampah sampai sampah juga dikorupsi,2025-04-18 01:56:33+00:00,negatif
kirain suara penampakan 🗿,2025-04-18 01:56:16+00:00,netral
makin miskin dan ancur aja ini negara,2025-04-18 01:56:00+00:00,negatif
😆😆😆😆😆,2025-04-18 01:54:38+00:00,positif
2025 korup korup pada di ciduk,2025-04-18 01:53:42+00:00,negatif
makan apaan Ampe banyak begitu? glonggongan next level sepertinya,2025-04-18 01:53:34+00:00,netral
"75 M enggak percaya kalo buat makan doang, emang anaknya banyak nya satu kabupaten.",2025-04-18 01:53:18+00:00,negatif
😜😜😜😜😜😜😜😜😜😜😜😜😜😜😜😜 pehhhh pejabat kok gragassss semua.,2025-04-18 01:20:20+00:00,negatif
"ada yg punya batu Infinity Stone gk?
pengen reset ulang Konoha, udh bobrok banget",2025-04-18 01:20:16+00:00,negatif
"Koruptor dihukum ringan karena sopan...
Koruptor dibebaskan karena nangis...
😅😅😅",2025-04-18 01:20:16+00:00,negatif
TOLO* Giliran makan duitnya kagk nangis 😂,2025-04-18 01:20:03+00:00,negatif
kukira cuma sound😭😭. pak malu ama badan😁,2025-04-18 01:19:44+00:00,netral
wkwkwkwk,2025-04-18 01:18:55+00:00,positif
😁😁😁 kok nangis ? hadapi sj pak.,2025-04-18 01:18:36+00:00,negatif
Negara agama,2025-04-18 01:18:20+00:00,positif
sampah aja masih bisa dikorupsi. anjir bener bener sampah,2025-04-18 01:17:31+00:00,netral
"Menikmati Uang Korup Prengas Prenges, Keciduk Nangis,..😂😂😂",2025-04-18 01:17:19+00:00,negatif
pas dapet duit nya ketawa pas di tangkep mewek,2025-04-18 01:17:10+00:00,negatif
"Kasihan amat saat ketangkep, saat shophing di mall gimana?",2025-04-18 01:16:47+00:00,negatif
au ah gelap,2025-04-18 01:16:23+00:00,negatif
enakkkk Kan sampai kenyang Kan 🤣🤣,2025-04-18 01:16:03+00:00,positif
pejabat tolo.......,2025-04-18 01:15:45+00:00,netral
Yang setuju mulyono ditangkap ayo tunjukan jari...,2025-04-18 01:15:21+00:00,negatif
sumpah kalau nangis begini di kuburan gw lari terkencing2..😁,2025-04-18 01:14:29+00:00,negatif
ko kenapa nangis😂,2025-04-18 01:14:15+00:00,positif
"korupsi SAMPAH,mereka lebih buruk dr SAMPAH",2025-04-18 01:13:30+00:00,negatif
malah yodeling jir,2025-04-18 01:12:40+00:00,netral
🤣🤣🤣🤣🤣🤣🤣🤣🤣🤣🤣🤣🤣🤣🤣🤣🤣🤣,2025-04-18 01:12:33+00:00,positif
"sy sebagai lapak sampah sedih dgn usaha sekarang,byk pabrik plastik di tutup alasan air nya kotori sungai dll ,dampak nya pabrik di tutup kalau ngga ngurus ke orang dinas ,kalau pabrik ttp otomatis lapak ga bs jual ,kalau lapak ga bs jual pemulung ga bs cari makan, coba sih pikirin rakyat di bawah nya bapak² dinas lingkungan hidup, kalau ga ada pemulung sampah bakal numpuk ga terurai, kadang kita sebagai lapak membantu pemerintah bersihkan sampah plastik di jalan",2025-04-18 01:12:27+00:00,negatif
🤣🤣🤣,2025-04-18 01:11:52+00:00,positif
hahahahaha,2025-04-18 01:11:05+00:00,negatif
sampah aja dikorupsi apalagi yang lain🤔🤔🤦🤦🤦,2025-04-18 01:10:49+00:00,negatif
tenang pak gak akan di sita...anak dan istri dipelihara oleh negara...big boss syg koruptor 😅😅,2025-04-18 01:09:50+00:00,negatif
😂😂😂😂,2025-04-18 01:09:47+00:00,positif
"iya woii di tangsel tuh truck sampah aja cuma ada 1 atau 2 gtu, itu pun udh ga layak pakai, bak angkut nya aja udh hancur. cuma di ikat tali biar ga pada rusak",2025-04-18 01:09:00+00:00,negatif
Sampah korupsi sampah🗿,2025-04-18 01:08:49+00:00,negatif
ini beneran suaranya....🤣🤣🤣,2025-04-18 00:15:17+00:00,netral
"sampah aja di korupsi...apalagi yg lain, emang manusia itu akan di uji dari hartanya, ekonominya, kesehatannya dan yg lainya. tinggal manusia nya saja bisa bersyukur Gk.",2025-04-18 00:14:55+00:00,negatif
😂,2025-04-18 00:14:05+00:00,positif
"pertanyaannya, anak istrinya berapa banyak?",2025-04-18 00:13:00+00:00,netral
"ketangkap nangis, ngasih makan anak istri ampe miliyaran diem dan enak""an pak aja, viralkan anak istri dan keluarga besarnya, biar uang yg buat makan dan dibagi"" uang hasil korupsi",2025-04-18 00:12:53+00:00,negatif
nangis nya kaya baru di putusin pacar. nggak s. 🗿,2025-04-18 00:12:29+00:00,negatif
"suoro tangisanmu loh, medeni anak bojoku😫",2025-04-18 00:12:23+00:00,positif
sampai segitunya makanya lauk nya apa,2025-04-18 00:11:40+00:00,netral
apasih kira² yg aman dari sentuhan koruptor di negeri ini? (keknya ga ada),2025-04-18 00:11:21+00:00,negatif
besok spitenk nih dikorupsi,2025-04-18 00:11:06+00:00,negatif
apa beneran nangisnya kaya gitu apa cuman sound aja,2025-04-18 00:10:45+00:00,netral
sampah di tangsel emang berantakan,2025-04-18 00:09:40+00:00,netral
@Ferry Irawan,2025-04-18 00:09:39+00:00,positif
pasti bebas soalnya koruptor punya ampunan ya itu berkelakuan baik 💀🤣🤣,2025-04-18 00:08:53+00:00,negatif
satu kata buat para koruptor...,2025-04-18 00:08:40+00:00,negatif
Amit2,2025-04-18 00:07:52+00:00,positif
tenang aja nanti dimafkan pak prabowo,2025-04-18 00:05:50+00:00,negatif
ini negara isinya kbnykn tikus,2025-04-18 00:05:09+00:00,negatif
gak bisa sawer LC lagi dong..🤣🤣,2025-04-18 00:05:02+00:00,netral
tapi pas lagi korupsi nya ga nangis inget rakyat tuh,2025-04-18 00:04:47+00:00,negatif
serius gitu nangisnya 🤣🤣🤣,2025-04-18 00:03:41+00:00,negatif
Ko nangis dh menikmati hasilnya bkn nya bahagia,2025-04-18 00:03:37+00:00,positif
buat makan anak istri 🤣🤣🤣🤣..Enak ya makan duit gitu???,2025-04-18 00:02:31+00:00,negatif
"gila nya ini negara, nangkep sabu obat2 an terlarang gampang bgt langsung kasih hukuman, tapi kalo kasus korupsi 🤣🤣 nangkep susah apalagi gak kunjung ada kejelasan putusan hukum , hukum mati kek",2025-04-18 00:02:29+00:00,negatif
🤣,2025-04-18 00:02:27+00:00,positif
"giliran korupsi Lo ktawa"" , pas ktauan trus dtangkep nangis"" Lo ,",2025-04-18 00:02:22+00:00,negatif
"cape w beritanya yg beginian mulu ,ini bangsa sedih amat,kt rakyat termasuk hebat ,tnp pemerintah jg kita rakyat terhebat",2025-04-18 00:00:34+00:00,negatif
"makan apa 76m,,",2025-04-18 00:00:18+00:00,netral
makannya apa banyak amat,2025-04-18 00:00:12+00:00,positif
apaaaa di bebaskan .....,2025-04-17 23:33:53+00:00,negatif
Kirain Ibu yg nangis.,2025-04-17 23:31:43+00:00,netral
😂😂😂😂😂😂😂😂😂,2025-04-17 23:31:19+00:00,positif
"kasihanilah pak, dia nangis kok😀",2025-04-17 23:29:22+00:00,netral
Makan apa sampe 75 miliar 😔,2025-04-17 23:25:34+00:00,negatif
giliran ke tangkep aja luh nangis ampe segitunya..,2025-04-17 23:23:25+00:00,netral
"ini negara segala jenis di korupsiii, BESOK LU MAU KORUPSI APAA LAGIII😭😭",2025-04-17 23:22:22+00:00,negatif
75M makananin anaknya apa,2025-04-17 23:22:20+00:00,positif
Kabid DLH = ternak Mulyono 😅,2025-04-17 23:21:04+00:00,netral
Kalau sudah begini nangis keras-keras minta pengampunan dan katanya di suruh. Kenapa mau kalau disuruh.,2025-04-17 23:20:31+00:00,negatif
75.9 buat makan apa?,2025-04-17 23:20:23+00:00,negatif
apa kagak pecah tu lambung makan segitu banyaknya 😂😂😂😂,2025-04-17 23:19:12+00:00,negatif
lelah banget liat berita kaya gini ya ampun ini orang pada kenapa hidupnya ngak pernah cukup,2025-04-17 23:15:31+00:00,netral
ih kirain efek sound...😂😂,2025-04-17 23:15:16+00:00,positif
honor 11 tahun,2025-04-17 23:15:01+00:00,positif
"masa' skelas KABiD susah kasih makan anak istri , skelas KASi PNS gaji + Tunjangan per Bulan trima 10 juta lebih 😅",2025-04-17 23:13:35+00:00,netral
yg nyuri pisang buat makan di arak keliling kampung .enak bangat mau minta bebas .,2025-04-17 23:10:06+00:00,negatif
wahh yg di Jogja jg harus di cek nih.. masa sampah Jogja bisa di buang ke Klaten..,2025-04-17 23:08:14+00:00,negatif
Kan? Ini negara bobrok sampe ke dalam dasar inti bumi..,2025-04-17 23:07:19+00:00,negatif
🤣🤣🤣🤣🤣,2025-04-17 23:06:02+00:00,positif
dimana2 korupsi tumbuh subut,2025-04-17 23:05:25+00:00,negatif
yaa allah..kenapa tuh orang..benar apa nangis,2025-04-17 23:05:02+00:00,positif
"pusing juga kan duit banyak kebutuhan ga ada, ya dah nangis solusinya",2025-04-17 23:03:33+00:00,positif
untuk makan,2025-04-17 23:02:34+00:00,positif
"kasiannya pekerja yg dibawah, cape, bau ngangkutin smpah, digaji kecil pulak, ternyata tikus kantornya yg kenyang makan duit",2025-04-17 23:02:21+00:00,negatif
siap 2 aj koruptor di tangkap satu persatu..👍,2025-04-17 23:01:45+00:00,negatif
mng Disuru ny git klo kena liatin muka sdih biar aset ny gk di ambil😁😁 nnti kn hati presd tersentuh ..,2025-04-17 22:59:19+00:00,negatif
heyyy.... kembalikan sj secara diam diam uang yg sudah kau nikmati.. biar aman!!! jgn bikin gaduh rakyat... 😂😂😂 ntr... klo dah aman blh brulah lg. kata si boneka mampang,2025-04-17 22:57:03+00:00,negatif
kabid DLH Tangsel kocak banget nih 😂,2025-04-17 22:53:58+00:00,negatif
"emang tiap hari yg di makan keluarganya apa kok korupsi sampai 75,9 M serius nanya nih 😂😂😂",2025-04-17 22:52:49+00:00,negatif
menangis apa menyanyi ? 🙄🤔,2025-04-17 20:49:57+00:00,negatif
Suaranya kek bunyi2an 😜😂🤣😂🤣😂,2025-04-17 20:49:43+00:00,negatif
di bali jg pasti di korup ini masalah sampah,2025-04-17 20:40:51+00:00,negatif
makan apa 70 M,2025-04-17 20:38:38+00:00,netral
gila aj kali sampe sampah aj g d iklasin. malah di bilang korupsi,2025-04-17 20:37:28+00:00,negatif
"sekalian istri nya dipidanakan,kan sudah menikmat/makan uang sampah nya...🥺",2025-04-17 20:29:09+00:00,positif
🤣🤣🤣🤣,2025-04-17 20:25:43+00:00,positif
😂😂😂😂,2025-04-17 20:24:02+00:00,positif
"75,9 M makan apa? makaaan apaaaaa???",2025-04-17 20:20:46+00:00,negatif
Encep ga sih ini yg nangis🤣🤣🤣🤣,2025-04-17 20:20:33+00:00,positif
yg di makan nasi permata x😅,2025-04-17 20:12:09+00:00,positif
🤣,2025-04-17 20:10:15+00:00,positif
kasian anak istri ya nanti GK bisa makan 🤣😂,2025-04-17 20:10:11+00:00,positif
🤣🤣🤣🤣🤣kocaaak,2025-04-17 20:07:32+00:00,positif
"Ehh Busyettt... 75,9M buat makan anak istri.
Kalo boleh nanya itu makanan anak istrinya apa ya ??",2025-04-17 20:04:47+00:00,negatif
"ini rupanya yang buat masalah rumah aku sampen numpuk terus ,udah bayar iuran ngambil aja jarang2 kayak anak kecil lagi nangisnya 🤣🤣🤣",2025-04-17 19:58:15+00:00,negatif
anaknya sekolah di swasta mahal. istrinya bergelimang emas. kalau bawa mobil beeeuh bukan main,2025-04-17 19:58:00+00:00,negatif
 [photo],2025-04-17 19:56:07+00:00,positif
buat makan😭😭 beli ikan sewaduk waduknya kali yak@rxlindxaa,2025-04-17 19:50:07+00:00,negatif
kirain sariosa,2025-04-17 19:49:35+00:00,netral
bebas kan..kasian..istri nangis,2025-04-17 19:48:36+00:00,negatif
kasian anak istrinya ...bantu presiden...🤣🤣,2025-04-17 19:46:17+00:00,positif
korupsi sampah aja merugikan negara gede juga ya apa lagi yg lain,2025-04-17 19:46:02+00:00,negatif
apa solusi buat menghentikan korupsi?,2025-04-17 19:45:30+00:00,negatif
"sound ini jadi keinget main counter strike, mapsnya Italia 😂",2025-04-17 19:43:15+00:00,negatif
@pesonaindonesia,2025-04-17 19:38:48+00:00,negatif
😂😂😂,2025-04-17 19:36:31+00:00,positif
"tak kira aku scroll masuk gedung opera, kek ada yg nyanyi, ehh tibaknya...",2025-04-17 19:33:33+00:00,negatif
😂🤣,2025-04-17 19:33:09+00:00,positif
tuh kan satu persatu para koruptor ketangkap..,2025-04-17 19:32:04+00:00,negatif
🤣🤣🤣🤣🤣🤣,2025-04-17 17:17:34+00:00,positif
walau ibu ini nangis darah hkum tetap tegak lurus. kan enak bu ngabisin uang rkyat wktu anda ngabisin uang ny anda tdak nangis malah anda berfoya2,2025-04-17 17:17:23+00:00,negatif
🤣🤣🤣🤣🤣🤣,2025-04-17 17:17:12+00:00,positif
"hallo para beatmakers, tangisannya mesti di-sampling.",2025-04-17 17:16:27+00:00,netral
"anak istrinya mkn apa smpe 75,9 M?",2025-04-17 17:16:23+00:00,negatif
wes jembud en sek nangis AE...cup cup...,2025-04-17 17:14:04+00:00,positif
😁😁😁😁😁😁ketawanya lucu,2025-04-17 17:13:07+00:00,positif
maafin aj pak cuman segitu kok kl maling ayam harus beratkn.,2025-04-17 17:12:20+00:00,negatif
"ulang2 gua putar , knp istrinya nangis gak di sorot, taunya kabidnya yg nangis😢😩 klw gak ketauan ketawa ketiwi pas ketangkep 😭 rusak bener😢",2025-04-17 17:12:08+00:00,negatif
parah,2025-04-17 17:11:59+00:00,negatif
isi berita korupsi terus,2025-04-17 17:11:16+00:00,negatif
Geus kena mah mewek ari can keuna mah lagu na sebakul🗿,2025-04-17 17:10:58+00:00,positif
"makan apa smpe 75,9 miliar pak🗿",2025-04-17 17:10:19+00:00,negatif
mantap sekali,2025-04-17 17:10:02+00:00,positif
@rika•ﻌ• @Meixordium_art @Firda listiani whattttt,2025-04-17 17:08:51+00:00,negatif
"Lawak, Makan serpihan emas tabur caviar diatas pajero ka tiap hari kykny maknya sampai 75.9 Miliar",2025-04-17 17:08:37+00:00,negatif
😂😂😂,2025-04-17 17:08:12+00:00,positif
"siapa yang nangis si😭😭
ngakak bett guee",2025-04-17 17:08:10+00:00,netral
😁😂😂,2025-04-17 17:07:51+00:00,positif
capek-capek bayar pajak tanah dan motor hasilnya kaya gini🗿🗿🗿,2025-04-17 17:07:24+00:00,positif
😌,2025-04-17 17:05:17+00:00,positif
"besok besok janda yg di korupsi... hati"" yg jd janda",2025-04-17 17:04:49+00:00,negatif
kertas juga aada yg ngorup,2025-04-17 17:04:17+00:00,negatif
"soundnya bikin gemes, cocok dibikin jj",2025-04-17 17:03:59+00:00,netral
anjir korupsi? tapi yang dikorupsi sampah? sampe 75 miliar? sumpah gue baru tau kalo sampah bisa dikorupsi juga😭 stres banget,2025-04-17 17:03:47+00:00,negatif
🤣🤣🤣,2025-04-17 17:03:43+00:00,positif
@inihana💐 dia kenapa?,2025-04-17 17:03:37+00:00,negatif
oalahhh... sampah pun dikoruppp,2025-04-17 17:03:11+00:00,negatif
kira-kira siapa ya pemimpin yang bisa memberantas koruptor,2025-04-17 17:01:41+00:00,netral
🤣🤣🤣🤣,2025-04-17 16:32:49+00:00,positif
kek suara tawon,2025-04-17 16:31:05+00:00,positif
airmata buaya,2025-04-17 16:28:50+00:00,netral
kok nagis pak biar dapat keringanan ya,2025-04-17 16:28:43+00:00,netral
pas makannya jetawa2,2025-04-17 16:27:53+00:00,positif
Ululuuuuu cupcupcup,2025-04-17 16:27:42+00:00,positif
Lampung ne boss...benasin lah...kasih denda 5 m aka,2025-04-17 16:27:35+00:00,negatif
air mata buaya,2025-04-17 16:27:14+00:00,netral
wah KLO pak Wowo tau nti bilang anaknya gmn nasibnyaa...,2025-04-17 16:25:35+00:00,positif
😂😂😂😂😂😂,2025-04-17 16:25:23+00:00,positif
negara emang dari bawah sampe atas pasti ada korupsi nya,2025-04-17 16:25:20+00:00,negatif
🤣🤣🤣🤣.... ada aja..,2025-04-17 16:25:13+00:00,negatif
buset sampah pun di korup??,2025-04-17 16:24:57+00:00,negatif
😂😂😂,2025-04-17 16:24:51+00:00,positif
korupsi sampah maksudnya gimana,2025-04-17 16:24:03+00:00,negatif
🤣🤣🤣,2025-04-17 16:23:46+00:00,positif
"wkwk 75 M untuk makan anak istri, bisa stok bertahun tahun, parah nih alesan",2025-04-17 16:23:13+00:00,negatif
Wkwkwkkwkwkwk,2025-04-17 16:22:02+00:00,netral
udh ketangkep mewek 😌😌😌,2025-04-17 16:21:56+00:00,netral
😂😂😂😂,2025-04-17 16:21:34+00:00,positif
Wah.... Buat ring tone nih.😂😂😂😂😂,2025-04-17 16:21:22+00:00,negatif
😅😅,2025-04-17 16:20:50+00:00,positif
Tangisan apa itu???,2025-04-17 16:19:40+00:00,negatif
🤣🤣🤣🤣🤣🤣,2025-04-17 16:18:06+00:00,positif
benar kata orng tanah kita tanah surga tongkat kayu dan sampah pun jadi duitt,2025-04-17 16:17:51+00:00,netral
"makin parah koroptor gimana si pk prabowo hrsnya yg tegas mebangani naling2, rakyat nakin sengsara ni",2025-04-17 16:17:30+00:00,negatif
Di parab naon mang 75 m,2025-04-17 16:17:22+00:00,negatif
Kasiaan anak Istrinya d ksh makan duit hasil kayak gtu....yg ada jd penyakit,2025-04-17 16:16:54+00:00,negatif
tangsel kaga ada kemajuan dari dulu cuma di daerah swastanya yang keurus,2025-04-17 16:05:48+00:00,positif
"astaga padahal pentingloh menjaga kebersihan , mudahan2 lebih di perhatikan lagi untuk pengangkutan sampahnya dan tempat sampah di seluruh Indonesia",2025-04-17 16:05:07+00:00,positif
air mata ap di namakan yg seperti in,2025-04-17 16:05:01+00:00,positif
75.9m makan apa? kalo makan sapi aja udah dapat sapi se benua eropa,2025-04-17 16:04:05+00:00,negatif
"korupsi skrng gila2an ,ngk ada takut2 nya,,",2025-04-17 16:03:56+00:00,negatif
"Pantes tangsel mobil sampah nya gaada yg layak, membahayakan penggunan jalan lain😏",2025-04-17 16:03:54+00:00,netral
sekarang nangis dulu bahagia,2025-04-17 16:02:56+00:00,positif
😂😂😂😂😂,2025-04-17 16:02:54+00:00,positif
"kasian pak itu dia buat ngasih makan anak istri nya,,,,
mungkin cuma itu mata pencaharian nya,,,,
TAPI 🤔🤔🤔75,9 M,,,,,???",2025-04-17 16:02:35+00:00,netral
kocak lu pak...🤣😂😅😄,2025-04-17 16:02:24+00:00,netral
😡😡😡😡,2025-04-17 16:02:17+00:00,positif
ibunya lagi seriosa😭,2025-04-17 16:00:46+00:00,netral
lah gw kira suara kunti 😂,2025-04-17 16:00:23+00:00,netral
duit 75M buat beli makan apa pak..disini nasi goreng cuma 15rb seporsi,2025-04-17 16:00:00+00:00,negatif
astagaa,2025-04-17 15:59:21+00:00,netral
tak inpoin sound baru min @pesonaindonesia,2025-04-17 15:59:04+00:00,negatif
ngerii ngerii ngerii beritane setiap hari kprupsi... gass poll,2025-04-17 15:58:12+00:00,negatif
tangisan mba kunti 🤣,2025-04-17 15:58:10+00:00,positif
😂😂😂,2025-04-17 15:58:05+00:00,positif
mungkin cuma ngasih makan anak istrinya tp ngasih makannya sambil keliling dunia makanya habisnya banyak😁🔥🔥,2025-04-17 15:57:54+00:00,netral
w kira suara mba kuntiii🤣,2025-04-17 15:57:53+00:00,positif
judulnya bener ini? klo iya penasaran rumahnya dan menu makanan sehari2nya apa smp rela korupsi buat makan anak-istri,2025-04-17 15:57:44+00:00,negatif
76M buat makan anak istri nya?? ada berapa puluh istri itu dia 🤪🤣,2025-04-17 15:57:41+00:00,negatif
malu lah,2025-04-17 15:57:09+00:00,negatif
🤣🤣,2025-04-17 15:56:53+00:00,positif
😜😜😜,2025-04-17 15:56:22+00:00,positif
😂😂😂😂😁👍,2025-04-17 15:55:58+00:00,positif
selamat😂,2025-04-17 15:55:48+00:00,positif
Naikkan Gajinya biar Ga Korupsi 😁,2025-04-17 15:55:47+00:00,negatif
"malu kalau akumah, sayang dia nya gak tahu malu ya",2025-04-17 15:55:32+00:00,negatif
kalau nangis gini berarti dia tidak punya banyak uang biasanya koruptor senyum senyum kalau ketangkap,2025-04-17 15:26:26+00:00,negatif
ikhlaskan saja toh negeri kita negeri kaya😂,2025-04-17 15:26:06+00:00,positif
kasus tanggul bojonegoro 40 M jebol,2025-04-17 15:25:54+00:00,negatif
uda biasa denger ratusan bahkan ribuan triliun kok 75m kedengeran gw receh bgt,2025-04-17 15:25:21+00:00,negatif
"lepasin aja pak, kata presiden kasian anaknya nanggung dosa dan kemiskinan gara-gara bapaknya🤡",2025-04-17 15:25:08+00:00,positif
ini suara si bapak ??,2025-04-17 15:24:53+00:00,negatif
5374n,2025-04-17 15:24:23+00:00,negatif
KORUPSI SAMPE SE SAMPAH SAMPAHNYA,2025-04-17 15:24:11+00:00,negatif
"hampir disemua lini korupsi, artinya mayoritas rakyat memang bobrok cuma beda kesempatan aja🗿",2025-04-17 15:24:01+00:00,negatif
😅,2025-04-17 15:23:58+00:00,positif
bagus banget akting nya....keren,2025-04-17 15:23:46+00:00,negatif
😁😁kaget sy mlm2 sendiri lg,2025-04-17 15:23:35+00:00,positif
dari sekian banyak nya negara kenapa Indonesia tmpt lahir gw😌,2025-04-17 15:23:00+00:00,positif
Asiik nih buat dijadiin sound😂,2025-04-17 15:22:58+00:00,netral
wkwkwk sontoloyo🤣🤣🤣,2025-04-17 15:22:51+00:00,positif
"jangankan sampah, zakat orang saja di sikat, pokoknya kalau di Indonesia tidak ada yang tidak dikorupsi!!!!",2025-04-17 15:22:38+00:00,negatif
sampah ajs di korup..bingung dgn negara ini..,2025-04-17 15:22:18+00:00,negatif
Bersih2 terus Tangerang😍,2025-04-17 15:21:51+00:00,positif
plisss beli lakban hitam,2025-04-17 15:21:45+00:00,negatif
Lagi nyanyi ya😂,2025-04-17 15:21:40+00:00,positif
merdoe sangat suaranja,2025-04-17 15:21:34+00:00,negatif
75 m dibliin mie instan dapet bnyak kyknya,2025-04-17 15:21:16+00:00,negatif
uuuhh kasian banget yaa,2025-04-17 15:21:13+00:00,negatif
mang gk ada audit neraca keuangan ta sampai separah2 itu,2025-04-17 15:21:10+00:00,negatif
pantesan mobil mobil sampah tangsel pada ringsek 😅😅😅,2025-04-17 15:21:08+00:00,negatif
😂😂😂😂,2025-04-17 15:20:57+00:00,positif
ada gituu setan cengeng .....🤣🤣🤣🤣,2025-04-17 15:20:54+00:00,negatif
😂😂,2025-04-17 15:20:39+00:00,positif
"75,9M sakjane ki mangan Yamaha SHS-500 opo pie cak",2025-04-17 14:58:50+00:00,netral
"maafkan saja, kasihan anak dan istrinya 😁",2025-04-17 14:58:41+00:00,negatif
meriang kaya nya,2025-04-17 14:58:37+00:00,positif
"yang mana sampahnya yang di tangkep kah
-serius nanya",2025-04-17 14:58:22+00:00,negatif
Yg nangis siapa sik 😂,2025-04-17 14:58:13+00:00,netral
😭😭😭😭😭,2025-04-17 14:58:12+00:00,positif
😳,2025-04-17 14:57:41+00:00,positif
"aku kira tangisan kuntilanak...
kok mirip bgt hya...
merinding.,",2025-04-17 14:57:14+00:00,negatif
ngakak baca komen😂😂😂,2025-04-17 14:57:11+00:00,negatif
Makan apa pak? Makan kekayaan pak😭,2025-04-17 14:57:08+00:00,positif
jika dosa bs dikorupsi.... pasti habis juga dosa seluruh umat manusia.,2025-04-17 14:57:06+00:00,negatif
😂😂😂😂😂😂😂😂😂,2025-04-17 14:56:33+00:00,positif
"tangisan indosiar....terima duitnya ketawa.....ekting
menangis...🤣🤣",2025-04-17 14:56:32+00:00,negatif
ketawa karir😂,2025-04-17 14:55:36+00:00,netral
diam gak?!!,2025-04-17 14:55:34+00:00,negatif
halah air mata buaya,2025-04-17 14:55:32+00:00,netral
mobil sampah gak layak di tangsel.. apa bener itu mobil sampah yg lewat di bsd,2025-04-17 14:55:17+00:00,negatif
"makan apa 75.9 M itu, makan emas batangan?",2025-04-17 14:55:00+00:00,negatif
sampah pun di korupsi aduhhh 😂😂,2025-04-17 14:54:30+00:00,negatif
"maaf dikonoha ini blm ada satu pun presiden yg bs memperbaiki ahlak para pejabat dan memusnahkan tikus2 negara , yg ada malah kerjasama sm tikus2 biar ttp berkuasa 3 priod eh",2025-04-17 14:54:30+00:00,negatif
🙈🙈🙈🙈🙈,2025-04-17 14:54:01+00:00,positif
"kok ketawa ya...?
luar biasa",2025-04-17 14:53:41+00:00,netral
yang nangis yang mana si,2025-04-17 14:53:36+00:00,netral
75.9M daang naon emngnya mnh doang nu kudu maraban anak istri th,2025-04-17 14:52:58+00:00,negatif
masih liga 2 ini mah,2025-04-17 14:52:51+00:00,positif
@nostferatu 75m makan apa anjr,2025-04-17 14:52:35+00:00,positif
kaget😂😂😂😂😂kirain beneran dia yng mewek😂😂😂😂😂,2025-04-17 14:52:20+00:00,positif
tenang kan ada persiden. ya g kan ngasi kebijakan paling juga 3 THN penjara,2025-04-17 14:51:54+00:00,negatif
🤣🤣🤣,2025-04-17 14:51:22+00:00,positif
coba nonton one piece suara e kayak pica,2025-04-17 14:50:51+00:00,negatif
"pas nikmatin huwahahah, pas gini ....",2025-04-17 14:28:11+00:00,negatif
"butuh Belanda buat regenerasi Indonesia ini , asli dah.",2025-04-17 14:26:19+00:00,negatif
semakin banyak yg tertangkap tangan.,2025-04-17 14:25:10+00:00,negatif
Wkwkkwwk cocoootee,2025-04-17 14:24:46+00:00,positif
"maaf 75,9 milyar untuk makan.. positif aja mungkin setiap makan d resto langsung dibeli SM resto nya sekalian🙃",2025-04-17 14:23:26+00:00,negatif
sedih masih no komen yg di atas,2025-04-17 14:23:24+00:00,negatif
🤣🤣🤣,2025-04-17 14:23:03+00:00,positif
"pas trima duit nya adem ayem cengar cengir.giliran harus tanggung jawab meweek 🤣🤣🤣.
uang bisa membahagiskan dan juga mencelakakan",2025-04-17 14:21:14+00:00,negatif
Dia cuma terharu... biasanya berangkat sendiri.. atau paling mentok pake supir.. sekarang berangkat rame2.. di pegangin pula.. terharu ajah dia..,2025-04-17 14:21:02+00:00,negatif
haaaahhhh😭 luuu kirraa anak istri lu aja yang butuh makann??😭😭😭,2025-04-17 14:20:35+00:00,negatif
koruptor ditangkap tp soundnya mesin ngadat 😭😭😭,2025-04-17 14:18:47+00:00,negatif
kantallll kantaallllll.. haekkk,2025-04-17 14:18:16+00:00,negatif
yah ampun Bu kan udah nikmati,2025-04-17 14:17:15+00:00,negatif
yang gak doyan sampah siapa hayooo🤣🤣🤣,2025-04-17 14:16:50+00:00,positif
"75,9 🗿🗿🗿 @bellabells",2025-04-17 14:16:48+00:00,positif
kasih 1 aja hal apa yang gak di korup di indo😭,2025-04-17 14:16:47+00:00,negatif
busehhhh🤣🤣,2025-04-17 14:16:23+00:00,positif
Knalpot limit,2025-04-17 14:16:14+00:00,negatif
latihan vokal ya?,2025-04-17 14:15:53+00:00,netral
Lagi nangis beliau ya?🗿,2025-04-17 14:15:47+00:00,negatif
🤣🤣🤣,2025-04-17 14:15:33+00:00,positif
korupsi sampah maksud ny gimana ya aq kurang ngerti belom bc komen..,2025-04-17 14:15:13+00:00,negatif
🤣🤣🤣,2025-04-17 14:15:01+00:00,positif
🚗 : eueueueueueuuuu Vrooommmm 💨💨,2025-04-17 14:14:55+00:00,negatif
serius ini tangisan nya .. 😆,2025-04-17 14:14:32+00:00,positif
"yang begini cepet nangkep nya, yang jelas"" merugikan negara masih Ita itu Ita itu",2025-04-17 14:14:14+00:00,negatif
heeehhhhh😂,2025-04-17 14:13:51+00:00,positif
"bebaskan saja, menurut pak presiden juga kasihan anak istrinya mereka punya hak axasi manusia 😁",2025-04-17 14:13:49+00:00,negatif
cus min dibikin sound @pesonaindonesia,2025-04-17 14:13:45+00:00,positif
korupsi sdh merata dan sdh menjadi hal yg lumrah di negri Konoha,2025-04-17 14:13:35+00:00,negatif
ang ang ang,2025-04-17 14:05:31+00:00,netral
Maksud nya apa sih korupsi sampah? 😁😁😁,2025-04-17 14:05:31+00:00,negatif
Paak ya Allah 😌,2025-04-17 14:05:14+00:00,positif
Suara nangisnya keren juga buat nada dering telpon masuk 😂,2025-04-17 14:05:04+00:00,negatif
"75,9 miliar mah bukn cm buat makan anak istri,, tpi buat makan ank cucu, tetangga dn sekelurahan🤣🤣🤣🤣🤣",2025-04-17 14:04:48+00:00,negatif
enak aj luuuu,2025-04-17 14:04:46+00:00,negatif
maluuuu dah gedeee nangeeeessss,2025-04-17 14:04:43+00:00,negatif
cengeng gobelogg siku oge kuaing,2025-04-17 14:04:43+00:00,netral
sampah pun dikorupsii bzirrrr,2025-04-17 14:04:36+00:00,negatif
"ngutelll,,lgi ngutell lgi 🤣🤣",2025-04-17 14:04:34+00:00,netral
cape gue,2025-04-17 14:04:28+00:00,positif
🤣🤣🤣baru kali ini denger orang nagis malah nek ...,2025-04-17 14:04:21+00:00,negatif
"Sekedar informasi buat temen²
Hati2 belanja di alfamart ataupun indomart
Hati hati kalo parkir motor....
Kejadiannya malam kemaren...
Pas saya belanja minum ke Alfamart..
Dan beli kebutuhan lain nya...pas saya keluar biasanya langsung pulang,tapi knapa malam itu saya minum,duduk diluar...
Nah pas itu ada orang datang pakai motor Rx king..dia berdua, yang bawa badan nya besar tinggi itam, yang satu lagi biasa aja tapi tatoan banyak...
Lah pas saya perhatiin dia ngincar motor scopy warna merah.. dan dia lirik kanan kiri.. mondar mandir di area tersebut...
Lalu saya masuk ke dalam alfamart tersebut nanya sama kasir nya...mbak cctv nya hidup gak mbak yg di luar..?
Mbak nya jawab mati mas blm di perbaiki..
Terus saya keluar lagi..
Minjam hp bapak2....mau video in,, malah hp bapak nya nokia 1205.. mana gaada kamera nya. kalo disamperin takut saya orang nya seram.
Jadi jalan satu2 nya saya keluar kan hp saya Samsung 30 Ultraman ram 24 gb nominus fulset kira2 laku berapa yaa???",2025-04-17 14:04:21+00:00,negatif
nangis ekting baxak duit 75 m bisa beli beras sam gudangxa,2025-04-17 14:04:16+00:00,negatif
nangiss ga kluar air mata penjarakan seumur hidup orang2 koplak,2025-04-17 14:04:11+00:00,negatif
makan apaan 75M 😂,2025-04-17 14:04:07+00:00,netral
kerja ditempat yang bersih tapi penghasilan lebih kotor dari yang kerja ditempat sampah.,2025-04-17 14:04:02+00:00,netral
"waktu makan uang nya, nangis nggak...?",2025-04-17 14:04:01+00:00,negatif
🤣🤣,2025-04-17 14:04:00+00:00,positif
"jgn putus sampe Kadisnya aja, setoran itu sampe atas (Walikot)🔥🔥🔥",2025-04-17 14:03:45+00:00,negatif
itu siapa yg nangis kocak banget😭🤣,2025-04-17 14:03:44+00:00,positif
ujung ujung bebas juga,2025-04-17 14:03:40+00:00,negatif
"waktu blm ketahuan asik menikmati uang haram, giliran ketahuan baru nyesel ingat anak istri 🙄",2025-04-17 14:03:38+00:00,negatif
Saha nu nangisna..,2025-04-17 14:03:28+00:00,netral
😂😂😂😂,2025-04-17 14:03:09+00:00,positif
Ho Ho Ho gitu dong,2025-04-17 14:03:02+00:00,netral
anak bini makan apa sampe 75.9 m,2025-04-17 14:02:59+00:00,negatif
lawan ketawa itu ya nangis itulah kehidupan,2025-04-17 14:02:52+00:00,positif
Mangan opo pak anakmu,2025-04-17 14:02:49+00:00,netral
huuuuh,2025-04-17 14:02:43+00:00,negatif
Astagfirlloh ….. pada rakus rakus banget yaaa 😌😌😌,2025-04-17 13:43:17+00:00,negatif
negara ini perlu di restore CTRL + AlT + DEL .. SETELAH ITU F8... pilih Restore... ikuti petunjuknya.. Gas lagi guys... #CyberPrabowoMania08 #PrabowoMania08 #JOMAN #Kajati_Banten,2025-04-17 13:42:59+00:00,negatif
Maluu ihhhhh,2025-04-17 13:42:50+00:00,negatif
bhabhi,2025-04-17 13:42:23+00:00,netral
wkwkwkkwwk ngakak apa suara tangisan ny badan gede suara kek hello Kity 🤣,2025-04-17 13:42:20+00:00,negatif
nangis krn gak bisa foya2 lagu😂😂😂,2025-04-17 13:42:20+00:00,netral
"biaya makan sampai 75. milyar. ,,makan apa. ya. ,,,bnyk.amat. ,,,jujur. pa,,,jujur jgn nangis. ,🤭🤭🤭🤭",2025-04-17 13:42:20+00:00,negatif
Ibu ini tau tangisannya pasti sangat berguna bagi nusa dan bangsa di era presiden yg sangat memikirkan nasib keluarga koruptor.,2025-04-17 13:42:18+00:00,positif
@Yyesmom._. @𝙋𝙖𝙣𝙙𝙪♓ buset 75M buat makan doang? makan apaan mereka 🤣,2025-04-17 13:42:07+00:00,negatif
hmmmm masih hidup ini pak GK bakal mati tenang aja selama BPK masih di indo hukum pasti berbihak sama BPK kok asal cuan ya di transfer yang bener 😌😌,2025-04-17 13:42:00+00:00,negatif
75 JT buat anak istri sisanya foyafoya jajan LC 🤣,2025-04-17 13:41:53+00:00,positif
susah menghentikan koruptor saya yang vokal aja dipecat gaes 😁😁😁,2025-04-17 13:41:47+00:00,netral
"falseto dan vibranya dapet banget ini, cocok banget kalau ikut Indonesia Idol 2025",2025-04-17 13:41:32+00:00,negatif
aduuuh nyeselkan,2025-04-17 13:41:31+00:00,netral
ditangkap nanges,2025-04-17 13:41:31+00:00,negatif
"pantes dulu mantan suami blg, kalau bpjs atau asuransi buat isti melahirkan atau sakit gaada, uangnya jgn jgn dikorup ya, terus kalau ga masuk tanpa keterangan dipotong sehari 400rb😭",2025-04-17 13:41:24+00:00,negatif
seperti nya semua pejabat kalo korupsi ketangkap nanggis pura pura sakit dan ujung ujung suap hakim bebas inilah hukum yang ada di Indonesia untuk pejabatnya.kalo hukum untuk rakyat Indonesia berat banget.,2025-04-17 13:41:07+00:00,negatif
mlm jumat denger suaru bgtu jd merindingggg,2025-04-17 13:40:30+00:00,negatif
😁😁cewek😏😏,2025-04-17 13:40:27+00:00,positif
klu bisa tangkap semua tampa ter kecuali untuk bayar utang negri ini biar NKRI bebas utang malu,2025-04-17 13:40:06+00:00,negatif
pantesan orang yg korupsi perut y bunciitt..makan tidur duduk d meja aja maen catur..duit sampah d lebook..ngerti x bahasa Sunda lebook sampe mm an🤣,2025-04-17 13:40:00+00:00,negatif
ku kira kerasukan diaa😭,2025-04-17 13:39:52+00:00,netral
buat sound kenalpot bagus nih🤣🤣🤣,2025-04-17 13:39:38+00:00,netral
kok nangis,2025-04-17 13:39:28+00:00,netral
kok cuma 1 orang yach.... uang sgtu besar nya 75.9M....☺,2025-04-17 13:39:06+00:00,negatif
sampah aja masih di korupsi 😁,2025-04-17 13:38:34+00:00,negatif
"soudnya ngak asli, td Bru aja lewat ibu ibu yg di genggam tangannya sama suaminya, berdua gandengan make baju orange.
pdhl pingin dengar suara aslinya kahid DLH ini",2025-04-17 13:38:22+00:00,negatif
sampah aja di korupsi… sekali lagi sAmPaHH,2025-04-17 13:38:15+00:00,negatif
sampe ke sampah sampah nyajuga ikut di korupsi juga edan,2025-04-17 13:38:08+00:00,negatif
Nangis krna ga bklan mkn daging lg mereun🤣,2025-04-17 13:38:07+00:00,netral
lagi dapet duit nya ketawa tawa.,2025-04-17 13:29:58+00:00,negatif
kalo di bebasin brarti di suap udah gitu aja,2025-04-17 13:29:56+00:00,negatif
"tangisan seharga 75,9 Miliar 😭",2025-04-17 13:29:51+00:00,negatif
disuruh? berarti yg nyuruh masih ... 😉😉,2025-04-17 13:29:42+00:00,negatif
bnyk bnget yg korup tp knp Bru PDA ktahuan yaaa,2025-04-17 13:29:37+00:00,negatif
tenang kita tuntut semua di akhirat kita masuk surga berjamaah,2025-04-17 13:29:32+00:00,positif
kocak 😂,2025-04-17 13:29:29+00:00,netral
sampah aja di korupsi 🗿,2025-04-17 13:29:18+00:00,negatif
anak istrinya makan apaan pak? nasinya diganti berlian pak tiap hari?,2025-04-17 13:29:11+00:00,negatif
pasar. Ciputat sampah' numpuk,2025-04-17 13:29:01+00:00,negatif
uangnya cukup buat bayar utang dipinjol dan bank...harusnya pinjol dan bi cheking di hapus juga ..agar tidak memberatkan rakyat...jdi rakyat bisa pinjam lagi dan ekonomis berputar...,2025-04-17 13:28:54+00:00,negatif
Kok nangis 🙄🙄🙄🙄🙄🙄🙄🙄🙄🙄,2025-04-17 13:28:50+00:00,netral
dari sutradara nya sdh di informasi kan,2025-04-17 13:28:50+00:00,positif
"kocak 😂😂😂
lagi dapat uang nya ketawa ketawa 😂😂😂",2025-04-17 13:28:46+00:00,netral
beurat ku ngaran euy🤭 meni gagah ngaranna mah,2025-04-17 13:28:17+00:00,negatif
astaghfirullah... kebanyakan orang.. makin kaya... malah Semakin Rakus dengan Duit.. egk mikir Saudara nya yang sebangsa setanah air ini masih Banyak yang.. Belum makmur Ekonomi keluarga nya..,2025-04-17 13:27:55+00:00,negatif
semenjak pak Prabowo jadi presiden banyak banget yg tertangkap yg korupsi ..trus pak lajutn sampe ke akar2 nya biar Indonesian makmur sejahtera,2025-04-17 13:27:44+00:00,negatif
@🦩 @AprilllShop @Maujajanlagi meni raeng,2025-04-17 13:27:34+00:00,negatif
nangisnya gua kira itu bunyi backsoundnya 😑,2025-04-17 13:27:21+00:00,netral
kaya kunkun nangisnya..,2025-04-17 13:27:19+00:00,netral
kasih makan anak istri yg mana itu pertanyaannya,2025-04-17 13:27:08+00:00,negatif
Soundnya oke juga,2025-04-17 13:27:04+00:00,netral
🤣🤣🤣🤣🤣🤣,2025-04-17 13:26:52+00:00,positif
Sebentar lagi jd back sound di tiktok,2025-04-17 13:26:16+00:00,negatif
😁😁😁😁😁😁😁😁,2025-04-17 13:25:57+00:00,positif
Negara ini perlu di istal ulang,2025-04-17 13:25:44+00:00,negatif
"BERANI BERBUAT HARUS BERANI TANGGUNG JAWAB PAK
KOK MALAH NANGIS 😂",2025-04-17 13:25:41+00:00,netral
makan emas apa dia dan keluarganya,2025-04-17 13:25:19+00:00,positif
sabar ya nak sabar....,2025-04-17 13:25:08+00:00,negatif
😂😂😂😂😂,2025-04-17 13:18:47+00:00,positif
itu nangis?,2025-04-17 13:18:42+00:00,negatif
ingat itu baru hukum dunia yah bisa lah ketawa lagi pas udah keluar,2025-04-17 13:18:37+00:00,negatif
"oh ini yg dibilang suami gw, nangis buat hukumannya ringan 😏",2025-04-17 13:18:35+00:00,positif
"mobil dinas msh layak pakai dan mulus sering di ganti ke yg baru, truk sampah smpe bak nya rusak parah air ngucur sepanjang jalan di hiraukan",2025-04-17 13:18:24+00:00,negatif
waktu makan duitnya ketawa ketawa pas ketangkep nangis tersedu sedu.,2025-04-17 13:18:14+00:00,negatif
🤪🤪🤪🤪🤪🤪🤪🤪🤪🤪🤪🤪🤪🤪🤪🤪🤪🤪🤪🤪🤪🤪🤪🤪🤪🤪🤪🤪🤪🤪,2025-04-17 13:18:12+00:00,positif
ITU UANG YA BUKAN BATU!,2025-04-17 13:18:04+00:00,negatif
🤣😂😂,2025-04-17 13:17:57+00:00,positif
udah gila ini gila udah pada korupsi aja ...pemerintah belajar lah dari pak harto ..kalau nerima karyawan...,2025-04-17 13:17:57+00:00,negatif
mmmmmmmmm.....mmmmmmmm....emang enak mmmmmmmm... sedih aku mmmmmmmmm......,2025-04-17 13:17:50+00:00,negatif
🤭🤭🤭 anak istrinya makan apaan sih?,2025-04-17 13:17:33+00:00,netral
yeeu malah ngelenong,2025-04-17 13:17:33+00:00,negatif
😭😭😭😭😭,2025-04-17 13:17:22+00:00,positif
podaran tuman,2025-04-17 13:17:14+00:00,netral
gara2 aanis,2025-04-17 13:17:09+00:00,positif
masih untung banyak,2025-04-17 13:17:06+00:00,negatif
kasih makan anak istri 75m,2025-04-17 13:17:01+00:00,positif
"""pikirin nasib anak istrinya kalau koruptornya dihukum"", kata pejabat negara yang mana ya waktu itu, lupa",2025-04-17 13:16:51+00:00,negatif
"enak gaes biaya makannya 75 miliar, kira"" makanannya Ferrari ga ya dicemilin?🤣🤣",2025-04-17 13:16:35+00:00,negatif
Tangisan suara tikus kejepit pintu persis banget.,2025-04-17 13:16:27+00:00,negatif
"kasian juga sih, buat makan 75 milyarnya... kalau bisa tambahin kasih pesangon buat beli susu anak 10 molyar lagi",2025-04-17 13:16:24+00:00,negatif
Dari Intonasi Tangisannya aja udah keliatan Kek menghina 🤣,2025-04-17 13:16:21+00:00,negatif
😂😂😂😂😂😂,2025-04-17 13:16:19+00:00,positif
"rakuss amett
sampah di makan",2025-04-17 13:16:15+00:00,negatif
paling nanti hukumannya gak sampe 6 thn.,2025-04-17 13:16:02+00:00,negatif
"Jangankan 75,9 Miliar, 1 juta per bln sj utk makan anak istri kami bersyukur, hidup sederhana dan menghindari gaya hidup hedonisme, banyak sabar dan berdoa dan kuatkan iman serta imun, itulah kami",2025-04-17 13:16:00+00:00,positif
😂😂😂,2025-04-17 13:15:58+00:00,positif
🤣🤣🤣,2025-04-17 13:15:52+00:00,positif
"kesian anak isterinya nanti mau makan apa, udahlah dibebasin aja, g usah dipenjara",2025-04-17 12:59:39+00:00,negatif
@Pesona Indonesia laguu baruu nih baguss😘,2025-04-17 12:59:37+00:00,negatif
🤣🤣🤣,2025-04-17 12:59:34+00:00,positif
sumpah cuma negara Indonesia korupsinya besar²an 😭😭,2025-04-17 12:59:25+00:00,negatif
oek....oek....oooohooook😂😂,2025-04-17 12:58:53+00:00,negatif
bebasin pak bebasin siapa tau klo bisa di bebasin dia bisa naik pangkat pak👍👍,2025-04-17 12:58:42+00:00,negatif
kapok,2025-04-17 12:58:35+00:00,negatif
"75,9M buat makan?
beli mie ayam pada punah tuh ayam",2025-04-17 12:58:30+00:00,negatif
🤣🤣🤣,2025-04-17 12:58:18+00:00,positif
😎😎😎,2025-04-17 12:58:12+00:00,positif
ang ang aaaaaang,2025-04-17 12:58:06+00:00,netral
sama ni kab juga blm keliatan anggaran untuk dlh.a ada tapi pekerja a.ga ada,2025-04-17 12:57:57+00:00,negatif
pusing ihhhhhh😌,2025-04-17 12:57:56+00:00,negatif
MAKAN TAUN SAMPE 76M😂😂😂😂😂,2025-04-17 12:57:37+00:00,netral
aduh si ibu ikut aja msk bui biar asyik,2025-04-17 12:57:35+00:00,negatif
kasian kan? kata seseorang.,2025-04-17 12:57:26+00:00,negatif
75m makan apaan😏,2025-04-17 12:57:15+00:00,positif
Sampah apa anjir 75m,2025-04-17 12:57:06+00:00,netral
"kok ada suara org ketawa yakk...
😡😡😡😡",2025-04-17 12:56:47+00:00,negatif
buat makan ap bos kok sampai 75 M😂😂😂,2025-04-17 12:56:42+00:00,positif
hah ? serius ?,2025-04-17 12:56:32+00:00,negatif
kasih makan uang negara tapi itu haram klo bukan milik kita,2025-04-17 12:56:12+00:00,negatif
Pekalongan juga diperiksa,2025-04-17 12:56:05+00:00,positif
75.9M sampe Anak cucu cicit cocot bisa dkasih mkn semua🗿,2025-04-17 12:56:02+00:00,netral
nalarnya itu loh dimana 🤣,2025-04-17 12:56:00+00:00,netral
jangan lupa pak barang bukti nya yg jls pak di kmnain nya pak🙏😁,2025-04-17 12:55:53+00:00,negatif
cuma 75 milyar tak membuat negara miskin,2025-04-17 12:55:49+00:00,negatif
makan apa itu 75m.,2025-04-17 12:55:37+00:00,negatif
ngapa nangis pak,2025-04-17 12:55:27+00:00,negatif
"waktu menikmati uangnya tertawa,giliran ketangkap meraung raung, lucunya...",2025-04-17 12:45:22+00:00,negatif
Mimin Backsoundnya keren.. 👍👍😁😁,2025-04-17 12:45:18+00:00,negatif
😂😅,2025-04-17 12:44:57+00:00,positif
kasian nangisnya sampe gitu. beliau pasti sangat menderita,2025-04-17 12:44:30+00:00,negatif
bebasin aja niat dia baik kok buat makan anak istrinya🥰🥰🥰,2025-04-17 12:44:16+00:00,positif
lebih baik maafkan,2025-04-17 12:44:07+00:00,negatif
msh byk duitx tuk beli hkum,2025-04-17 12:44:05+00:00,negatif
ya Allah Gus Gus kalau sudah ketahuan dan di tangkap petugas nangis dulu waktu melakukan kejahatan gak yang di ambil itu uang siapa dulu waktu sekolah apa di ajari begitu mungkin 🌹,2025-04-17 12:43:57+00:00,negatif
75milyar di beliin nasi padang bisa sampai meledak tuh perut anak istrinya makan gak habis2,2025-04-17 12:43:53+00:00,negatif
"menyalaaaaaaa terus negarakuuuu, liga korup makin seru ajaaaaaa",2025-04-17 12:43:48+00:00,negatif
makan apaan 75.9 miliar? 😂,2025-04-17 12:43:25+00:00,negatif
waktu korup nya ketawa ketuwi pas ketangkap nangis hehee,2025-04-17 12:43:25+00:00,negatif
pas korupsinya ga mikir gimana kalau ketangkep 🤣,2025-04-17 12:43:13+00:00,negatif
Negara TerKORUP ternyata negara kita 🥺🥺🥺,2025-04-17 12:43:00+00:00,negatif
selalu ingatkan suami anda jika d emban jabatan jangan mudah tergiur,2025-04-17 12:42:47+00:00,positif
"jangan terkecoh tangisan koruptor.maling aja diam"" takut ketahuan,begitu ketahuan nangis mintak dibebaskan emang enak",2025-04-17 12:42:42+00:00,negatif
apa adil anak istriya susah nanti kalu di tangkep🤣,2025-04-17 12:42:39+00:00,netral
enteng bgt ngomongnya buat makan anak istri🤣 buat makan aja nyampe milyaran😭 Ampun dahh,2025-04-17 12:42:37+00:00,negatif
🤣🤣🤣🤣🤣,2025-04-17 12:42:36+00:00,positif
😂😂😂 lah..enak aja mominta d bebasin..,2025-04-17 12:42:15+00:00,negatif
🙋☺️👍👍,2025-04-17 12:42:14+00:00,positif
suara ayam🗿,2025-04-17 12:42:08+00:00,positif
"ketahuan nangis nangis,sblumnya gmn",2025-04-17 12:42:06+00:00,negatif
🤣🤣🤣🤣 sampah pun di korupsi,2025-04-17 12:41:58+00:00,negatif
nangis nya estetik,2025-04-17 12:41:56+00:00,netral
pantes aja sampah di tangsel atau di tangerang sekitarnya paling terbaik ya udah pernah didemo ama warga skitar sampe skrg gak pernah ada jalan keluarnya 🗿🗿🗿 eh eh ternyata di korupsi kan anj 🗿🗿,2025-04-17 12:41:46+00:00,negatif
"sampah pun ikut di korupsi,,,🤣🤣🤣",2025-04-17 12:41:44+00:00,negatif
🤣,2025-04-17 12:41:34+00:00,positif
Hukum seberat2nya,2025-04-17 12:41:21+00:00,negatif
🤣🤣🤣🤣🤣🤣🤣🤣,2025-04-17 12:23:43+00:00,positif
lho knp nangis ky anak kecil aja,2025-04-17 12:23:43+00:00,netral
pak nangis,2025-04-17 12:23:25+00:00,netral
astagfirullah......,2025-04-17 12:23:20+00:00,negatif
"awowkwkwk tubagus, turunan jawara banten, familiny atut itu",2025-04-17 12:23:20+00:00,negatif
😂😂😂,2025-04-17 12:23:16+00:00,positif
waduh..napa nagis si om pasti anak istri sama keluarga anda semua bangga apa yg telah anda perbuat,2025-04-17 12:23:10+00:00,negatif
bukan nagis dia lagi senang😂😂😂,2025-04-17 12:22:38+00:00,netral
astagaaa ya Allah korup korup makin banyak,2025-04-17 12:22:29+00:00,negatif
🤣🤣🤣🤣🤣,2025-04-17 12:22:15+00:00,positif
lah mewek,2025-04-17 12:21:57+00:00,negatif
coba pak presiden... kasian anak Ama istrinya... bapak kan peduli,2025-04-17 12:21:57+00:00,positif
mewek lagi Lo.,2025-04-17 12:21:55+00:00,netral
"udh ke sampah2 yg di korup, sampah habis apalagi nnti yg di korup😩",2025-04-17 12:21:54+00:00,negatif
Duit sampah pun di korupsiiiii negara sedang tidak baik baik saja😭,2025-04-17 12:21:48+00:00,negatif
1 istri = 1 ruko Rp 1 melyar + modal usaha Rp 500 juta + tabungan Rp 500 juta = Rp 2 melyar : Rp 76 melyar = 38 istri?? 🤔,2025-04-17 12:21:45+00:00,negatif
tangisan air mata buaya,2025-04-17 12:21:44+00:00,positif
"makanya kalau diperhatikan kadang ada pisik tempat sampah berkarat bolong sampai habis separoh atau yg dari semen amblas ,kadang dlm benak apa ngga ada uang pemerintah memperbaiki gitu !!!",2025-04-17 12:21:43+00:00,negatif
duit korupsi biasanya buat bini simpenan dan lc,2025-04-17 12:21:39+00:00,negatif
waduhhhhhhhhhh,2025-04-17 12:21:33+00:00,negatif
bebaskan saya pak saya bertobat😂😅 bertobat tapi duitnya sudah jadi tai wkwkwk,2025-04-17 12:21:30+00:00,negatif
"senang senang dahulu menangis kemudian,,, inilah kisah hidup orang",2025-04-17 12:21:30+00:00,positif
ya allah sampah juga dikorupsi😭😭😭😭😭,2025-04-17 12:21:28+00:00,positif
"ya ampun uang sampah juga di korup.. anji, bang sad, bang ke, bab 1..",2025-04-17 12:21:05+00:00,negatif
@Pesona Indonesia Req Sound Min,2025-04-17 12:21:02+00:00,positif
kenapa semua kok pada koropsi ya.....munkin enak gurih ...masrakat d bidoh bodohin semua,2025-04-17 12:21:00+00:00,negatif
🗿🗿🗿🗿🗿🗿,2025-04-17 12:20:58+00:00,positif
"Banyak kali makan istri sama anakny smpe 75,9 miliar, bs smpe 7 turunan mah ini",2025-04-17 12:13:31+00:00,positif
😂😂😂,2025-04-17 12:13:18+00:00,positif
kok nangis pak😂😂😂😂,2025-04-17 12:13:13+00:00,netral
😂😂😂,2025-04-17 12:13:13+00:00,positif
kirain backsound😂,2025-04-17 12:13:09+00:00,positif
walah...walah...hancur negeriku.,2025-04-17 12:12:58+00:00,negatif
tegaklh seperti saat menikmati duitnya bro 😎✌️,2025-04-17 12:12:54+00:00,positif
anak istri di kasih makan emas 😂😂,2025-04-17 12:12:49+00:00,positif
😳😳😳😳😳😳,2025-04-17 12:12:44+00:00,positif
udahlah bebasin aja..kasian anak istrinya..75M ga akan bikin Indo bangkrut..🤪🤪🤪,2025-04-17 12:12:39+00:00,negatif
sakno,2025-04-17 12:12:29+00:00,negatif
🤪🤪🤪🤪🤪,2025-04-17 12:12:28+00:00,positif
kirain ada sound musical nya ternyata mewek 😭😭😭,2025-04-17 12:12:27+00:00,netral
😭😭😭,2025-04-17 12:12:21+00:00,positif
haih haih,2025-04-17 12:12:09+00:00,negatif
🤣🤣🤣🤣,2025-04-17 12:12:07+00:00,positif
maksudnya korupsi sampah gimana?,2025-04-17 12:12:03+00:00,negatif
"75,9M buat makan se RW pun gak abis2",2025-04-17 12:11:57+00:00,negatif
kan ada gaaji ?,2025-04-17 12:11:55+00:00,netral
teu hayang ceurik mah entong pak 😂😂😂,2025-04-17 12:11:41+00:00,negatif
kalau korupsi milyaran begitu baikx seumur hdup aja,2025-04-17 12:11:38+00:00,negatif
😂😂😂😂,2025-04-17 12:11:28+00:00,positif
"🤣🤣🤣 waktu makan duit nya happy happy, tenang aja pak bisa diatur, 😝😝😝",2025-04-17 12:11:24+00:00,positif
"ga ada yg lepas dr tangan korupsi,semua penjuru,semua pelosok,sulit mau percya siapa?",2025-04-17 12:11:23+00:00,negatif
makan berapa tahun itu... 7 turunan ngak habis habis...,2025-04-17 12:11:19+00:00,negatif
"makan apaan 75,9 M?",2025-04-17 12:11:17+00:00,negatif
🤣🤣🤣🤣 sound nya bikin kepengen di putar trus,2025-04-17 12:11:16+00:00,netral
salah siapa?,2025-04-17 12:11:06+00:00,negatif
😂😂😂😁😁😁,2025-04-17 12:10:48+00:00,positif
"busyet...makan apaan itu 75,9M??🤣",2025-04-17 12:00:55+00:00,negatif
🤣🤣🤣waktu ngambil tidak mikir kalau ketahuan nanti nangis 🤣🤣🤣,2025-04-17 12:00:54+00:00,netral
"enak""an makan uangnya di tangkap nangis hukum seberat""nya",2025-04-17 12:00:54+00:00,negatif
mantap,2025-04-17 12:00:51+00:00,netral
baru x ini lihat koruptor nangis.. biasa kan senyum senyum aja😁...,2025-04-17 12:00:31+00:00,negatif
selama hukum korupsi blom di rubah... korupsi tetap ada,2025-04-17 12:00:10+00:00,negatif
sampah sj dikorupsi trs di indo apa yg enggak dikorupsi,2025-04-17 11:59:55+00:00,negatif
aku butuh Kim Jong un untuk negara ini,2025-04-17 11:59:52+00:00,positif
klw dipenjara juga kali hanya 5 atau 6 tahun kaya maling ayam😂😂😂,2025-04-17 11:59:42+00:00,negatif
"bekas lurah gw tuh,uang dr perumahan baru jg di embat dy pdhl buat perbaikan jln krn kena imbas mobil proyek",2025-04-17 11:59:41+00:00,negatif
"matanyaaa, 75 milyar buat malam anak istri sampe 7 turunan ga abis itu kalau buat makan aja lo😂😂",2025-04-17 11:59:41+00:00,negatif
"sampah juga dikorup, dasar pejabat sampah",2025-04-17 11:59:34+00:00,negatif
lah koq gtu suaranya 😁,2025-04-17 11:59:30+00:00,netral
uda kaya helokiti🤣🤣🤣🤣.,2025-04-17 11:59:22+00:00,netral
kasihan anak istrinya 😂😂,2025-04-17 11:59:22+00:00,negatif
😅😅😅,2025-04-17 11:59:21+00:00,positif
maaf kirain suara sirine🤣,2025-04-17 11:59:00+00:00,negatif
awalnya kirain lg nyanyi seriosa😅,2025-04-17 11:58:59+00:00,netral
"payah bgt ya negri kita ini,sma apapun yg bisa di korupsi bkl dikorupsi.entah knapa mrk tau halal haram tp seakan² mrk menutup mata dn ht nurani",2025-04-17 11:58:53+00:00,negatif
jgn ksh ampun,2025-04-17 11:58:50+00:00,negatif
sampe sampah aja dikorupsi ealahhhh 🤣,2025-04-17 11:58:50+00:00,negatif
jgn pernah ngasi makan anak istri pake uang haram... klo sudah jadi daging udh wasalam,2025-04-17 11:58:36+00:00,negatif
Ini nangisnya setingan kah?,2025-04-17 11:58:35+00:00,negatif
😂😂😂,2025-04-17 11:58:24+00:00,positif
makan anak istri di mana om duit segitu banyakkkk,2025-04-17 11:58:17+00:00,netral
eleh paling Yo penek kasus ilang Dewe kok,2025-04-17 11:58:15+00:00,negatif
"kmrn² wkt itu menikmati, tanya gak uangnya halal pa haram... 🙏",2025-04-17 11:58:14+00:00,negatif
ludahin woy,2025-04-17 11:58:13+00:00,netral
mau makan apa tuh gaji nggak cukup napa,2025-04-17 11:57:56+00:00,netral
total segt dh berp thn korupsinya,2025-04-17 11:57:42+00:00,negatif
apa aja dikorup ya 😂😂,2025-04-17 11:46:53+00:00,netral
"75,9M pak.. ga di kasih hadiah timah panas kah..??",2025-04-17 11:46:37+00:00,negatif
enak bener luh,2025-04-17 11:46:22+00:00,netral
ahahaaha,2025-04-17 11:46:18+00:00,netral
😂😂😂😂😂 lupa kalo korupsi itu dipidana,2025-04-17 11:46:08+00:00,negatif
waktu mkn duit y ssng2 ajh ea,2025-04-17 11:46:07+00:00,negatif
sampah aja di korupsi wadeeeh,2025-04-17 11:46:07+00:00,negatif
anjooooyyy buat makan 75 miliyar 😂😂😂,2025-04-17 11:46:02+00:00,negatif
😂😂😂,2025-04-17 11:45:57+00:00,positif
mantap,2025-04-17 11:45:53+00:00,netral
Yang nangis istrinya atau Bapaknya sih😂,2025-04-17 11:45:47+00:00,positif
🤣🤣🤣🤣🤣🤣🤣 backsound nya,2025-04-17 11:45:43+00:00,positif
🤣🤣🤣,2025-04-17 11:45:41+00:00,positif
😂😂😂😂klu niklati uang korupsi ketawa2 bangga sm kwn emak2 nya😅😅 tiba ketangkap nangis sampe ngompol2😂😂😂jaman pak prabowo ini wakk😅😅😅 bukn jaman abah anis😂😂😂😂,2025-04-17 11:45:31+00:00,negatif
🔥🔥🔥,2025-04-17 11:45:25+00:00,positif
🥰🥰🥰,2025-04-17 11:45:22+00:00,positif
😅😅😅astagfirullah lucu tp gemesin.pas enak dimkn sndri pas kena ditangisi,2025-04-17 11:45:20+00:00,negatif
nagis sangat menyesal target ny 200 M udah ketauan,2025-04-17 11:45:19+00:00,positif
@pesonaindonesia tolong jadika sound keren ini,2025-04-17 11:45:13+00:00,netral
🤦‍♂️🤣🤣 minta di kasihani,2025-04-17 11:44:47+00:00,positif
😂😂😂😂😂😂,2025-04-17 11:44:45+00:00,positif
"itu Anak istrinya di Makanin Apa...?
75.9 Miliar😬😬😬 Emas dan Permata kah...!!",2025-04-17 11:44:44+00:00,negatif
"jangan khawatir pak presiden tak tinggal diam,akan ada pembelaan kasian anak istri mu",2025-04-17 11:44:38+00:00,negatif
tangisan bahagia,2025-04-17 11:44:38+00:00,positif
gw yg penghasilan di bawah UMR kebelet boker jadi nya,2025-04-17 11:44:29+00:00,positif
ya alloh sampah juga d korupsii negara apa ini🙄,2025-04-17 11:44:13+00:00,negatif
"duit segitu buat mkan, tu mkanan pke toping emas kh😒",2025-04-17 11:43:54+00:00,positif
Semoga beliau dan keluarga diberikan kekuatan mental baja,2025-04-17 11:43:54+00:00,negatif
Lho kok nangis giliran ketangkep pak,2025-04-17 11:36:40+00:00,netral
ternyata negara kita ga miskin jir,2025-04-17 11:36:37+00:00,negatif
😂😂😂,2025-04-17 11:36:20+00:00,positif
"makan sehari 3x , orangnya ada berapa sampe harus korupsi segitu",2025-04-17 11:36:19+00:00,negatif
"ada sound baru nih 😅,",2025-04-17 11:36:11+00:00,netral
maaf kok agak ngeri2 ya denger suara tangisnya kyk tangisan mbak kun😭,2025-04-17 11:36:08+00:00,negatif
kenapa nangis tooo...kan udah menikmati kemarin2😌,2025-04-17 11:35:58+00:00,negatif
@Muchlis BookTok @BacaInDra📚,2025-04-17 11:35:51+00:00,positif
😁😁😁,2025-04-17 11:35:49+00:00,positif
😅🤣,2025-04-17 11:35:32+00:00,positif
🤣,2025-04-17 11:35:25+00:00,positif
pasti pendukung abah,2025-04-17 11:35:19+00:00,negatif
habis terang terbitlah gelap😁😁,2025-04-17 11:35:15+00:00,negatif
😭😭😭😁😁,2025-04-17 11:35:14+00:00,positif
sampahpun di korup dong wahhh gak kaget lagi sih😌,2025-04-17 11:35:13+00:00,negatif
"anak istrinya makan apa sampai harganya 75,9 Milyar 😭",2025-04-17 11:35:13+00:00,negatif
Pak masak nangis sih ..😁,2025-04-17 11:34:59+00:00,negatif
"kalau udah ada sound nya , saya mau dong. biar bapak itu selalu dikenang",2025-04-17 11:34:54+00:00,negatif
🤣🤣🤣🤣😝😝😝😝,2025-04-17 11:34:39+00:00,positif
"wah kasian neh nanti yg omon"" ikutan nangis..",2025-04-17 11:34:11+00:00,negatif
"berita sambo aja entah bagaimana, disusul berita lain yang menutup... kesel rasanya ngikutin berita tanpa plottwist😌",2025-04-17 11:34:11+00:00,negatif
🤣🤣🤣🤣,2025-04-17 11:34:08+00:00,positif
"75,9...kalau buat beli beras seumur hidup gak habis",2025-04-17 11:33:58+00:00,negatif
😂enak banget wkkkkkk,2025-04-17 11:33:57+00:00,negatif
tangis bahagia@😅😅,2025-04-17 11:33:50+00:00,positif
na ai NU maok Hayam maok motor nepika baronyok. ai NU maok duit gede mah. aman🤦🏻,2025-04-17 11:33:38+00:00,negatif
"Hukumannya ringan , santai aja",2025-04-17 11:33:36+00:00,netral
🤣,2025-04-17 11:33:28+00:00,positif
dia nangis atau apa sih 🤣,2025-04-17 11:33:22+00:00,negatif
ku bantuin nangis ya pk 😭😭😭😭😭,2025-04-17 11:22:34+00:00,netral
"giliran blm ketauan makan yg enak"" hilling ke mna"" ,shoping yg wah !!! giliran dah ketengkong meraung- raung",2025-04-17 11:22:26+00:00,negatif
Mayoritassss,2025-04-17 11:22:21+00:00,netral
"Kasihan Anak"" dan Istrinya..kata P Prabowo",2025-04-17 11:22:16+00:00,negatif
pekalongan juga perlu dicari tahu nih kenapa sampah dimana mana. jangan jangan...,2025-04-17 11:22:12+00:00,netral
rakyat menangis karena banyak korupsi,2025-04-17 11:22:12+00:00,negatif
kmp nangis,2025-04-17 11:22:11+00:00,netral
kupikir td suara nyanyi.... lagu korea.,2025-04-17 11:21:53+00:00,positif
dia ingat makan tuk istri dan anak terus istri dan anak yg lain kamu tidak ingat butuh makan juga.. dasar kalo sdh salah senjatanya air mata nda dia liat kami yg di bawah butuh makan juga..,2025-04-17 11:21:24+00:00,negatif
"75 miliar makan, gw di rumah aja beli indomie kalo darurat, masa iya makan segitunya",2025-04-17 11:21:17+00:00,positif
itu beneran nangis apa ketawa sih,2025-04-17 11:21:14+00:00,negatif
besaran suaranya nangis tersangka ikutan mau nangis tadinya biasa aja tersangkanya,2025-04-17 11:21:11+00:00,negatif
ko nangis,2025-04-17 11:20:58+00:00,netral
🤣,2025-04-17 11:20:49+00:00,positif
eeee bujang!,2025-04-17 11:20:46+00:00,positif
guwa kira suara engsel pintu kayak fyp kemarin,2025-04-17 11:20:38+00:00,negatif
"yg kutunggu2 🙏, hampir tiap hari berada di belakang truk sampah bobrok reyot baknya ,karena rute sekolah anak kebetulan dilewati truk2 yg udah busuk ini",2025-04-17 11:20:33+00:00,negatif
anjay wkwkwkw,2025-04-17 11:20:26+00:00,positif
😂😂😂😂😂😅😅😅,2025-04-17 11:20:18+00:00,positif
@pesonaindonesia,2025-04-17 11:20:18+00:00,negatif
@pesonaindonesia halo min,2025-04-17 11:20:08+00:00,positif
paling dihukum 2 thun,2025-04-17 11:20:06+00:00,negatif
sagala dikorup abong di konoha😏,2025-04-17 11:19:48+00:00,negatif
malu njjiirrrr,2025-04-17 11:19:45+00:00,negatif
Uhe uhe 😂,2025-04-17 11:19:41+00:00,negatif
🤣🤣🤣kalian tega sama anaknya menderita.. kata wowo gemoy,2025-04-17 11:19:33+00:00,negatif
"masak 1saja kena 😜, terus yang lain gimana?",2025-04-17 11:19:17+00:00,negatif
sampah aja di korupsi y,2025-04-17 11:19:14+00:00,negatif
kalau gua malu tu 😂,2025-04-17 11:19:05+00:00,negatif
di tangkap malah ketawa...,2025-04-17 11:18:50+00:00,negatif
🤣🤣🤣🤣🤣... lebih lucu dari lawak,2025-04-17 11:13:42+00:00,netral
Indonesia yg gak dikorupsi cuma satu langit pemerintah nya jajal semua,2025-04-17 11:13:25+00:00,negatif
negra ini perlu di reiset DRI atas sampe bawah,2025-04-17 11:13:23+00:00,negatif
🤣🤣🤣🤣🤣🤣🤣🤣🤣,2025-04-17 11:13:22+00:00,positif
tinggal tunggu DLH kab sukabumi nih😁😁 banyak yang ga bener,2025-04-17 11:13:16+00:00,positif
pas nikmatin happy2 pas ditangkap nangis2,2025-04-17 11:12:59+00:00,negatif
🤣🤣🤣,2025-04-17 11:12:57+00:00,positif
giliran ketangkap baru nagesss,2025-04-17 11:12:52+00:00,netral
untuk makan 75M?????,2025-04-17 11:12:37+00:00,negatif
😁😁😂😂,2025-04-17 11:12:31+00:00,positif
gak lama lagi sound ini rame.🤣,2025-04-17 11:12:27+00:00,negatif
🤣🤣🤣🤣🤣🤣🤣,2025-04-17 11:12:23+00:00,positif
"makan apaan Ampe 75,9M🤔.",2025-04-17 11:12:18+00:00,netral
"serukan hidup di sini, sekolah tinggi - masuk ke instansi negara - korupsi yang banyak - penjara 3 tahun - keluar kaya raya - sedekahin duit - tobat - nikmatin hidup",2025-04-17 11:12:17+00:00,negatif
"Hampir semua Lini ada korupsi, masih yakin Negara kita baik baik saja?😱",2025-04-17 11:12:05+00:00,negatif
bebasin dia . kasihan anak.y ..ya kan yah guys ..,2025-04-17 11:11:55+00:00,negatif
sound nya kocak anjiirr😂😂,2025-04-17 11:11:53+00:00,netral
preettt,2025-04-17 11:11:45+00:00,positif
"Indonesia ada secuil jabatan tetap korupsi Rungkat,,,,",2025-04-17 11:11:43+00:00,negatif
Laahh nangis macam apa ini 😂😂,2025-04-17 11:11:39+00:00,positif
"maaf ini suara apaan y gess.. ""ngngngngng""( bertanya dg nada lembut keraton)",2025-04-17 11:11:38+00:00,negatif
hahahahahah,2025-04-17 11:11:37+00:00,negatif
"tak kira sound🤣nyari2 yg nangis mana, eh dia yg nangis🤣 kenceng banget suaranya pak🤣nangisnya ada nada nya🤣🤣🤣😜",2025-04-17 11:11:22+00:00,negatif
"gara gara reformasi***ing,negara hancur..Amin Rais harus tanggung jawab.",2025-04-17 11:11:21+00:00,negatif
kirain suara kunti😅,2025-04-17 11:11:08+00:00,positif
"Kenapa mewek alias nangis pak ??? kan sudah kenyang makan duit yg begitu besar ,,,berani berbuat berani bertanggung jawab paaak 😳",2025-04-17 11:11:02+00:00,negatif
😅😅😅😅😂enak kali,2025-04-17 11:10:59+00:00,positif
"75.9 m
.1 pejabat x brp pejabat yg korup",2025-04-17 11:10:58+00:00,negatif
ini yg di sebut TERTAWA DI ATAS PENDEEITAAN ORANG LAIN🤣🤣,2025-04-17 11:10:54+00:00,negatif
75M buat makan 😂👍,2025-04-17 11:10:34+00:00,positif
gurih ....gurih ....gurih,2025-04-17 11:00:54+00:00,negatif
Apa si yang ga dikorupsi astaga 😩,2025-04-17 11:00:42+00:00,negatif
Bapaaaaaak makan bebek di pinggir jalan gak sampe 7 milyar pak bapak kasih makan apa anak istrinya??? Lempengan baja?,2025-04-17 11:00:36+00:00,negatif
kasihan anak istrinya kata si itu😂,2025-04-17 11:00:34+00:00,negatif
"potong keringanan karna istri dan kluarga menangis saat penangkapan.
(klo yg lain saat penangkapan kn brontak)",2025-04-17 11:00:17+00:00,negatif
loh kirain suara tangisan cewek 😭,2025-04-17 11:00:16+00:00,netral
sampah aja di korupsi eh y ampun...,2025-04-17 11:00:16+00:00,negatif
"yang kayak gini masih mikirin Keluarga Korupsi....Astagfirullah....
nah uang Korupsinya juga buat kasih makan Keluarga......
Semoga Pak Presiden tidak salah dalam mengambil Keputusan",2025-04-17 11:00:15+00:00,negatif
menu apa buat anak istri sampai milyaran?,2025-04-17 11:00:10+00:00,negatif
"memang luar biasa indonesia, sampai sampah aja d korupsi 😄 gak lama lg bisa2 sampah dr mobil tinja d kuropsi",2025-04-17 10:59:51+00:00,negatif
Gimana caranya bikin sound ini jadi nada dering hp,2025-04-17 10:59:43+00:00,negatif
😅😅,2025-04-17 10:59:37+00:00,positif
gampang punya dwit mh..sidang sx jg bebas,2025-04-17 10:59:35+00:00,netral
😂😂😂😂😂😂😂😂😂😂😂,2025-04-17 10:59:33+00:00,positif
waw..boleh ditiru cara mainnya,2025-04-17 10:59:33+00:00,netral
udh pak bebasin aja kasian saya😂,2025-04-17 10:59:27+00:00,netral
bingung kan kenapa banyak kasus korupsi yg terungkap sekarang? karena kemarin aparat yg berwenang macan ompong😅,2025-04-17 10:59:26+00:00,negatif
nangis to aku kira suara nyamuk 😂😂😂,2025-04-17 10:59:12+00:00,positif
75.9 m buat makan anak istrinya makan apa anj hahhhh,2025-04-17 10:59:05+00:00,positif
kirain yg nangis istrinya ga taunya suara pelaku🤣🤣🤣,2025-04-17 10:59:03+00:00,netral
trus uwang korupsi itu di kmanakan,2025-04-17 10:59:01+00:00,negatif
🤣🤣🤣,2025-04-17 10:58:55+00:00,positif
"baru kali ini ada koruptor nangis , biasanya senyum2 karna jackpot bnyk",2025-04-17 10:58:51+00:00,netral
"yakali duit segitu buat makan doang, buat jajan baru bnr😂",2025-04-17 10:58:31+00:00,positif
TANGISAN BAHAGIA 🤣🤣🤣,2025-04-17 10:58:11+00:00,positif
"semakin parah sdh negri ini,,apa saja yg ada jika mereka ada peluang di sektor apapun bakal di korupsi,,",2025-04-17 10:58:00+00:00,negatif
"Jumlah istri dan anaknya berapa?, banyak sekali makannya?",2025-04-17 10:57:50+00:00,netral
yg di sidang korupsi tidak terbukti ..malah hakimnya yg jadi tersangka ...hebat hebat,2025-04-17 10:57:41+00:00,negatif
tenang aja pak nanti pasti di kasi kamar VIP koq,2025-04-17 10:57:37+00:00,negatif
Koq lucu ya korupsi 75 M alasan buat makan anak istri... Itu mah bisa buat MBG... 😂,2025-04-17 10:57:28+00:00,negatif
🤣🤣🤣🤣🤣🤣🤣,2025-04-17 10:38:35+00:00,positif
😌 sampah pun di makan pula,2025-04-17 10:38:25+00:00,netral
sound nya duh ..seriosa banget😇,2025-04-17 10:38:20+00:00,netral
proses,2025-04-17 10:38:18+00:00,positif
Kuasa Pengguna Anggaran (KPA) dan Pejabat Pembuat Komitmen (PPK),2025-04-17 10:38:14+00:00,positif
lumayan korup 7.9M penjara 3 tahun potong 1tahun jalani 1.5 tahun keluar masih ada uang 5.5 M,2025-04-17 10:38:13+00:00,negatif
Ya elah.. 300T aja metro tv masih bisa nglawak.. ini malah nangis,2025-04-17 10:38:09+00:00,negatif
parah bgt nangisnya kok gitu.. sakitnya tak berdarah,2025-04-17 10:38:03+00:00,negatif
tukeran pak GPP saya yg gantiin paling juga 3 tahun dapat 75m 🤣🤣🤣,2025-04-17 10:37:57+00:00,negatif
ko gue 😄😄😄😄,2025-04-17 10:37:45+00:00,netral
"kok nangis,",2025-04-17 10:37:43+00:00,netral
😂😂😂😂😂😂😂😂😂,2025-04-17 10:37:16+00:00,positif
"gw yang ganteng dari lahir aja sedih liatnya , apalagi kalian yang biasa biasa aja 🥺",2025-04-17 10:37:13+00:00,negatif
😂😂😂,2025-04-17 10:37:08+00:00,positif
😂😂😂😂,2025-04-17 10:37:06+00:00,positif
sampah pun bisa di korup. Negara macam apa ini!🗿,2025-04-17 10:37:02+00:00,positif
"Vangkeeee, 75,9 M dipake makan apa ituuuuu? 🙈",2025-04-17 10:37:00+00:00,negatif
😂😂😂😂😂😂😂😂😂😂,2025-04-17 10:36:57+00:00,positif
"anjas, sampe sampah pun dikorupsi",2025-04-17 10:36:47+00:00,negatif
gw kira cwe yg nangis eh pas nongol cwok??kaget,2025-04-17 10:36:45+00:00,negatif
😁😁😁😁😁😁😁😁😁😁😁😁😁😁😁😁😁😁,2025-04-17 10:36:40+00:00,positif
@YS_72💋 🤭🤭,2025-04-17 10:36:40+00:00,positif
Kirain suara apa😭😭,2025-04-17 10:36:35+00:00,positif
😂😂😂,2025-04-17 10:36:32+00:00,positif
penakmen,2025-04-17 10:36:21+00:00,netral
mantap 🔗🔗,2025-04-17 10:36:19+00:00,positif
Wasyuu wasyuuuu... kek gini di bilang jangan ganggu anak anaknya??,2025-04-17 10:36:09+00:00,negatif
"75,9M, kira² makan apa ya🙄😩",2025-04-17 10:36:03+00:00,positif
75.9 milliard buat kasih makan anak istri sekebon...njir anak istrinya ada dimana-mana nih...,2025-04-17 10:35:53+00:00,negatif
nangisnya kaya film cecep😁,2025-04-17 10:35:52+00:00,positif
🤣 bahahaha buat makan katanya,2025-04-17 10:27:21+00:00,positif
anak istrinya makan apa bjir 🤣,2025-04-17 10:27:13+00:00,positif
ya Allah,2025-04-17 10:27:03+00:00,positif
🤣🤣🤣🤣,2025-04-17 10:27:03+00:00,positif
negara macam apa ini.,2025-04-17 10:26:35+00:00,positif
😂😂😂 pasti bilangnya ini cobaan dari allah,2025-04-17 10:26:35+00:00,positif
😂 merinding,2025-04-17 10:26:34+00:00,positif
paling sebagian duit nya sewa lc 🤣🤣🤣,2025-04-17 10:26:24+00:00,negatif
"beneran itu nangis, nangisnya kayak orang kesurupan gitu",2025-04-17 10:26:22+00:00,negatif
"modal air mata dapet 75,9M y gak rugi lah,yg disita jg gak bakalan semuanya 🤣🤣",2025-04-17 10:25:50+00:00,negatif
75 miliar makan apaan pak,2025-04-17 10:25:50+00:00,negatif
limit yaa,2025-04-17 10:25:49+00:00,negatif
🤣🤣🤣,2025-04-17 10:25:40+00:00,positif
Istri nya nangis2 untuk di bebaskan karna berjuang kasih makan ank istrinya.. lah dia ngk tau.. di belakang itu banyak LC enong2 yg di biayain tnpa spgthuan istri nya 🤣🤣,2025-04-17 10:25:32+00:00,negatif
kasian anak nya loh gak bisa makan lagi,2025-04-17 10:25:22+00:00,netral
Njir kirain sound tiktok 🤣,2025-04-17 10:25:20+00:00,netral
terus aku harus tinggal dmna di indo apa2 dikorup😭😭,2025-04-17 10:25:16+00:00,positif
sedih nya sampe ke ubun2😂😂😂,2025-04-17 10:25:10+00:00,negatif
🤣🤣🤣,2025-04-17 10:25:04+00:00,positif
"Bebaskan tapi dimiskinkan, taruh di rusun, kasih kerja di kelurahan jadi pekerja pembersih jalan supaya tetap ada penghasilan",2025-04-17 10:25:02+00:00,negatif
🤣😭,2025-04-17 10:24:55+00:00,positif
dia nangis bahagia itu bukan nangis sedih,2025-04-17 10:24:33+00:00,netral
wekk... 76M buat makan... daharnaon eta jeleuma,2025-04-17 10:24:19+00:00,negatif
beli nasi kuning berapa bungkus tu,2025-04-17 10:24:06+00:00,negatif
76 milyar kok buat makan doang 🤣🤣,2025-04-17 10:24:06+00:00,negatif
negri Konoha yg bobrok pejabatnya,2025-04-17 10:24:03+00:00,netral
😂😂😂😂😂,2025-04-17 10:23:59+00:00,positif
"tenanga pak, presiden Konoha bijaksana kok klrganya dilindungi",2025-04-17 10:23:57+00:00,netral
itumah masih mending bahkan uang zakat aja di korup🗿,2025-04-17 10:23:55+00:00,negatif
kawussss,2025-04-17 10:23:51+00:00,positif
Yang nangis perempuan apa laki sih,2025-04-17 10:10:18+00:00,negatif
Kasian anak sama istri sekarang udah gak bisa flexing 😢,2025-04-17 10:10:04+00:00,positif
Astaqfirullah,2025-04-17 10:09:57+00:00,positif
menyala negriku,2025-04-17 10:09:37+00:00,negatif
"Kadang dia tersenyum dalam tangis
Kadang dia menangis di dalam senyuman
Wo-oh, apa yang terjadi, terjadilah",2025-04-17 10:09:36+00:00,netral
😂😂😂😂,2025-04-17 10:09:33+00:00,positif
kaya gini DpR Prabowo diem aja😁😁😁,2025-04-17 10:09:26+00:00,positif
"iya kasihan dia pak bebasin ajak pak
presiden ajak enggak mau meresmikan perampasan aset pak gara2 enggak mau melihat keluarga koruptor menderita",2025-04-17 10:09:15+00:00,negatif
"dari kemaren nangkep yg korupsi,tapi kemana uangnya???",2025-04-17 10:09:06+00:00,negatif
air mata buaya njeer,2025-04-17 10:09:04+00:00,netral
sampah di korup apa lagi yang lain,2025-04-17 10:08:56+00:00,negatif
penasaran sama menu makanan anak isterinya,2025-04-17 10:08:42+00:00,netral
🙃,2025-04-17 10:08:42+00:00,positif
d tangkap ko mlh bernyanyi 🤭,2025-04-17 10:08:40+00:00,netral
padahal negara kita ini agamis tapi korupsinya kok merajalela ya ???😞,2025-04-17 10:08:30+00:00,negatif
gimana kalau anak yatim piatu nebang pisang di kebun orang untuk makan adik.nya?,2025-04-17 10:08:18+00:00,negatif
"😂😂😂😂😂😂kocak bngt BP ini...dapet jalan"",shoping...sekarang mewek...",2025-04-17 10:08:11+00:00,negatif
ya ampunnn sampah ajh di korupsi,2025-04-17 10:07:40+00:00,negatif
Halah,2025-04-17 10:07:28+00:00,netral
"@_BobamilkTea🧋 makanan apa 75,9 miliar itu... pernah lihat kah kamu🤣🤣🤣",2025-04-17 10:07:06+00:00,negatif
Tenang 1 tahun penjara keluar Tabungan Banyak Aman Bos,2025-04-17 10:06:53+00:00,negatif
🤣🤣🤣,2025-04-17 10:06:42+00:00,positif
makanya jangan asal mau disuruh2 pimpinan,2025-04-17 10:06:41+00:00,negatif
tangis bahagia,2025-04-17 10:06:21+00:00,positif
kuntilanak nangis🗿😭,2025-04-17 10:06:09+00:00,positif
astaghfirulloh....,2025-04-17 10:06:03+00:00,negatif
gausah nangis pak,2025-04-17 09:58:16+00:00,netral
😂🤣,2025-04-17 09:58:15+00:00,positif
jangan sampai pak presiden mendengar tangisan si bapak ini😁😁,2025-04-17 09:58:13+00:00,positif
"makanya jgn 76M, kalau bisa 20T",2025-04-17 09:57:58+00:00,netral
ditangkep kok ketawa ya.,2025-04-17 09:57:45+00:00,netral
"75,9 kata ny utk mkn ank istri kira"" mereka itu tiap hari mkn ny opo tho,ak yg 1 hari 50 k di mkn sklga aj dh mewah",2025-04-17 09:57:43+00:00,negatif
"dimaafkan,kata mereka,
nikmati aja prosesnya,",2025-04-17 09:57:33+00:00,negatif
Baru kali ini denger orang nangis ga kesian,2025-04-17 09:57:33+00:00,positif
negara ini kok makin banyak koruptor,2025-04-17 09:57:28+00:00,negatif
Oooooooo hiks hiks hiks,2025-04-17 09:57:28+00:00,netral
😂😂😂,2025-04-17 09:57:19+00:00,positif
"nangisnya nakutin, dan wow fantastis",2025-04-17 09:57:10+00:00,positif
pantes truck sampai dari jaman Ki benen kaga di ganti2 🙄,2025-04-17 09:57:08+00:00,positif
"😒😒😒75,9M bli mkan apaan ??? gagal paham akoh niy",2025-04-17 09:57:07+00:00,negatif
75M buat makan anak istri?perut anak istri nya sebesar apa pak?,2025-04-17 09:57:05+00:00,negatif
sedihnya 🥺,2025-04-17 09:57:04+00:00,negatif
laki-lakinya menahan ketawa mendengar bininya menangis (karena pas dirumah lakinya yang sering nangis),2025-04-17 09:57:03+00:00,negatif
di maaf kan saja kasihan sampai nangis,2025-04-17 09:56:57+00:00,negatif
"🤣😂🤣😂nangis""🤣waktu bagi"" uang ketawa lebar🤣🤣",2025-04-17 09:56:44+00:00,netral
🤣🤣🤣,2025-04-17 09:56:43+00:00,positif
emng gunannya apa dpr,2025-04-17 09:56:35+00:00,positif
mohon mangap nih yg nangis sound kah 😭,2025-04-17 09:56:24+00:00,negatif
segera bebas kan dari dunia,2025-04-17 09:56:02+00:00,negatif
🤣🤣🤣,2025-04-17 09:55:57+00:00,positif
makan apaan sampe 75 milyar😭,2025-04-17 09:55:55+00:00,netral
😄😄😄😄,2025-04-17 09:55:47+00:00,positif
kalo dkumpululin seluruh hasil korupsi yg sudah ditangkap...kira2 kemana alurnya ya?,2025-04-17 09:55:34+00:00,negatif
enak x,2025-04-17 09:55:23+00:00,netral
😭😭😭😂😂😂,2025-04-17 09:55:23+00:00,positif
kata pak jendral ... kasia anak dan istrinya... wkwkwk,2025-04-17 09:55:18+00:00,positif
sangat banyak sekali keburukan di negri ini,2025-04-17 09:46:28+00:00,negatif
ditangkap nangis...pas nyuri ketawa,2025-04-17 09:46:09+00:00,negatif
ha ha ha haha ah,2025-04-17 09:46:06+00:00,negatif
orang tangsel tp soundx logat sulsel..😂,2025-04-17 09:45:58+00:00,negatif
koq nangis ngabisin nya happy²,2025-04-17 09:45:53+00:00,positif
Innalilahi wainna lilahi rojiun,2025-04-17 09:45:52+00:00,negatif
pasti sound nya bakalan rame di meme🤣🤣,2025-04-17 09:45:51+00:00,netral
😂,2025-04-17 09:45:39+00:00,positif
tenang z bu pak prabowo memaf kan ko asal blkin uang da insaf,2025-04-17 09:45:38+00:00,negatif
kasihan y negara ini,2025-04-17 09:45:38+00:00,positif
😂😂😂 nii parah ni😂😂😂,2025-04-17 09:45:34+00:00,negatif
Perlu di reset ulang deh keknya.. gmn para warga +62??,2025-04-17 09:45:33+00:00,negatif
"kL ke tangkep pura pura nya mewek, coba ending nya perLihat kan para tikus tikus Lain nya yg ngga di tangkep, berani nggak ngeLiat in kL ngga ke tangkep....mewek apa ngakak ngakak.....",2025-04-17 09:45:20+00:00,negatif
😁😁😁😂😂😂,2025-04-17 09:45:14+00:00,positif
waktu dpt uang tertawa riang giliran ketahuan nangis ndring ae,2025-04-17 09:45:10+00:00,negatif
"Sampe safety tank di korupsi, aslii ga BAB gua 🗿",2025-04-17 09:45:08+00:00,negatif
hmmmhhhmmmnhhhh.......,2025-04-17 09:44:57+00:00,negatif
"istrinya pura"" nangis",2025-04-17 09:44:55+00:00,negatif
😒😒😒,2025-04-17 09:44:54+00:00,positif
😇😇😇,2025-04-17 09:44:49+00:00,positif
😂😂😂😂,2025-04-17 09:44:35+00:00,positif
kocak,2025-04-17 09:44:21+00:00,netral
yg gk dikorupsi cuma 💩💩,2025-04-17 09:44:20+00:00,negatif
😂😂😂,2025-04-17 09:44:06+00:00,positif
kasihan anak istrinya nanti makan apa?,2025-04-17 09:44:04+00:00,negatif
keren bgt kakak nya gita gutawa,2025-04-17 09:44:02+00:00,positif
"75,9 M MAKANAN APAAAN BJIRR😔",2025-04-17 09:43:42+00:00,netral
pas korup kok gak nangis pak😫,2025-04-17 09:43:40+00:00,negatif
makan anak istri ko 75milyar makan apa itu?,2025-04-17 09:43:38+00:00,positif
indah bener🥰🥰🥰🥰🥰🥰🥰🥰🥰,2025-04-17 09:43:36+00:00,positif
😁😁😁 Indonesi GANTI presiden biar basmi korupsi malah kasian keluarga korupsi 🤦 😁😁🤣 🤣,2025-04-17 09:32:07+00:00,negatif
makanan apa yg sampe 75.9m,2025-04-17 09:32:06+00:00,negatif
bisa bisanya nangis bu....75.9 milyar loh,2025-04-17 09:31:59+00:00,negatif
"🤭Mmm kok bisa y... besar anggaran nya berpa si kok bisa sampai pernyataan korupsinya. 75,9 milliar... besar juga cuuuu... hmmm cari untung nya berjemaah sih jdnya begitu total nya di bagi berpa kepala tuh?? 🤭. hmmm. anggraan emng berp Sih?? 😊",2025-04-17 09:31:59+00:00,negatif
"😁😁😁😁😁😂😂😂😂😂,akhirnya keluar airmata buaya,di bebasin tetap ja di ulang lagi",2025-04-17 09:31:58+00:00,negatif
kayak mau di kebumikan ajh tu suami padahal cuma kuliah lagi ya,2025-04-17 09:31:56+00:00,negatif
"berperan sebagai pria melankolis ya pak, 👍.",2025-04-17 09:31:54+00:00,positif
😂😅 giliran di tangkap nangis,2025-04-17 09:31:43+00:00,netral
😂🤪,2025-04-17 09:31:40+00:00,positif
wkwkwkw,2025-04-17 09:31:38+00:00,positif
makan nya di Dubai kali selama 5 tahun 😭😅,2025-04-17 09:31:32+00:00,positif
Ko nangis? Bukan uangnya enakk yaa untuk memperkaya keluarga 😅😂,2025-04-17 09:31:23+00:00,negatif
😂😂😂,2025-04-17 09:31:21+00:00,positif
kalm saja ga usah panik tinggal tanya dendanya brp tebus beres,2025-04-17 09:31:10+00:00,negatif
rakyat indo menanggapi tentang korup:Silahkan😹😹 udah capee jirr,2025-04-17 09:31:08+00:00,negatif
"asal lu berkelakuan baik , tar juga d bebasin",2025-04-17 09:31:04+00:00,positif
nanti dibagi bagi kan lumayan. 😑..,2025-04-17 09:30:55+00:00,netral
the cipluk Abc,2025-04-17 09:30:54+00:00,positif
harusnya sampah yg dibantar gembang aj yg di korupsi jangan uangnya,2025-04-17 09:30:51+00:00,negatif
"sedikit 75 milyar,,,, semoga semua kebagian yaaa...",2025-04-17 09:30:46+00:00,negatif
bapak presiden tolongin beliau. bebasin beliau. kasian anak intri di rumah mau makan apa kalo gx ada beliau. masa iya makan sampah nya 😂,2025-04-17 09:30:45+00:00,negatif
"naikin gajinya sebesar mungkin seperti di inggris
biar nggk korupsi",2025-04-17 09:30:41+00:00,negatif
enteng bnget mau bebas,2025-04-17 09:30:38+00:00,negatif
air mata buaya,2025-04-17 09:30:36+00:00,netral
"anjir, buat makan sampe 75.9 M
makan mobil tesla kek nya 🤣",2025-04-17 09:30:28+00:00,negatif
😂😂😂,2025-04-17 09:30:24+00:00,positif
😂😂😂😂😂nangis 😜😜😜😜,2025-04-17 09:30:23+00:00,positif
MATA DUITAN SEMUA!!,2025-04-17 09:30:17+00:00,negatif
gue fikir sound ny buat meledekkk. gk tau nya serius 😭😭,2025-04-17 09:30:13+00:00,negatif
"kayaknya Indonesia klw g ada korupsi berkah makmur ga ada lagi rakyat miskin, saking lumrahnya dana haji aja buat ibadah dikorupsi miris sekali 😌",2025-04-17 09:24:20+00:00,negatif
sudah gak aneh kalau di konoha,2025-04-17 09:24:15+00:00,negatif
"kasihan pak, dia cuma korupsi 75m, ga banyak kok. dia cuma mencari nafkah untuk anaknya, bebasin aja kasihan banget anaknya ga bs quality time bareng bapaknya lagi🙄 lagian 75m ga buat negara miskin",2025-04-17 09:24:09+00:00,negatif
tak bisa berkata kata lagi ...ibu Pertiwi menangis pilu meratapi nasib negeriku,2025-04-17 09:24:06+00:00,negatif
sampah bisa dikorupsi yh,2025-04-17 09:23:52+00:00,netral
KAGET AQ SAYA KIRA SUARA ANJING TADI 🤣🤣🤣🤣,2025-04-17 09:23:46+00:00,netral
😂😂😂😂😂😂,2025-04-17 09:23:45+00:00,positif
disini,2025-04-17 09:23:44+00:00,negatif
WKWKWKWKWKWK,2025-04-17 09:23:43+00:00,netral
"eeh, kok nangess 😁",2025-04-17 09:23:37+00:00,netral
njiirr gua banana smpe tk ulg2..kuropsi smpah kok smpe milyaran,2025-04-17 09:23:27+00:00,negatif
"kasian anak istrinya, jadi ga bisa makan....😂🤣",2025-04-17 09:23:25+00:00,positif
anjir sesegukan,2025-04-17 09:23:18+00:00,netral
nanti uang apalagi gaiss,2025-04-17 09:23:13+00:00,negatif
sampah aja di korup ampuuun daahh negri ku sakiiitt nya uda nympe ke tulang sumsum,2025-04-17 09:23:10+00:00,negatif
"Kasian bgt dia, klo di hukum pasti keluarganya menderita.
Klo sampe prabowo tau pasti langsung di bebasin bpk ini",2025-04-17 09:23:08+00:00,negatif
75 Miliar buat beli makan apa? 😂 sehari makan 3x juga udah kenyang,2025-04-17 09:23:07+00:00,negatif
🤪🤪🤪,2025-04-17 09:23:00+00:00,positif
wkwkwkwkwkwkwk...... 😜😜😜,2025-04-17 09:23:00+00:00,negatif
🤣🤣🤣🤣 75m senyum2,2025-04-17 09:22:59+00:00,positif
"mangan opo 75, milyar 😂",2025-04-17 09:22:58+00:00,negatif
Bapak nangisnya serius gak sih ???,2025-04-17 09:22:52+00:00,negatif
"mulai dr yg berhubungan dgn keagamaan sampe sampah pun mereka korupsi, gk ngerti lg sama penjabhat² di negara ini 😭😭😭",2025-04-17 09:22:42+00:00,negatif
lahhh nangisss,2025-04-17 09:22:39+00:00,negatif
"kasihan njirrr duit 75,9 Miliar tidak akan membuat kau miskin. Yuk mari kita bikin open donasi buat si bapak dan si ibu 😭😭",2025-04-17 09:22:26+00:00,negatif
kirain yg nangis emak2 😂,2025-04-17 09:22:26+00:00,netral
ladusing : karna berkelakuan baik besok pagi boleh bebas,2025-04-17 09:22:25+00:00,positif
Ngasih makan anak istri 75.9 m emang anaknya makan truk? Istrinya makan kontainer?,2025-04-17 09:22:24+00:00,negatif
hebatnya 😆😆😆,2025-04-17 09:21:52+00:00,positif
"""capek2 saya ngumpulin nanti istri saya nikah lagi pak.."" 😭",2025-04-17 09:21:46+00:00,negatif
😂😂😂,2025-04-17 09:14:09+00:00,positif
waktu korupsi mereka ketawa2 🗿,2025-04-17 09:13:59+00:00,negatif
ternakan mulyono....,2025-04-17 09:13:58+00:00,negatif
sampah apa yg di korup emang 😁,2025-04-17 09:13:54+00:00,negatif
"ya pak bebaskan saja kan cuman puluhan milyar, kasian anak istrinya 😢😢😢",2025-04-17 09:13:51+00:00,negatif
"Dimaafkan kan masih bisa pak, dia melakukan itu juga buat ngidupin anak istri nya 🥺",2025-04-17 09:13:47+00:00,positif
"pasti di bebasin sama Prabowo, apelagi sampe nangis"" gitu. "" apakah adil dia sudah nangis"" masih dipenjara ""😭😭",2025-04-17 09:13:44+00:00,negatif
😩😂🤣,2025-04-17 09:13:30+00:00,positif
"sekelas Kabid bisa korupsi 75 milyar,,???? (bertanya dengan nada heran)",2025-04-17 09:13:27+00:00,negatif
indonesia darurat korupsi hampir semua bidang d korupsi,2025-04-17 09:13:27+00:00,negatif
"bukan menangis karena menyesal, tetapi menangis karena ketahuan",2025-04-17 09:13:23+00:00,negatif
Dia nyanyi,2025-04-17 09:13:22+00:00,positif
aura aura 24% 🤭,2025-04-17 09:13:19+00:00,negatif
itu serius rintihan tangisan dia 😂😂,2025-04-17 09:13:19+00:00,positif
😅,2025-04-17 09:13:10+00:00,positif
negara sampah sampai sampah pun bisa di korupsi ....anjiirrrrr,2025-04-17 09:13:02+00:00,negatif
dia sedih keinget anak istrinya makan sampah,2025-04-17 09:12:55+00:00,negatif
waduh😁😁,2025-04-17 09:12:52+00:00,positif
"waah enak banget ya minta bebas,,,besok ya pak ☺️",2025-04-17 09:12:46+00:00,negatif
😂😂😂😂😂,2025-04-17 09:12:29+00:00,positif
🤣🤣🤣🤣,2025-04-17 09:12:27+00:00,positif
😂😂😂,2025-04-17 09:12:11+00:00,positif
karena dia berkelakuan baik dan sudah nangis ..maka hukuman akan dipotong jadi 5 bulan saja !! 😁😂,2025-04-17 09:12:10+00:00,negatif
ini baru sampah aja ya..gimana yg belum jadi sampah😂,2025-04-17 09:12:05+00:00,positif
korupsi 75.9miliar modal nangis kalo sampe bebas sih gua mao ikutan nangis juga🤣🤣🤣,2025-04-17 09:12:02+00:00,negatif
75 miliar itu bentuk uang apa daun....kok cuma buat makan,2025-04-17 09:11:49+00:00,negatif
priksa semua pejabat👍,2025-04-17 09:11:39+00:00,positif
nangis ta iku,2025-04-17 09:11:31+00:00,netral
Itu suara dia nangis? 🤣🤣🤣,2025-04-17 09:11:30+00:00,negatif
@pandawaragroup meringis melihat ini 🤭,2025-04-17 09:11:17+00:00,positif
"ASTAGFIRULLAHALAZIIM...koruptor kok gak ada henti-hentinya negeri ini ya Rabb... apa yg merasuki para pejabat RAKUS ini
.. NAUDZUBILAHIMINDZALIK",2025-04-17 09:01:36+00:00,negatif
"giliran di tangkap nangis
giliran dana cairr
gimna pak nangis juga gaa",2025-04-17 09:01:36+00:00,negatif
🤣🤣🤣🤣🤣🤣🤣🤣,2025-04-17 09:01:33+00:00,positif
kirain cwk yg nangisnya 😂,2025-04-17 09:01:26+00:00,netral
"makan apa sampe 75,9M gong dungong, *salfok bunyi nya kayak putu bumbung keliling",2025-04-17 09:01:25+00:00,negatif
😂😂😂😂,2025-04-17 09:01:25+00:00,positif
tolong jelaskan korupsi sampah?,2025-04-17 09:01:23+00:00,negatif
"wow, geleng geleng dah buat pejabat negeri ini",2025-04-17 09:01:23+00:00,positif
"maafkan lah beliau pa Wowo, mohonlah kasihan anak anak nya tr sengsara,, dan akan tumbuh generasi korup berikutnya yg berkualitas",2025-04-17 09:01:20+00:00,negatif
Korupsi sampah mksdnya gimana ya???,2025-04-17 09:01:18+00:00,negatif
buset kaga kelelep nasi itu 75M haha bisa buat makan sekelurahan 🤣 kali lebih. ya kalo buat sekluarga sisanya ya foya foya lah 🤣,2025-04-17 09:01:15+00:00,negatif
klu dh 78.m...bukan lgi buwat makan,2025-04-17 09:01:03+00:00,negatif
🤣🤣🤣🤣🤣😂,2025-04-17 09:01:01+00:00,positif
"disyukurin aja.....
SOKOR",2025-04-17 09:00:50+00:00,negatif
nangisnya kek suara motor saya klo lg keabisan bensin🗿,2025-04-17 09:00:45+00:00,netral
kalau d kasi 75 M .lalu di penjara 5 thn..aku mau pak,2025-04-17 09:00:42+00:00,negatif
"yang sabar buk,, koruptor penjaranya enak ko,, mandi shower mereka disana😅",2025-04-17 09:00:41+00:00,negatif
Bagus juga sinetronnya😂🤣😁,2025-04-17 09:00:34+00:00,positif
sampe pns tukang sampah bisa korupsi..,2025-04-17 09:00:28+00:00,negatif
"sedih bgt kasian bgt😭😭😭😭😭,,,",2025-04-17 09:00:27+00:00,netral
skelas sampah sj di korupsi????,2025-04-17 09:00:12+00:00,negatif
?,2025-04-17 09:00:11+00:00,negatif
Rx King taon brapa itu bng.suaranya kek aneh gitu..,2025-04-17 08:59:54+00:00,negatif
yg sopan yah nnti jg di bebaskan KY GK tau aja cuma si koruptor yg paling ringan hukuman nya mau berapa milyar bentuk korupsi nya kuncinya sopan Rama pasti cepat bebas 😅,2025-04-17 08:59:51+00:00,negatif
75.9 miliar .. makan apa ya? 😄,2025-04-17 08:59:46+00:00,negatif
"makan apa anj sampe 75,9 milyar?",2025-04-17 08:59:41+00:00,negatif
😂,2025-04-17 08:59:39+00:00,positif
lah...,2025-04-17 08:59:33+00:00,negatif
"preeet, pas ketangkep nangiiis...GK ketahuan...aaaah nikmati aja lah...🤣",2025-04-17 08:59:30+00:00,negatif
👍👍👍👍💪,2025-04-17 08:51:42+00:00,positif
😢🥺,2025-04-17 08:51:34+00:00,positif
kirain nyanyi,2025-04-17 08:51:34+00:00,positif
agus lagi agus lagi🗿,2025-04-17 08:51:31+00:00,positif
jadi dikasih makan kebo sm kandangnya ???? beras sm sawah2nya😳 ????😳,2025-04-17 08:51:31+00:00,negatif
"semoga pak wowo denger tangisan beliau,ga tega ama keluarga serta anak²nya😁",2025-04-17 08:51:25+00:00,positif
pasti makan nya enak2 dan sambil ketawa-ketawa.. giliran di tangkep nangis-nangis 😂,2025-04-17 08:51:19+00:00,netral
😂😂😂😂😂,2025-04-17 08:51:16+00:00,positif
pertanyaan org awam itu istri makanannya tiap hari apa ya 😊😊😊ada2 ajaaaa,2025-04-17 08:51:15+00:00,negatif
😂😂😂😂,2025-04-17 08:51:14+00:00,positif
sedih bantu aja keluarganya cuma 75 milyar,2025-04-17 08:51:06+00:00,negatif
Astaga sampah pun di korupsi.,2025-04-17 08:51:04+00:00,negatif
Tubagus? yakin itu bagus?,2025-04-17 08:51:00+00:00,negatif
makan anak istrinya banyak amat,2025-04-17 08:50:59+00:00,positif
"rasain, sdh mkn samoah.",2025-04-17 08:50:50+00:00,netral
"HAHAHAHAHAHAHAHHAHAHAHHAHAHA.....
ENDINGNYA NANGIS 🤣🤣🤣🤣🤣",2025-04-17 08:50:47+00:00,negatif
siapa ini yg nangis keramennya,2025-04-17 08:50:42+00:00,negatif
"sebagai negara kaya raya, semua dikorup. tp masih tersisa langit masih blm terbit sertifikatnya 🤪",2025-04-17 08:50:39+00:00,negatif
😂😂,2025-04-17 08:50:34+00:00,positif
"Kasihan banget ya bapak itu, bisanya ngasih sampah buat makan anak istri",2025-04-17 08:50:29+00:00,negatif
iye lepasi duluh kasihan pak krna target nya belum tercapai maksud nya nanti dpt 200T baru di tangkap pak jadi bisa kerja sama semua pak🤣😁,2025-04-17 08:50:29+00:00,netral
"ada saatnya MEWEK.
ada saatnya tertawa..",2025-04-17 08:50:26+00:00,negatif
"😅😅😅 kasian kali, 75,9miliar paling cukup buat ngasih makan kluarga, makan sama telor,tempe aja bukan mewah kali ,sedih ya",2025-04-17 08:50:23+00:00,positif
wkt mkn uang yg bkn milik nya seneng buk ya giliran di borgol mewek🤣,2025-04-17 08:50:18+00:00,negatif
Kocak bgt😭,2025-04-17 08:50:08+00:00,netral
liat video ini mau ketawa tp gmn..🤪,2025-04-17 08:50:07+00:00,negatif
"bisa diam sebentar ndk,,,,, ndk konsen baca nih",2025-04-17 08:50:07+00:00,negatif
😂😂😂😂,2025-04-17 08:49:59+00:00,positif
pas korupsi? nya gak nangies kaya gini?,2025-04-17 08:42:48+00:00,negatif
Nauzubilah ya allah😔,2025-04-17 08:42:37+00:00,negatif
"75,9 milyar pak 🗿🗿🗿🗿🗿🗿",2025-04-17 08:42:33+00:00,negatif
jiah🤣,2025-04-17 08:42:28+00:00,positif
saya kira sudah ga ada lagi yg korupsi 😅,2025-04-17 08:42:28+00:00,negatif
"🤣🤣🤣🤣..mau ktwa takut dosa,mau heran ini konoha..dh pasrah ajlah",2025-04-17 08:42:18+00:00,negatif
dr nm ny msih keluarga atut.,2025-04-17 08:42:11+00:00,positif
@kkang143 tah wo 😅,2025-04-17 08:42:09+00:00,positif
enak bnr JD istri nya diratukn SM suami 😁,2025-04-17 08:42:08+00:00,negatif
😁👍,2025-04-17 08:41:57+00:00,positif
"🤣🤣🤣🤣🤣🤣
air mata buaya 🤣",2025-04-17 08:41:55+00:00,positif
kalian mau tau air mata raja buaya? ini lah..,2025-04-17 08:41:54+00:00,negatif
bisa bgtu nangisny y laki2,2025-04-17 08:41:47+00:00,netral
yakin dia doank... gg ada yg lain...?? setelah ni berita korup apaan lagi ya. ada yg bisa nebak,2025-04-17 08:41:37+00:00,negatif
gw kira lagi peragain orkestra 😂😂,2025-04-17 08:41:11+00:00,netral
lah setelah dpt uang nya GK nangis Bu..skrng di mintai pertanggungjawaban nangis..🙄,2025-04-17 08:41:10+00:00,negatif
"ngapain ditangisi Bu?, di dalam kan enak, cuma berapa bulan kan?, uang 75,9 dah ditangan",2025-04-17 08:41:08+00:00,negatif
target nya 1T sudah keburu di tangkap,2025-04-17 08:41:04+00:00,negatif
itu suara istrinya ketawa ...wkt mkn duitnya gk kedengeran suaranya...😂😂😂,2025-04-17 08:40:58+00:00,negatif
soundnya beda kasus ya,2025-04-17 08:40:57+00:00,netral
"Bu @hj.ananda tangisan lucu lho Bu, klo ae di Banjarmasin ada jua yg kyk ini.. 🤣",2025-04-17 08:40:50+00:00,negatif
jng menangis . bisa dikembalikan koq.yg penting diam 2. itulah Baiknya pemimpin kita. ..,2025-04-17 08:40:48+00:00,negatif
herannya kenapa DPR tidak mengesahkan UU perampasan aset koruptor,2025-04-17 08:40:39+00:00,negatif
100% komposisi tubuhnya dari uang korupsi semua wee,2025-04-17 08:40:36+00:00,negatif
"😭😭😭😭😭😭enak aja lu,, keluarga lu enak2 rakyat derita",2025-04-17 08:40:31+00:00,positif
anj.....,2025-04-17 08:40:25+00:00,netral
ada lagi tangisan yang cocok 🤣,2025-04-17 08:40:17+00:00,positif
😌😌😌😌banyaknyaaa😌😌😌apakah bisa hukuman utk korup dj perberat?? Hingga tak ada yg berani utk korup lagi??,2025-04-17 08:40:10+00:00,negatif
ayo kapan UUD Perampasan aset disahkan lama bet dah🙃,2025-04-17 08:40:08+00:00,negatif
huhuhuhu nyerii huntuuuuuuuu😂,2025-04-17 08:40:00+00:00,netral
Kasihan yach anaknya kata wowo.....,2025-04-17 08:27:54+00:00,negatif
buat makan anak istri ampe segitu ya gmna kalau sama cucu nya,2025-04-17 08:27:40+00:00,positif
😂😂😂😂😂😂,2025-04-17 08:27:23+00:00,positif
Sandiwara Indosiar 😁,2025-04-17 08:27:19+00:00,positif
tenang masih d maafkan ini yg penting d balikin duitnya kan gtu kmren d sampekan 🤣😂anak istrinya ga salah ngalad negri dagelan,2025-04-17 08:26:57+00:00,negatif
"kasian..pak..korupsi cuma 75miliar bebaskan saja....
500triliun baru....bebaskan lagi..😁",2025-04-17 08:26:54+00:00,negatif
😁😁😁😁,2025-04-17 08:26:53+00:00,positif
"buat makan sampai 75,9m ????
waduhhhhhhh.....alesan aja",2025-04-17 08:26:53+00:00,negatif
kasian lho .. bebaskan ajalah cuma 75 M aj kok,2025-04-17 08:26:50+00:00,negatif
🤣🤣🤣🤣,2025-04-17 08:26:50+00:00,positif
untuk makan kok sampai 75M,2025-04-17 08:26:49+00:00,positif
itu yg nangis istrinya?? 😅,2025-04-17 08:26:49+00:00,negatif
"Dia tidak menyesal, yang dia pikirkan hanya harga dirinya sendiri",2025-04-17 08:26:47+00:00,negatif
"biarkan aja udah kasihan dia
apa itu uang segitu...
bebaskan aja lah
yang lebih gede sante sante aja kok
🤣🤣🤣🤣🤣🤣",2025-04-17 08:26:27+00:00,negatif
seandainya rakyat yg menghukum mungkin cepet selesai.,2025-04-17 08:26:26+00:00,negatif
kasian buat yg jadi pembersih ga di kasih apa apa,2025-04-17 08:26:25+00:00,netral
aku sedih 😂😂😂,2025-04-17 08:26:21+00:00,positif
menyala negara KONOHA +62,2025-04-17 08:26:21+00:00,positif
buat makan nya sama lc juga gaa pak?,2025-04-17 08:25:57+00:00,netral
😁dia lupa KL LG dihotel mnkmatin surganya dunia😆,2025-04-17 08:25:53+00:00,positif
tenang kata pak presiden juga jangan menghakimi anak dan istrinya koruptor😇,2025-04-17 08:25:44+00:00,positif
@Feni Aryani678 air mata buaya 😏,2025-04-17 08:25:24+00:00,positif
ini asli suaranya apa efek,2025-04-17 08:25:20+00:00,positif
sring liat truk sampah pada jebol,2025-04-17 08:25:18+00:00,negatif
😂😂😂😂,2025-04-17 08:25:17+00:00,positif
uang sebanyak itu buat makan rendang masak bisa habusss😁😁😁 nangis setelah kenyang,2025-04-17 08:25:16+00:00,negatif
pertanyaan anak dan istri nya ada brapa banyak sampai 75.9 M buat makan 😂🤣,2025-04-17 08:25:15+00:00,netral
🤣🤣🤣,2025-04-17 08:18:44+00:00,positif
Fixs sih ini makan gengsi,2025-04-17 08:18:30+00:00,positif
maiskin kan rmaoas aset dan ank istri nya.. 😂😂,2025-04-17 08:18:27+00:00,positif
"horaaa gambare""",2025-04-17 08:18:11+00:00,positif
"waktu makan duit koropsi GK ada yg nangis,kok sekarang nangis😭😭",2025-04-17 08:18:11+00:00,netral
😅😅😅😅😅😫,2025-04-17 08:18:04+00:00,positif
😂😂😂,2025-04-17 08:17:52+00:00,positif
Ngeri2 nilai korupsinya sekarang..puluhan M seperti uang kecil,2025-04-17 08:17:45+00:00,negatif
😂😅🤣😜🤪😂😅🤣😜🤪 Berapa pun nilainya.. Semoga negara ini serius memberantas koruptor,2025-04-17 08:17:36+00:00,negatif
makan apa cokkk 75.9 m🤣,2025-04-17 08:17:29+00:00,negatif
diketawain anakku umur 7thn loh,2025-04-17 08:17:22+00:00,negatif
"aman itu, kan GK dimiskin kan",2025-04-17 08:17:19+00:00,negatif
sampah aja di korupsi ta...e kapan?,2025-04-17 08:17:18+00:00,negatif
name song?,2025-04-17 08:17:16+00:00,negatif
bused sampah aja di korup 😭😭😭,2025-04-17 08:17:15+00:00,negatif
gmn cara rekam suara nya?,2025-04-17 08:17:14+00:00,netral
nangis sedih.....kok ketahuan yh,2025-04-17 08:17:01+00:00,negatif
tolong di maafkan kasihan anak istrinya 🤭🤭🤭,2025-04-17 08:17:01+00:00,negatif
😂😂😂 pasti bakal jd meme,2025-04-17 08:16:47+00:00,positif
bebasin aja pak kan kasian anak istrinya butuh mkan😂😂😂😂😭😭😭,2025-04-17 08:16:46+00:00,negatif
enak yang gak nyuri,2025-04-17 08:16:43+00:00,negatif
😁😁😁,2025-04-17 08:16:40+00:00,positif
😄😄😄😄😁😁😁,2025-04-17 08:16:39+00:00,positif
siapa yg esmosi dnger tangis ibu nya ??,2025-04-17 08:16:31+00:00,negatif
bisa gk sih kasih hukuman 7 turunan,2025-04-17 08:16:26+00:00,negatif
🤣🤣🤣,2025-04-17 08:16:25+00:00,positif
kalau makan gratis emang enak ya ibu,2025-04-17 08:16:24+00:00,negatif
"kasian dia pak bebaskan aja, biar kami warga yg urus😹",2025-04-17 08:16:24+00:00,negatif
tukang sampah dsni biasanya duit thr yg mintain RT nya.. tp udah 2 thun ini tukang sampah nya yg ngumpulin sendiri thr nya 😂,2025-04-17 08:16:19+00:00,negatif
Waduh Sampah dikorupsi...Penyesalan slalu diakhir kl sdh ketahuan...😭😭😭,2025-04-17 08:08:15+00:00,negatif
kok nagiss 🤭🤭🤭🤣,2025-04-17 08:08:13+00:00,netral
😁😁😁,2025-04-17 08:08:02+00:00,positif
🤪🤪🤪🤪🤪🤪,2025-04-17 08:08:00+00:00,positif
sedih banget. ikut sedih🤣🤣,2025-04-17 08:07:58+00:00,positif
iyu suara orng lagi nyinden ya,2025-04-17 08:07:57+00:00,negatif
waktu shopping nangis ga sih🤪🤪🤪,2025-04-17 08:07:47+00:00,netral
auauauauauauuaua,2025-04-17 08:07:43+00:00,negatif
"jir sampah ajah di korupsinya, 🤣🤣🤣",2025-04-17 08:07:41+00:00,negatif
ternyata byk bget yg korupsi di negara yg kaya ini..,2025-04-17 08:07:39+00:00,negatif
"😁😁😁😁nagisnya kaya cwe,makan duitnya waw banget... 75,9M",2025-04-17 08:07:38+00:00,negatif
😂😂😂😂,2025-04-17 08:07:34+00:00,positif
😂😂😂,2025-04-17 08:07:18+00:00,positif
sampai kiamat KLO pemerintah gak tegas hukum atasi pelaku korupsi gak bakalan kapok pelaku kejahatan ini,2025-04-17 08:07:14+00:00,negatif
"Tangisan 75,9 Milyar 🤣🤣🤣",2025-04-17 08:07:13+00:00,negatif
pas cair miliyarannya hahahahahahahahah heu hahahahahaha,2025-04-17 08:07:10+00:00,negatif
"iya kasian...dikit lah klo cuma 75,9 milyar...yg lain triliyunan",2025-04-17 08:06:51+00:00,negatif
"Bukan cuma kotoran Yg di bersihkan,anggarannya pun di bersihkan🤣🤣🤣 terlalu rajin bpk ini",2025-04-17 08:06:48+00:00,negatif
nadanya...panjang pendeknya seperti tangisan model tangisan ala PK hasto😳😳😳,2025-04-17 08:06:32+00:00,netral
bayarane kurang ya 😂,2025-04-17 08:06:27+00:00,netral
gas bikin meme soundnya dong💪,2025-04-17 08:06:12+00:00,netral
eeehhhh 😂😂😂😂😂,2025-04-17 08:05:54+00:00,netral
tangisan ny smp terdengar smp rmh q...ku kira kuntilanak gk tau ny koruptor,2025-04-17 08:05:47+00:00,negatif
😂😂😂😂😂😂😂😂😂😂😂😂😂😂😂😂,2025-04-17 08:05:33+00:00,positif
nangisnya kaya pak hasto😳😳,2025-04-17 08:05:21+00:00,positif
Sampah aja dikorupsi😂😂😂,2025-04-17 08:05:00+00:00,netral
😂😂😂,2025-04-17 08:04:59+00:00,positif
gituu yahh nangiss uang 😭😂,2025-04-17 08:04:45+00:00,negatif
"Buat makan anak istri doang kok di tangkap. Kasihan loh... Lgpula 75,9M doang, bukan dibuat untuk hidup ber mewah2an. 🤣🤣🤣",2025-04-17 08:04:40+00:00,negatif
🤣🤣🤣,2025-04-17 07:58:12+00:00,positif
giliran sudah makan uang nya senang2 .. Skrang di tangkep nangis2 minta bebas ..,2025-04-17 07:58:04+00:00,negatif
😂😂,2025-04-17 07:57:51+00:00,positif
goks rakus amat sampe sampah aja di korupsi 🗿🗿🗿,2025-04-17 07:57:50+00:00,positif
kenapa nangis itu,2025-04-17 07:57:48+00:00,netral
😂😂😂😂😂😂😂,2025-04-17 07:57:47+00:00,positif
"makan ape 75,9 M 🤣🤣🤣🤣🤣🤣🤣🤣🤣🤣",2025-04-17 07:57:47+00:00,positif
"Bebasin pak Cuma buat beli Beras buat makan .lagi pula cuma ,75,9M doang kok pak ..(.Mayan sih dapet 150:juta liter beras premium )😂😂😂😂",2025-04-17 07:57:43+00:00,negatif
WKWKWKWKWKWKWKWKWKWKKWWKKWWKWKWKSKWKEKWKWKWKWKWKWKWKWKWKWKWKWKWKWKWKWKWKWKWKWKWKWKWKWKWWKWKWKWKWKWKWKWKWKWKWKWKWKWKKWKWKWKWKWK,2025-04-17 07:57:42+00:00,positif
@🇮🇩🅱️4️⃣D4️⃣ℹ️🇮🇩,2025-04-17 07:57:39+00:00,positif
dia lgi mendesa ya,2025-04-17 07:57:33+00:00,positif
ada sound bagus @pesonaindonesia,2025-04-17 07:57:20+00:00,positif
Tangkisan membawa berkah..75.9 M,2025-04-17 07:57:09+00:00,negatif
"GK bayar pajak motor di sita , rakyat rela asal pejabat yg korupsi harta benda nya boleh di jarah rakyat",2025-04-17 07:57:02+00:00,negatif
mau tnya dia lagi ketawa ya.🤔,2025-04-17 07:56:57+00:00,negatif
eh kenapa nangis lagi ngambil diam bae bongkar aja klo disuruh sama siapa 😂😂😂,2025-04-17 07:56:53+00:00,negatif
"y segitu gak app pak bebaskan aja,kasihan anak nya pak..kalau rakyat gak app menderita Uda biasa ko.",2025-04-17 07:56:49+00:00,negatif
lah..kok nangis [photo],2025-04-17 07:56:48+00:00,negatif
makan apaan,2025-04-17 07:56:47+00:00,netral
sangat penuh penghayatan,2025-04-17 07:56:40+00:00,positif
😂😂😂,2025-04-17 07:56:20+00:00,positif
mintah di bebaskan lucuh kali,2025-04-17 07:56:10+00:00,negatif
ngopo nangis,2025-04-17 07:56:07+00:00,netral
🤣🤣🤣🤣🤣🤣🤣,2025-04-17 07:56:06+00:00,positif
"seorang kabid aja bisa 75M..
gmna dengan eselon II, dan |.. membagongkan",2025-04-17 07:56:00+00:00,negatif
😅😅😅😅😅,2025-04-17 07:55:46+00:00,positif
beda ya tangisan koruptor😂😂😂,2025-04-17 07:55:43+00:00,positif
😂😂😂😂😂😂aku ikut sedih,2025-04-17 07:55:36+00:00,positif
"air mata buaya,😀
di bebaskan ketawa ketawa yakinlah😄",2025-04-17 07:55:34+00:00,negatif
ketangkap nangis waktu nikmati uang nya senyum beli emas beli berlian mobil baru rumah baru beli tanah 🤪🤪🤪🤪🤪🤪,2025-04-17 07:47:31+00:00,negatif
itu anak istri dikasih makan apa sampai 75 Miliar🤣🤣🤣,2025-04-17 07:47:30+00:00,positif
mkanya tu kluarga apa co,2025-04-17 07:47:30+00:00,negatif
bojoe cheon so jin ternyata,2025-04-17 07:47:25+00:00,netral
"buat makan 75M
makan pagi di Prancis,siang di jepang,malam di korea",2025-04-17 07:47:24+00:00,netral
*prambowo menangis di keauhan* 🤣🤣🤣,2025-04-17 07:47:22+00:00,negatif
air mata,2025-04-17 07:47:19+00:00,netral
sama2 sampah pun di korupsi,2025-04-17 07:47:00+00:00,negatif
serius dia nangis?,2025-04-17 07:46:56+00:00,negatif
Maaf dia itu Nangis apa tertawa 🗿,2025-04-17 07:46:49+00:00,negatif
75 M kok mewek??😱😱,2025-04-17 07:46:45+00:00,negatif
beginilah dampak kalau singa di pimpin sama kambing...kalau ada orang yang berani hukuman mati para koruptor gua sembah dia dari ujung kaki sampai ujung kepala,2025-04-17 07:46:44+00:00,negatif
@× astaga amsyong e,2025-04-17 07:46:32+00:00,netral
sedih sekali🤣🤣🤣@Abda_ahmd,2025-04-17 07:46:27+00:00,negatif
"lebih parah dari belatung,tikus,kecoak,cacing ini🗿",2025-04-17 07:46:17+00:00,negatif
tiba2 udah jadi sound tik tok lagi😂,2025-04-17 07:46:14+00:00,negatif
emak w nanya siapa yg nangis si ..pas w kasih tau Kaga Malu ama badan,2025-04-17 07:46:12+00:00,negatif
lah kocak,2025-04-17 07:46:11+00:00,negatif
itu nangis apa bahagia shi,2025-04-17 07:46:11+00:00,positif
👍👍👍,2025-04-17 07:46:10+00:00,positif
kasian..kok cuma 76 m...tambah lagi !!,2025-04-17 07:46:07+00:00,negatif
😂😅😂😅😂,2025-04-17 07:46:07+00:00,positif
naha leweh sagala.. 😂,2025-04-17 07:46:06+00:00,negatif
🤣😂🤣🤣🤣🤣🤣,2025-04-17 07:46:01+00:00,positif
bisa banget Ektingnya..,2025-04-17 07:45:57+00:00,netral
Sangat luar biasa,2025-04-17 07:45:56+00:00,negatif
75 M itu makan apa bg🤭,2025-04-17 07:45:53+00:00,positif
".
╱╱▏┈┈╱╱╱╱▏╱╱▏
▇╱▏┈┈▇▇▇╱▏▇╱▏
▇╱▏▁┈▇╱▇╱▏▇╱▏▁
▇╱╱╱▏▇╱▇╱▏▇╱╱╱
▇▇▇╱┈▇▇▇╱┈▇▇▇╱",2025-04-17 07:45:53+00:00,positif
sampah di korup 😲😭😭😭😭,2025-04-17 07:45:52+00:00,negatif
😂😂😂,2025-04-17 07:45:51+00:00,positif
75 milyar buat makan??? makan apaan tu??,2025-04-17 07:34:21+00:00,negatif
kenapa menangis om,2025-04-17 07:34:16+00:00,negatif
sampah aja di korup astaga 🥺,2025-04-17 07:34:15+00:00,negatif
suara nya di kasih musik DJ kek nya gurih nih🤭🤣,2025-04-17 07:34:07+00:00,negatif
adeh.. di tangkap baru nangis. kemarin maleng uang nya gak nangis sama sekali.malah seneng.,2025-04-17 07:34:03+00:00,negatif
Oekk oekkk,2025-04-17 07:33:41+00:00,netral
😅😅😅,2025-04-17 07:33:30+00:00,positif
itu anak istrinya makan emas kah,2025-04-17 07:33:27+00:00,positif
huhuhuhu gw ketangkep..apes...apess...huhuhuhu...,2025-04-17 07:33:25+00:00,negatif
😃😃😃😃😃jangan ketawa pak,2025-04-17 07:33:25+00:00,netral
😂😂😂 dagelan,2025-04-17 07:33:22+00:00,netral
"oh gitu tangisan 75,9Milyar.... beda ya sama tangisan UMR... lebih Nyaring 😂😂",2025-04-17 07:33:19+00:00,negatif
"GW LAGI MIKIRIN 75,9M BUAT MAKAN ANAK BINI....TRUS GW MIKIR.....BLANK DAH",2025-04-17 07:33:19+00:00,negatif
Lanjut pengadilan akhirat,2025-04-17 07:33:05+00:00,positif
padahal di sampab banyak makanan pk.. ngapain korup kan makin susah cari buat makan 🤭,2025-04-17 07:32:59+00:00,negatif
"baru denger,suara uang 75,9 seperti itu ya😄😄😄",2025-04-17 07:32:56+00:00,negatif
"Itu yg nangis istrinyakah? Ga usah nangis begitu bu,ingatla betapa nikmatnya duit puluhan milyar itu😏",2025-04-17 07:32:39+00:00,negatif
ktika makan uang itu sambil nangis ngga sih?,2025-04-17 07:32:38+00:00,negatif
"pertanyaan gue cuma 1 yg korupsi di indo kan banyak nih, nah itu duit di kemanain yak 🤔 apa di bagi²kan ke rakyat kah atau di ambil lg sama oknum kah atau di simpen gtu aja sih 🤔",2025-04-17 07:32:36+00:00,negatif
koruptor ketar ketir tahun ini,2025-04-17 07:32:33+00:00,negatif
😂😂😂😂😂,2025-04-17 07:32:29+00:00,positif
suara cihua hua???,2025-04-17 07:32:27+00:00,negatif
😁😁😁,2025-04-17 07:32:26+00:00,positif
jgn ditahan kasihan anak istrinya 😢😢😢😢timbang korupsi sampahhh kan bkn duit.,2025-04-17 07:32:13+00:00,negatif
"udh ke tangkap nangis, coba gk ke tangkap pasti ketawa2🤭",2025-04-17 07:31:57+00:00,netral
makan apa ya 75M,2025-04-17 07:31:51+00:00,netral
🤣🤣🤣🤣🤣,2025-04-17 07:31:33+00:00,positif
"Yg nangis itu asli lagi mikirin gimana caranya hidup enak lagi, 😂😂",2025-04-17 07:31:18+00:00,netral
🤣🤣🤣,2025-04-17 07:31:16+00:00,positif
hukum sesuai hukum yg berlaku,2025-04-17 07:31:14+00:00,positif
"Ampe ke sampah"" di korupsi anj,, bnget emng para pemimpin kite",2025-04-17 07:23:39+00:00,negatif
"jangan di tangkap, kasian anak istrinya",2025-04-17 07:23:35+00:00,positif
giliran di tangkap nangis gilirsn dyit nya aj ketawa ketawa,2025-04-17 07:23:28+00:00,negatif
"auwauwauwauwauwa
dia bikin sound yg menarik
di remix bagus tuh🤣🤣🤣🤣🤣",2025-04-17 07:23:19+00:00,negatif
🤣🤣,2025-04-17 07:23:18+00:00,positif
😂konoha,2025-04-17 07:23:15+00:00,positif
🤣,2025-04-17 07:23:13+00:00,positif
😂😂😂,2025-04-17 07:23:10+00:00,positif
malah nyinden🤣🤣,2025-04-17 07:23:07+00:00,netral
negeri ini. dari sampah sampai alquran pun di korup.,2025-04-17 07:22:32+00:00,negatif
"untuk makan anak istri sehari 200 rbu x 30 hr = 6 jt...
kalo puluhan milliard namanya maling perompak",2025-04-17 07:22:20+00:00,negatif
itu nyanyi atau nangis ya ....😂,2025-04-17 07:22:10+00:00,positif
"Pecat,proses Hukum miskin kan para Kurupsi",2025-04-17 07:22:06+00:00,negatif
"makan apa anak istrix pak ,makan emas batang kah 😁",2025-04-17 07:22:03+00:00,positif
tlong bebaskn toh cuma 75 miliar pak belum 100 miliar di korupsi🤪,2025-04-17 07:22:02+00:00,negatif
"orang kaya gini klw lgi berbuat sadar Ama masyarakat nggk?
tpi knp klw ketangkap menangis 😂",2025-04-17 07:21:54+00:00,negatif
😂🫵,2025-04-17 07:21:54+00:00,positif
lahh kok nangis sihh anj??🤣🤣,2025-04-17 07:21:52+00:00,negatif
itu dia yg bunyi🙄?,2025-04-17 07:21:47+00:00,negatif
pernah ikut ajang pencarian bakat penyanyi kayanyaaaaaah,2025-04-17 07:21:47+00:00,positif
ya pak mendingan di bebasin aja seneng2 nya banyak duit kog bentar doang kasian kan heee😭😭,2025-04-17 07:21:46+00:00,negatif
udah sih anak istri nya gak dimiskinkan kan gak adil mereka kena imbasnya juga 😏,2025-04-17 07:21:46+00:00,negatif
maaf pak nangis nya serem🥺,2025-04-17 07:21:45+00:00,negatif
gw mah takut di bikin jedag jedug tu tangisan ama dj parung 😂,2025-04-17 07:21:34+00:00,negatif
kek anak kecil pak nangis nya... pake cekok segala,2025-04-17 07:21:32+00:00,positif
🤣🤣 dia cm disuru🤭🤭,2025-04-17 07:21:30+00:00,positif
anak istrinya segede apa ya ko makannya sebanyak itu,2025-04-17 07:21:22+00:00,positif
😂😂😂😂,2025-04-17 07:21:18+00:00,positif
duit atau apa itu hampir 76 M di telen gt,2025-04-17 07:21:18+00:00,negatif
"sementara itu Hokage malah kasihan kepada keluarga & anak koruptor njirr, sedangkan anak & keluarga ikut makan duit korupsi
oke gas kebanggaan 58 memang",2025-04-17 07:14:12+00:00,negatif
minta tolong sm omon2 nnti di bebasin😅😅😅,2025-04-17 07:14:10+00:00,netral
Semoga uang yg di korupsi dikembalikan ke Kas negara dan tidak dikorupsi lg oleh oknum lainnya.,2025-04-17 07:14:08+00:00,negatif
makan berlian tu istrinya???,2025-04-17 07:14:06+00:00,negatif
menangislah yg bnyk sampe 75m kembali,2025-04-17 07:14:05+00:00,negatif
Pantes Tangsel mobil sampah nya udah jelek2 banget...eh di jadii duit😁,2025-04-17 07:14:05+00:00,negatif
😅😅😅,2025-04-17 07:14:03+00:00,positif
"korup sampah , hukumanya bau sampah seumur hidup",2025-04-17 07:13:55+00:00,negatif
kasian 😂😂,2025-04-17 07:13:54+00:00,netral
🤪🤪🤪,2025-04-17 07:13:49+00:00,positif
wkwkwk,2025-04-17 07:13:44+00:00,positif
kaya ada suara motor kehabisan bensin,2025-04-17 07:13:42+00:00,netral
sampah aja di korup..,2025-04-17 07:13:36+00:00,negatif
"hmpr menyamai yg disita di rmh mantan gub jabar rk cm beda nya yg di rumah rk berupa deposito 70Mdeposito ,kndraan ,sdh smuadisita tp yg pnya rumah rk jangankan di tngkp di panggil pun tdk🤣halo kpk",2025-04-17 07:13:35+00:00,negatif
udah kenyang kok nangis?? mestinya udah kenyang itu bersyukur 😁😁😁,2025-04-17 07:13:32+00:00,negatif
🤣🤣🤣enak bngt minta bebas,2025-04-17 07:13:16+00:00,negatif
tangisanmu bagai nyanyian di telingaku🤣🤣🤣,2025-04-17 07:13:02+00:00,positif
😳😳😳 75.9m buat makan anak bini,2025-04-17 07:12:57+00:00,positif
"gk usah nangis buk...kan udah ada modal,bisa buat nikah lagi dgn yg lbh ganteng dan lebih baik dalam korupsi lainnya...",2025-04-17 07:12:53+00:00,negatif
"makannya ketawa"" pas di panggil ko nangis😁",2025-04-17 07:12:48+00:00,negatif
😭😭😭😭😭😭😭😭😭😭😭😭😭😭😭😭😭😭😭😭😭😭😭😭😭😭😭😭😭😭😭😭😭😭😭😭😭😭😭😭😭😭😭😭😭😭😭😭😭😭😭😭😭😭😭😭😭😭😭😭😭😭😭😭😭😭😭jangan di tangakap pak nanti kurus🗿🗿🗿🗿🗿,2025-04-17 07:12:46+00:00,netral
Kirain td cewek yg nangis 🤣🤣,2025-04-17 07:12:42+00:00,netral
"75,9 M itu ga mungkin sendiri",2025-04-17 07:12:42+00:00,negatif
awokw9kwokwokkowk,2025-04-17 07:12:40+00:00,netral
"makan lauk apa yg sampai 75,9 milyar? pepes ikan mas bertabur intan permata?",2025-04-17 07:12:37+00:00,negatif
😂😂😂😂😂😂😂,2025-04-17 07:12:35+00:00,positif
asikk kkkkkk,2025-04-17 07:12:13+00:00,netral
suara tangisnya premium,2025-04-17 07:12:12+00:00,netral
"sungguh dunia ni mengiur kan
tdk sabar ingin hidup mewah
bergelimang harta
kasian ini orang",2025-04-17 07:12:09+00:00,negatif
"tolong la di maaf kan saja ibu nya pak, kan kasian dgn keluarganya nanti makan apa coba .... 🤣",2025-04-17 07:12:03+00:00,negatif
akan di bebaskan karena istri tersangka menangis tulus,2025-04-17 06:58:32+00:00,negatif
Nangis-nangis biar gak dapet hukuman berat 😂,2025-04-17 06:58:27+00:00,negatif
"sebtel nya klo para Koruptor Cuma 7 juta atau 100 juta, mungkin rakyat nyadari tp klo da minimal 1 M, Korup karna Nafsu kali",2025-04-17 06:58:18+00:00,negatif
"suaranya lain, itu suara kasus penipuan di sulsel... kok masuk sini😜",2025-04-17 06:58:10+00:00,negatif
lahhh konten,2025-04-17 06:57:47+00:00,negatif
Huuuhuuuhuuuueeeeeeehaaaaa,2025-04-17 06:57:46+00:00,netral
🤣🤣🤣,2025-04-17 06:57:39+00:00,positif
"sudah waktunya untuk membuat kursi listrik bagi pejabat pemerintahan yang koruptor, dengan berkurangnya koruptor, ekonomi Indonesia akan lebih stabil",2025-04-17 06:57:33+00:00,netral
saya juga butuh kasih makan keluarga pak.. kasih saya 75 m pak..,2025-04-17 06:57:27+00:00,netral
klu di usut di setiap daerah bakal byk yg msk buai....,2025-04-17 06:57:26+00:00,negatif
lihat pak prabowo kasian nangisnya sampai menyayat hati mengikis karang meruntuhkan bangunan. dia korupsi demi anak istri. kan seperti kata bapak kasian anak istrinya.,2025-04-17 06:57:24+00:00,negatif
Lanang nanges...!,2025-04-17 06:57:24+00:00,negatif
lepaskan saja pak.? kasian anak istri nya?. 😭,2025-04-17 06:57:13+00:00,negatif
😁😁😁,2025-04-17 06:57:13+00:00,positif
makan apa 79 M?,2025-04-17 06:57:07+00:00,negatif
😁😁😁😁,2025-04-17 06:56:57+00:00,positif
"dia korupsi atau g atau dia kmbalikan uang korup pun . isi dompetku n rekening ku ga berubah jg...
kalian para netizen kalao masuk ke circle dia pasti ikut nikmati juga kan. 😅
#kenyataanhidup",2025-04-17 06:56:53+00:00,negatif
75 miliar tidak bikin rakyat miskin☺️,2025-04-17 06:56:51+00:00,negatif
uangnya mana minta bebasin😹🗿 emememememem gitu bunyi nangisnya njirt,2025-04-17 06:56:50+00:00,negatif
jangan nangis ntar ada yg kasihan🗿,2025-04-17 06:56:48+00:00,netral
cobah dibangunkan ke dera cipete. pasti sudah jadi kota..,2025-04-17 06:56:44+00:00,positif
apa adil anak istrinya menderita? sedangkan korupsinya dipakai untuk keluarganya?,2025-04-17 06:56:43+00:00,negatif
apa itu yg di makan anak istrinya sampai 75 m?,2025-04-17 06:56:40+00:00,negatif
Pas punya duit aing yeuh boga duit koga pas katangkep mewek,2025-04-17 06:56:30+00:00,negatif
ini mah kecil....yg ngantongin 11rb Trilyun mana tuuuhhhh....bagikan buat Rakyat Indonesia lahhh,2025-04-17 06:56:23+00:00,negatif
"kita Tangsel itu memang tidak ada tempat pembuang sampah nya dan kalau kita mau buang sampah itu bingung,, ada pengambil sampah tp itu bukan dari kelurahan,, kita bayar mrk sebelum bekerja itupun janjinya mau di ambil sampah tiap hari kalau kita byr di depan eee setelah di byr cuman di ambil sampah nya 2 seminggu kadang 1 Minggu sekali",2025-04-17 06:56:13+00:00,negatif
Sik Tah Sampah OPO... bertanya dg tanda tanya...🙄🙄🙄,2025-04-17 06:56:11+00:00,negatif
alasan kenapa kuntilanak kalau nangis malam malam itu seram,2025-04-17 06:56:05+00:00,netral
merdu suara tangisnya 😂😂😂,2025-04-17 06:56:03+00:00,negatif
"baru utk makan aja 75.9M🤔
amaizing pak,, biaya makan nya",2025-04-17 06:50:04+00:00,positif
suaranya nangis nya kayak apa ya 🤣🤣,2025-04-17 06:50:04+00:00,negatif
"lepasin aj pak.
kasian anak istri nya.",2025-04-17 06:49:59+00:00,positif
mbok ya o kasihan pak......buat makan keluarga 😂😂😂😂,2025-04-17 06:49:55+00:00,netral
😄😄😄😄75'9 m duitnya kemana.kok mewek waktuu dapat duit ketawa2,2025-04-17 06:49:54+00:00,negatif
saya aja 3jt bajet buat makan selama 1bulan uda tiap hari di bilang enak.. situ M M an makan apa tiap hari jir 😆,2025-04-17 06:49:51+00:00,negatif
lebih parah niii,2025-04-17 06:49:48+00:00,negatif
"🤣🤣🤣 istri nya lagi ketawa,,senang dan bahagia suaminya di tangkap,,soalnya uang korupsinya kan masih ada😁😁😁",2025-04-17 06:49:34+00:00,positif
"kenapa nangis, sebelum ketangkap, ketawa tawa sambil makan😂😂😂",2025-04-17 06:49:32+00:00,negatif
🤣🤣🤣🤣🤣 bagus sound nya,2025-04-17 06:49:29+00:00,positif
Kasihan kan anak istrinya para koruptor2....besok makan apa coba....bener kata presiden....,2025-04-17 06:49:21+00:00,negatif
ini kok nggak di demo😅😅😅,2025-04-17 06:49:13+00:00,negatif
Itu nangis apa ketawa sihh😂😂😂😂😂,2025-04-17 06:49:12+00:00,negatif
indonesia udah darurat korupsi ga ada satupun presiden yg tegas terhadap pemberantasan korupsi di negeri ini,2025-04-17 06:49:08+00:00,negatif
DLH tangkot kayanya mencurigakan.,2025-04-17 06:49:07+00:00,negatif
banyak banget,2025-04-17 06:49:05+00:00,negatif
bebaskanlah cuman 75 miliar kecil lah.. kasian keluarganya mo makan apa nanti klo bapak nya di tahan 😆😅😂🤣,2025-04-17 06:49:05+00:00,negatif
makan apa butuh puluhan milyar? tempe emas batangan?,2025-04-17 06:49:03+00:00,negatif
😂😂😂,2025-04-17 06:49:01+00:00,positif
"pejabat indo yg pnting kaya mewah,urusan sulap mnyulap itu udh mn jadi tradisi",2025-04-17 06:48:57+00:00,positif
𝕥𝕖𝕟𝕒𝕟𝕘 𝕡𝕒𝕜 .. 𝕒𝕟𝕒𝕜 𝕚𝕤𝕥𝕣𝕚𝕞𝕦 𝕞𝕒𝕤𝕚𝕙 𝕞𝕖𝕟𝕚𝕜𝕞𝕒𝕥𝕚𝕟𝕪𝕒.. 𝕞𝕒𝕤𝕙 𝕒𝕕𝕒 𝕡𝕣𝕠𝕞𝕠,2025-04-17 06:48:51+00:00,positif
kabid bkn nya gajinya diatas UMR??,2025-04-17 06:48:50+00:00,negatif
wes hop raksah nangis....pas korup anteng2 wae Saiki mengeluarkan jurus Ben do melas PO?blasss ora ..,2025-04-17 06:48:49+00:00,negatif
sampah aja di korupsi????,2025-04-17 06:48:44+00:00,negatif
Giliran gini “KU MENANGISSSS” coba klo belum ketahuan beuuh gasssss terooosssss 🤣🤣🤣,2025-04-17 06:48:42+00:00,negatif
😂😂😁😂😂😂,2025-04-17 06:48:37+00:00,positif
budaya yg patut dan sudah dilindungi,2025-04-17 06:48:35+00:00,positif
wowo bilang kasihan anak istri nya,2025-04-17 06:48:33+00:00,positif
🤣🤣🤣,2025-04-17 06:48:33+00:00,positif
"bebas kan ajalah pak,,kasihan sama anak istri nya,,anak istri nya nanti makan apa,😏",2025-04-17 06:48:25+00:00,negatif
emang bakalan dipenjara?,2025-04-17 06:43:21+00:00,negatif
😅😅😅,2025-04-17 06:43:19+00:00,positif
🤣🤣🤣🤣🤣,2025-04-17 06:43:17+00:00,positif
75.9 milyar buat beli nasi padang dapet berapa tuh? 😹🤣,2025-04-17 06:43:13+00:00,negatif
tangisan nya pilu sekali.. kasihan.. 😂,2025-04-17 06:43:12+00:00,netral
air mata penuh kepalsuan 🤣,2025-04-17 06:43:11+00:00,positif
Stater grand🗿,2025-04-17 06:43:08+00:00,positif
"giliran ketangkap suaminya nangis ,giliran nerima uangnya hahahi",2025-04-17 06:43:08+00:00,negatif
"bengek lu pak,,",2025-04-17 06:43:08+00:00,netral
membagongkan kau,2025-04-17 06:43:05+00:00,positif
"jangankan sampah, pengadaan al-qur'an z di korupsi",2025-04-17 06:42:59+00:00,negatif
"cup cup, dah ah jangan nangis, malu sama badan Pakk! ntar kita beli balon yak, mau warna apa?",2025-04-17 06:42:56+00:00,negatif
"gara gara ada omon omon tidak dimiskinkan..kasian anak istri...dan sekarang di jadikan alasan😂
selamat pak harta anda aman..paling cuman anda penjara sebentar..
2030indonesia hebat",2025-04-17 06:42:56+00:00,negatif
😅😅,2025-04-17 06:42:56+00:00,positif
"kasihanilah mereka pak,karna korupsinya kurang besar....",2025-04-17 06:42:51+00:00,negatif
huhuhahahuhaha huhhu hahaha heheh hehehaahahah😭😭😭😭😭😭,2025-04-17 06:42:48+00:00,negatif
Tiap hari beritanya ini aja.. paten mmg konoha 😂😂,2025-04-17 06:42:42+00:00,negatif
🤣,2025-04-17 06:42:39+00:00,positif
😁,2025-04-17 06:42:38+00:00,positif
korupsi sampah maksudnya gimana ya,2025-04-17 06:42:37+00:00,negatif
"enak kali yaa hidupmu🤔🤔🤔, mudah mencari uang",2025-04-17 06:42:31+00:00,positif
giliran Udeh begini pake ditangisin..,2025-04-17 06:42:21+00:00,negatif
Lucu 🤣,2025-04-17 06:42:16+00:00,positif
itu beneran?bukan beksound?,2025-04-17 06:42:15+00:00,negatif
kok ketawa bgtu 😂,2025-04-17 06:42:12+00:00,netral
kita yang ngk punya uang mau nangis aja malu😭,2025-04-17 06:42:10+00:00,negatif
"Dia makan sampah ?
harusnya kita bersyukur dia membantu negara dlm mengurai penumpukan sampah.",2025-04-17 06:42:09+00:00,netral
😅😂😅😂,2025-04-17 06:41:51+00:00,positif
lah kok di tangkap kasian anaknya loh,2025-04-17 06:41:37+00:00,negatif
jangan nangis buk sebentar lagi bebas kok... 😫,2025-04-17 06:41:06+00:00,negatif
tgl sial tidak ada dalam kalender,2025-04-17 06:31:18+00:00,negatif
🗿🗿,2025-04-17 06:31:09+00:00,positif
😂,2025-04-17 06:31:07+00:00,positif
enak aja..... 🔥,2025-04-17 06:31:04+00:00,netral
makan apaan coba,2025-04-17 06:30:58+00:00,netral
😳,2025-04-17 06:30:57+00:00,positif
😂😂😂,2025-04-17 06:30:50+00:00,positif
makanan apa ini segitu banyaknya😂😂😂😂😂,2025-04-17 06:30:34+00:00,positif
tenang aja pak asal bisa s3 aman pak tmbh lg kelakuan baik dan koperatif busa bebas,2025-04-17 06:30:28+00:00,positif
banyak bener buat makan doang,2025-04-17 06:30:11+00:00,positif
makan apa segitu bnyk duitnya,2025-04-17 06:30:06+00:00,netral
mau nangis tp takut dosa 🤭🤣,2025-04-17 06:30:00+00:00,negatif
😂😂😂,2025-04-17 06:29:34+00:00,positif
kasian anak istrinya,2025-04-17 06:28:58+00:00,positif
kasihan demi anak istri mnding bebasin kasih tunjangan dan gaji yg lebih tinggi biar sejahtera tidak korupsi lagi,2025-04-17 06:28:52+00:00,negatif
😂😂😂😂😂😂,2025-04-17 06:28:25+00:00,positif
😂😂😂😂😂,2025-04-17 06:27:58+00:00,positif
gk kebayang berapa duit tuh tunjangan milik petugas kebersihan yg diselewengkan,2025-04-17 06:27:57+00:00,negatif
bagus..d tangsel masih bnyk kroni a atut,2025-04-17 06:27:47+00:00,negatif
😂😂😂😂😂😂😂😂,2025-04-17 06:27:43+00:00,positif
Air mata buayaaa 🤣🤣🤣,2025-04-17 06:27:39+00:00,positif
air mata biaya darat🤭,2025-04-17 06:27:20+00:00,negatif
makan apa mahal amat.,2025-04-17 06:27:14+00:00,netral
🤣,2025-04-17 06:27:09+00:00,positif
lahh,2025-04-17 06:26:54+00:00,negatif
ooo kaciaaan,2025-04-17 06:26:28+00:00,netral
😂😂😂😂,2025-04-17 05:55:36+00:00,positif
🗿🗿🗿🗿,2025-04-17 05:55:31+00:00,positif
tolong donk di selidiki lagi masih bnyak itu yg blm d kena,2025-04-17 05:55:29+00:00,negatif
😅😅😅😅 baru naggis,2025-04-17 05:54:24+00:00,positif
itu nanggis apa ketawa🤔🤔🤔,2025-04-17 05:54:15+00:00,negatif
"ko segampang itu ya bs korupsi, apakah sistem manajerial p3ngawasan lemah syahwat atau bagaimana",2025-04-17 05:54:13+00:00,negatif
apakah hanya sendirian ?,2025-04-17 05:53:45+00:00,negatif
jangan di sita uang nya...kasian anak nya .....🤣🤣🤣,2025-04-17 05:53:26+00:00,negatif
sampah saja dikorupsi njirrr,2025-04-17 05:53:12+00:00,negatif
Di awak gue kira suara drone mavic🗿,2025-04-17 05:53:08+00:00,netral
😂😱,2025-04-17 05:52:54+00:00,positif
😁😁😁😂😂,2025-04-17 05:52:01+00:00,positif
bebaskan aja ok korup cuma segitu kasihan. yg sabung ayam aja yg d tangkap merugikan negara dengan masarakat kebih2 kalo kurang setoran,2025-04-17 05:51:44+00:00,negatif
🤣🤣🤣😅🔥,2025-04-17 05:51:37+00:00,positif
yang penting anak anaknya terjamin dan tidak kelaparan,2025-04-17 05:50:25+00:00,positif
kesian anak istrinya,2025-04-17 05:49:52+00:00,negatif
😁😁😁😁😁😁😁😁😁😁,2025-04-17 05:49:27+00:00,positif
rakus juga istri lo ya pak.. ampe 75 milyar... makan apa an tu pak tiap harinya,2025-04-17 05:49:07+00:00,negatif
kirain nangisnya kuntilanak,2025-04-17 05:49:05+00:00,netral
ketangkap baru nangis²,2025-04-17 05:48:59+00:00,positif
te gableg ka era,2025-04-17 05:48:47+00:00,negatif
"pak Prabowo tolong dibantu, kasian anak dan istri nya mending dilepaskan pak, harus dipikirkan juga ank istri nya",2025-04-17 05:48:47+00:00,negatif
"makan apa pak 75,9 milyar tuh 🤔🤔🤔🤔🤔",2025-04-17 05:48:43+00:00,negatif
anak buah mulyono,2025-04-17 05:48:07+00:00,positif
knp nangis duit kan dah banyak,2025-04-17 05:48:06+00:00,negatif
kalo ikut casting sinetron/film pasti lolos nih,2025-04-17 05:47:25+00:00,negatif
🤣🤣🤣,2025-04-17 05:47:24+00:00,positif
Masa 79 m. cuma buat mkn anak istri 😅,2025-04-17 04:52:54+00:00,negatif
waaahh bakalan viral nih sound nya🤣🤣🤣,2025-04-17 04:52:06+00:00,negatif
"bnyk duit nyo tuh.
79 miliar lebih...",2025-04-17 04:51:44+00:00,negatif
"aku terharu sekali lihat badan yg gede nangisnya sampai dihayati begitu,senang saya lihat yang kaya gini😁😂",2025-04-17 04:51:23+00:00,netral
bernyanyi lah 🤣🤣 klw bgto biar rame rame 🤣,2025-04-17 04:51:17+00:00,netral
enak aj bebas.gk gtu cara maen ny.,2025-04-17 04:50:48+00:00,netral
@pesonaindonesia jadiin soun min,2025-04-17 04:49:45+00:00,negatif
😅😅😅😅😅😅😅😅lucu juga 😭😭😭😭😭,2025-04-17 04:49:23+00:00,positif
"😁🤪😅
Ada Ketoprak mas...
1 M dong...",2025-04-17 04:48:00+00:00,negatif
sampah aja bisa di korupsi apalagi yg lain,2025-04-17 04:47:39+00:00,negatif
😬,2025-04-17 04:47:19+00:00,positif
lagis hepi ngak inggat. pasketahuan nangis.,2025-04-17 04:46:29+00:00,negatif
gntng aj,2025-04-17 04:46:20+00:00,netral
😅😅😅😅😅,2025-04-17 04:46:09+00:00,positif
seumur hidup dipenjara,2025-04-17 04:46:03+00:00,negatif
buat makan apa Maruk 😆,2025-04-17 04:45:36+00:00,netral
🤪🤪🤪🤪makan enak itu ya,2025-04-17 04:43:40+00:00,positif
🤣😂,2025-04-17 04:42:16+00:00,positif
"anjay 75,9 miliar untuk makan anak istri emng mereka makan apa 🤣🤣",2025-04-17 04:41:46+00:00,positif
abunawas tangisanya...,2025-04-17 04:39:52+00:00,negatif
dipaksa sapa tuh🗿 pasti kena seret yg lain juga,2025-04-17 04:39:16+00:00,negatif
lhah kok nangis ?!,2025-04-17 04:38:58+00:00,negatif
lepasinlah pak kasian ...ank istrunya gmn nnti,2025-04-17 04:38:40+00:00,negatif
utamakan sisi kemanusiaan.. bebaskan dia.. dia punya keluarga yg harus dinafkahi.. kami rakyat ikhlas uang dikorupsi mereka.🥀,2025-04-17 04:38:37+00:00,negatif
ahhahahahah tanggisan takut aset nya di sita hahahahah,2025-04-17 04:37:30+00:00,negatif
"Kirain suara tangisanya karena kesurupan vina, soalnya mirip suara nya 😂😂😂",2025-04-17 04:36:18+00:00,netral
"Jangan lah di intimidasi, jgn dihukum, kita harus menjaga perasaan anak istri mereka....😂😂😂😁😁😆😆🤣🤣🤣.. koplak koplak..",2025-04-17 04:35:47+00:00,negatif
nangis apa kamu,2025-04-17 04:34:56+00:00,netral
"kasihan,bebasin aja, dia tulang punggung keluarga😭 dia orang baik loh😂",2025-04-17 04:34:26+00:00,netral
hayooo loh di penjara 😅,2025-04-17 04:33:39+00:00,netral
cakeup...,2025-04-17 13:13:03+00:00,netral
Nangis karna menyesal❌️Nangis karna ketahuan✅️,2025-04-17 02:22:22+00:00,positif
"Ga usah kaget guys. Coba periksa tiap dinas kota, kabupaten atau provinsi.
Rata mereka kayak gitu. 😅",2025-04-17 02:59:58+00:00,negatif
Hampir tiap hari liat berita koruptor yg ketangkap,2025-04-17 02:34:56+00:00,negatif
"coba periksa pajak BEA CUKAI.. periksa rekeningnya dn cocokkan masa kerjanya, pasti melembung.",2025-04-17 12:11:41+00:00,netral
yang ditangkap kelas teri ecek2 kapan sekelas menteri yang notabene teman presiden,2025-04-17 03:21:07+00:00,negatif
dia terharu sampai menangis karena seumur hidupnya baru kali ini dia bisa memakai rompi warna pink dengan ajudan yg mengawalnya 😁,2025-04-17 09:29:16+00:00,negatif
akibat ringannya hukuman utk pelaku korupsi di negeri Konoha...,2025-04-17 08:26:43+00:00,negatif
"SUBUR BANGET BADAN nya ya ,,,,",2025-04-17 10:41:41+00:00,negatif
"kayanya kalo di sisir di tiap dinas bakalan banyak yg pake baju orange, terus banyak lowongan ASN dan jabatan",2025-04-17 02:46:13+00:00,negatif
"Penyesalan memang selalu datangnya belakangan. Karena kalau datang nya duluan, nama nya pendaftaran....😁😁😁",2025-04-17 02:39:27+00:00,positif
"tenang,korupsi di negara kita udah bebas kok,asal ada????????",2025-04-17 05:18:02+00:00,negatif
serius loh nanya uang hasil korupsi mereka kan diambil negara ada gak sic lembaga atau yg bisa diakses rakyat uang^^ tersebut alokasi kemana atau balik dibalikin jadi apbn,2025-04-17 07:06:53+00:00,negatif
KPK ko ga ada yg kerja malah kejaksaan yg aktif,2025-04-17 04:20:04+00:00,netral
"kokk, lohh, loh, rompi safety",2025-04-17 02:16:17+00:00,negatif
mantan lurah pisangan itu dlu lurah sy,2025-04-17 05:18:48+00:00,negatif
"coba tangkap tuh petinggi""nya, pasti begitu semua,,yg dicecar jgn tingkat kota, atw kabupaten aja. atw propinsi.",2025-04-17 12:11:51+00:00,negatif
msh byk lg...jd kalo bisa dibersihkan semua tanpa pandang bulu,2025-04-17 12:13:22+00:00,negatif
ya itulah .masyarakat bawah gak tahu apa2... tp hanya Tuhanlah yg mngetahui....🤭👍,2025-04-17 15:09:11+00:00,negatif
Ngapain Nangis.?! 🤔,2025-04-17 10:28:45+00:00,negatif
"75M serasa dikit bgt ya, dibanding hampir 1 kuadriliun & 300T. 🤣🤣",2025-04-18 11:05:49+00:00,negatif
keren dah paje rompi oren mah apalagi pake gelang mas putih yang mengikat tangan 👍,2025-04-17 21:13:05+00:00,negatif
"Rakyat Bisa nya Hanya Melihat & Hidup nya selalu Menderita .
Sdg kan Para oknum Penguasa. negeri iNi berLomba - Lomba Memperkaya diri Sendiri .
Uang Rakyat / Kekayaan Negara Pada di Curi",2025-04-17 15:14:56+00:00,negatif
lagi2 nangis waktu trima uang gembira bukan main,2025-04-18 07:28:26+00:00,negatif
sita semua harta nya,2025-04-17 14:16:44+00:00,positif
penyesalan pasti ...datang di akhir..,2025-04-17 12:38:04+00:00,negatif
"uang yg di korupsi itu kemana. bisa di limpahkan
bantu rakyat atau kmanusiaan",2025-04-17 11:51:49+00:00,negatif
"setelah ketangkep nangiiis,,,😭😭😭75,9 M itu uang semua???",2025-04-17 12:33:25+00:00,negatif
silakan hidup semaumu sekehendakmu tapi ingat kamu pasti akan ketemu sama yg namanya wafat.......Allah tidak tidur Allah maha adil maha bijaksana,2025-04-17 11:19:51+00:00,negatif
"temen nya kok GK di ajak bg,,😁😁😁pa makan sendiri dana senilai 75,9 M......??? pa jngn jngn di bagi bagi buat kluarga kah bg.....😁😁???
atw karena takut kluarga ny terancam ,klw di lapor kan yg ikutan makan dana senilai 75,9 kawan skantor ,kluarga bg terancam xli ya makan ny sendiri aja.....
info ya bg...😁",2025-04-17 10:44:44+00:00,negatif
Omg 75.9 billion 😱😱😱😳😳🤯🤯🤯😡😠😠😠🥵🥵,2025-04-18 04:19:21+00:00,negatif
kejahatan dpt menghancurkan segala²nya,2025-04-17 14:24:11+00:00,positif
air mata buaya,2025-04-17 12:03:51+00:00,netral
"sekarang kejaksaan aja yg nangkapin koruptor, kpk kemana ????",2025-04-17 06:21:12+00:00,negatif
kerajaan malaysia arus kena penting kepada menghormati kepada rakyat malaysia asing menggunakan ayat-ayat yang tidak betul,2025-04-19 15:01:24+00:00,positif
baru mewek,2025-04-17 06:34:57+00:00,positif
gpp udh gak aneh.. kalau semua perusahaan pasti ada tikusnya,2025-04-19 02:56:44+00:00,negatif
"pantesan sampah nya gak di angkut
uang nya g di setorin kali,,asal buang aja",2025-04-18 01:34:01+00:00,negatif
"cuman di pakein rompi, ngga di botak sama suruh pake koko dan peci😂",2025-04-18 18:43:03+00:00,negatif
kadis nya gk kena kayk nyk harus di periksa juga,2025-04-17 12:48:19+00:00,negatif
"mantap cmn kabib dpt duit 75 M cukup utk modal sdh walau dipecat, anak isteri tdk melarat lnjt",2025-04-19 12:01:56+00:00,netral
"tenang pak, lu kan berduit percaya lah pasti penjara nya enak",2025-04-19 11:53:32+00:00,netral
"udah lama ga ketemu' sekali nya ngeliat berita, abang TB jd tersangka,",2025-04-18 10:09:49+00:00,negatif
wkwk keluarga nya bisa ya berkah begituh,2025-04-18 08:03:54+00:00,netral
"tiap HR koruptor ketangkep duitnya banyak banget,, tp itu duit kmn ya",2025-04-18 07:27:39+00:00,negatif
sampah saja kau jadikan ladang korupsii😭😭😭😭😭,2025-04-24 07:46:08+00:00,netral
ni orang nangis karena tamak sarakah,2025-04-17 12:07:06+00:00,negatif
knapa.. kena tangkap pdt tu,2025-04-17 23:52:29+00:00,negatif
"Kabid kena, harusnya Kadis diperiksa juga gak mungkin tak tahu issue ini 😂",2025-04-17 10:00:13+00:00,netral
"ko bisa""nya nangis Lo..?🤣😂",2025-04-17 12:39:43+00:00,negatif
air mata buaya ...😁😁😁😁😁,2025-04-17 11:22:45+00:00,positif
hampir semua daerah brow sudah GK anehakanya negri ini GK akan maju2 bnyak rakyat yg susah d negri ini ap LG d plsok2 desa prihatin sy klw liat pejabat negri ini,2025-04-17 12:43:36+00:00,negatif
"heran sama manusia, makan nasi pecel 5rb ws urep, mok rewangi nimbun duwek gwe opo😂😂😂😂",2025-04-17 12:23:19+00:00,negatif
penjarakan,2025-04-17 12:27:36+00:00,netral
tangis air mata buaya.,2025-04-18 02:14:14+00:00,netral
mengalihkan perhatian yg 1000 T,2025-04-17 21:16:04+00:00,positif
muka pura2 sedih ...,2025-04-18 00:50:38+00:00,negatif
dia ketawa 😆😆😆😁😁😁,2025-04-17 10:48:28+00:00,netral
bujuk... pikirin yg gajinya HONORER PAK.. 😅😅😅,2025-04-17 11:17:23+00:00,positif
yg pasti pgadilan akhirat...,2025-04-17 11:56:12+00:00,positif
sudah. gaada gunanya kau menangis,2025-04-18 09:41:25+00:00,negatif
selamat pak ya sudah dapat baju dinas baru dan diberikan mahkota ditangan 🤣🤣🤣🤣,2025-04-17 12:06:34+00:00,positif
aman kalau hasil nya di bagi rata😁😁,2025-04-18 08:46:13+00:00,netral
terharu ya knp baru ketangkap skg...😂😂,2025-04-17 12:22:10+00:00,negatif
"😜😜😜😜selamat menunaikn ,,",2025-04-17 12:36:35+00:00,positif
Mewakili siapa tangisan kamu?,2025-04-19 04:42:01+00:00,positif
allah huuakbar ya allah. ya roobb,2025-04-17 15:17:30+00:00,negatif
Tangerang bersih2 👍👍👍,2025-04-17 15:28:14+00:00,positif
छमपैपीहरूले,2025-04-18 13:07:28+00:00,netral
ya Allah SDH di tangkap.kerja melanggar sumpah LG terhadap tuhannya,2025-04-18 01:12:36+00:00,negatif
ya Allah,2025-04-17 12:44:21+00:00,positif
uuu.. alaaa...,2025-04-17 16:38:39+00:00,negatif
aku yakin setiap DLH ada pengelembungan anggaran b,2025-04-17 12:34:51+00:00,netral
kenapa nangis,2025-04-17 12:38:09+00:00,netral
"semua korupsib m m an semua, kl disitapun nanti diolah lagi😂",2025-04-17 12:30:52+00:00,negatif
loh nangis kenapa pak? nangis ga bisa menguras lebih ya pak 😅,2025-04-18 14:41:28+00:00,netral
kan gagah pake rompi 👍,2025-04-17 14:25:51+00:00,negatif
tangisan kebahagiaan,2025-04-18 01:43:25+00:00,positif
Masih ada sisa?,2025-04-17 12:13:34+00:00,negatif
pejabat pejabat di indonesia 100% ngga ada yang jujur dan amanah,2025-04-17 12:04:41+00:00,positif
"waduuuh,,, Bpk kehabisan rompi d rumh yh, koq minta yg gratisan... 😂😂😂",2025-04-17 12:03:43+00:00,negatif
nangisnya karna apa ya 🙏,2025-04-19 22:55:51+00:00,positif
pura-pura sedih ne pak.tenang aja asal perilaku baik maka ndk lama penjara pak 😂,2025-04-17 14:15:38+00:00,negatif
"coba periksa petugas2 BUMN,ASN,BEACUKAI,SAMSAT,POLRI,DEPAG,KEJAGUNG...itu semua rata2 lahan basah klo cuma mendapatkan gaji reel pendapatan mereka beda dengan gaji mereka",2025-04-18 02:21:16+00:00,netral
Ini yg korupsi bisa nangis,2025-04-17 12:01:16+00:00,negatif
waduh banyak juga ya,2025-04-17 12:20:55+00:00,negatif
pejabat indonesia segala bidang dikorupsi. ampun dah🤦,2025-04-17 16:01:13+00:00,negatif
naaaah yg dprti ini lsg di ciduk yg biang nya paus di biarkan,2025-04-17 17:42:04+00:00,negatif
nangis karena takut hartanya disita,2025-04-17 12:23:13+00:00,negatif
jgn menangis pak krn itu sdah resiko bagi yg berslh,2025-04-17 14:36:07+00:00,negatif
yg tri liyunan juga tangkap,2025-04-17 12:41:12+00:00,positif
sengaja yg dulu dibiarin kayak nya 😏😏,2025-04-17 11:10:12+00:00,negatif
bertobatlah,2025-04-18 14:53:09+00:00,netral
kota madiun,2025-04-19 07:03:52+00:00,positif
yg pagar laut blm ada yg di tangkap,2025-04-18 09:20:23+00:00,negatif
ujung-ujungnya di bebasin,2025-04-17 05:04:12+00:00,netral
"Kok B aja ya liat yg beginian skrg, karna pasti ujungnya hilang kabarnya",2025-04-18 06:45:04+00:00,negatif
kalau semua kementrian di usut tuntas dari atas sampai bawsh.penjara nusa kambangan gak muat.anda percaya gak.?,2025-04-18 08:23:02+00:00,negatif
mantan Mentri agama belum juga di tangkap ..,2025-04-17 23:03:48+00:00,negatif
mantaaabbb seragam baru,2025-04-17 11:42:34+00:00,netral
kalau di Indonesia g korupsi kerja tanpa bayar skil di g di butuhkan pasti Indonesia makmur,2025-04-18 00:40:17+00:00,negatif
makan uang haram...syukurr,2025-04-18 03:02:24+00:00,negatif
makan duitnya gk nangis heppy-happy aja liburan sama keluarga y,2025-04-17 08:34:11+00:00,netral
dah biasa disetiap dinas,2025-04-17 05:44:48+00:00,netral
dk USA ngis itu emang mau nya mkn duit hram,2025-04-17 08:59:37+00:00,negatif
Bpk nya baru nangis skrang. Rakyat kecil tiap hari mikir mau makan apa besok selo aja🥹,2025-04-19 11:14:04+00:00,negatif
Takut sama isteri nangisnya🤣,2025-04-18 08:22:43+00:00,negatif
kok nangis....,2025-04-19 15:27:09+00:00,netral
"tenang aja pak cuma buat Poto aja kok pakai sragamnya, nanti ya kluar lagi",2025-04-18 01:59:52+00:00,netral
kes rasuah,2025-04-18 15:03:18+00:00,netral
"Dan tetap seleksi bukan dgn mony politik harus jadi,, pemimpin",2025-04-17 23:04:10+00:00,netral
seragam impian... harganya mahal juga ya....??,2025-04-17 04:58:55+00:00,netral
"pengelolaan sampah juga di korupsi , astojiiim",2025-04-19 00:53:55+00:00,negatif
Apa arti tangisanmuuuuuuuuuuu,2025-04-18 12:55:15+00:00,netral
hidup dia,2025-04-19 04:19:52+00:00,positif
selidiki pasti mkn msh byk temennya yg ikutan,2025-04-17 15:31:12+00:00,negatif
tak pikir cak lontong 🤣🤣🤣,2025-04-17 11:02:18+00:00,negatif
Indonesia ne bos,2025-04-17 14:20:38+00:00,negatif
Sagala dikorup gimana jadinya Indonesia kalau ga diberantas 😳,2025-04-17 15:43:49+00:00,negatif
Air mata Biaya🤣🤣🤣🤣.... Paling 1 tahun udah dirumah😂,2025-04-17 12:59:31+00:00,negatif
येशूकोनमछूकरपैपीहरूले,2025-04-18 13:07:10+00:00,positif
MMG terbaikkkk 👍👍,2025-04-19 01:59:40+00:00,positif
ah paling tiga tahun😁,2025-04-17 13:27:57+00:00,positif
Indonesia begini aja isi bumi,2025-04-17 12:22:46+00:00,negatif
spil keluarga nya,2025-04-17 10:57:53+00:00,positif
Mesakne boss 😂,2025-04-17 11:10:30+00:00,netral
ngapain pake nangis,2025-04-17 14:06:57+00:00,negatif
"air mata buaya,",2025-04-18 04:52:24+00:00,positif
Bahkan sampah pun di korup. ini negara apa sih coooo 😭😭😭,2025-04-18 04:54:37+00:00,negatif
"knp nangis,pk,sdh terlambat",2025-04-17 13:56:20+00:00,negatif
lebik,2025-04-17 14:04:15+00:00,positif
"jujur ingin nanya, tujuan atau motif korupsi itu ap si",2025-04-17 10:09:39+00:00,negatif
kasihan juga kalo udah begini....makanya makan itu yg halal2 ajh.....,2025-04-19 02:04:03+00:00,negatif
nangis.,2025-04-17 14:10:09+00:00,netral
gitu ae nangis,2025-04-18 05:11:27+00:00,netral
air mata buaya,2025-04-17 14:13:00+00:00,netral
langsung ya. bagus.,2025-04-17 16:59:32+00:00,positif
itu baru di dunia di ahirat ygengga ada batas nya fidunia ada batas nya utara dan selatan jarakdekat uma 2 mtr x1 mtr batunisan 2 udh,2025-04-17 10:30:48+00:00,positif
🙏🤲tiyap hari heritage nya itu2 aja 🥰,2025-04-17 11:07:43+00:00,positif
Alhamdulillah semoga sehat selalu pak presiden Prabowo Subianto 👍👍👍 semoga yg koruptor ketangkap semua,2025-04-17 12:32:34+00:00,negatif
pasti.sama.seluruh.indonesia.🙏,2025-04-17 15:12:21+00:00,positif
kira2 apa yg dia tangisi😢😢😢,2025-04-17 11:07:12+00:00,positif
paling bentar lg ya plng uda ngk percaya lg,2025-04-17 11:50:58+00:00,negatif
w warga yg ke bau.n dia yg menikmati uang nya,2025-04-17 16:24:32+00:00,negatif
kpn korup sdh jd warisan para pejabat ya😂😂😂,2025-04-17 10:11:06+00:00,positif
Hebat,2025-04-17 13:15:19+00:00,netral
nangisss nangissssssss,2025-04-17 11:22:29+00:00,netral
Ya Allah kita aja cari uang receh sampai jungkir balik.,2025-04-17 12:04:43+00:00,negatif
pantesan sampah di pasar ciputat dan pasar cimanggis ciputat numpuk segunung tetap ada...,2025-04-19 12:32:56+00:00,negatif
"beliau nangis bukan karna menyesal, tapi karna ketahuan aja 😅",2025-04-17 05:09:54+00:00,netral
duit kabeh kuwi guys . gmn ngitung e opo yo iso turu,2025-04-17 07:07:44+00:00,negatif
Tebak hukuman,2025-04-19 01:19:58+00:00,negatif
waktu terima uangnya tertawa terbahak2 sampe keselek🤣🤣🤣,2025-04-17 04:28:29+00:00,negatif
kasihan keluarganya woyy,2025-04-18 15:05:26+00:00,negatif
Gausah nangissss!!!! 🫵🫵🫵🫵🫵,2025-04-19 01:01:56+00:00,negatif
"lg mkn uangy ketawa"" giliran dtangkap nangis""",2025-04-17 07:25:13+00:00,negatif
Air mata buaya,2025-04-18 01:49:20+00:00,netral
mewek,2025-04-19 12:10:37+00:00,netral
lagu lama 😂,2025-04-17 08:05:14+00:00,positif
oala,2025-04-18 02:28:32+00:00,netral
nangis wkt pke borgol.. wkt penggang duit ketawa ketawa😂,2025-04-17 10:27:45+00:00,negatif
ya Allah.....ini kok gak ada habis2nya😳😳😳😳,2025-04-17 11:17:42+00:00,positif
kok nangis? hrsnya bahagia lo,2025-04-17 14:14:26+00:00,negatif
ASTAGAAAAA,2025-04-17 12:15:52+00:00,negatif
wuih guantenyaa... .,2025-04-17 11:50:22+00:00,negatif
cuman berita saja,2025-04-17 15:36:04+00:00,positif
😁 yg suka membanggakan kemajuan itulah jiwanya 🤭,2025-04-17 15:02:16+00:00,positif
"TANGERANG KOTA, KAPAAAAAAN.......??????",2025-04-17 14:36:30+00:00,negatif
aamiin sapu bersih koruptor,2025-04-17 14:39:18+00:00,negatif
yang. ketangkap ....nggak pernah. ada video cm mana penjarah nya😁😁permulaan saja hyg ada,2025-04-17 15:30:27+00:00,negatif
"kenapa menangis duit puluhan milyar.
kn enakkkk.. 😁😁😁😁",2025-04-17 15:01:38+00:00,negatif
semuaaa cek,2025-04-17 14:46:51+00:00,positif
semoga bukan sandiwara 🙏🙏,2025-04-17 16:06:00+00:00,negatif
"enyak ya mkn cyan halam... pda pinter pngn jd pjbt ada maunya ,",2025-04-17 22:08:02+00:00,negatif
"enyak ya mkn cyan halam... pda pinter pngn jd pjbt ada maunya ,",2025-04-17 22:07:49+00:00,negatif
sudah ngepas yah baju rompi nya pa,2025-04-17 12:53:36+00:00,negatif
tangis bahagia punyarumah baru dn hidupbari,2025-04-17 10:46:05+00:00,positif
"jangan di hukum kasian,dia lagu,tar juga tobat😇😇😇",2025-04-17 12:29:32+00:00,positif
"bersenang - senang dahuluuu
baru kemudian bersusah - susah..",2025-04-17 12:32:17+00:00,positif
UANG MASUK KE PENGADILAN,2025-04-18 23:57:13+00:00,negatif
sebelum ketahuan gagah bener tuh..hidup mewah..mobil Gonta ganti..bini skincare ..😅,2025-04-17 13:05:48+00:00,negatif
"tertawa geh pak
bukan nya dapat duit banyak
bisa poya poya seneng seneng naik moge",2025-04-17 10:27:46+00:00,negatif
dari segala bidang di korup semua gimana mau maju negara kita ini .,2025-04-17 11:32:50+00:00,negatif
"lebih banyak tangisan rayat indo yg kaliyan sengsarkan,",2025-04-17 14:35:16+00:00,negatif
terutama bagian periziman lahan subur,2025-04-17 14:08:58+00:00,netral
yg lain siap2 aj. tunggu tgl main.,2025-04-17 13:54:13+00:00,negatif
@asik pake rompi yah,2025-04-17 13:52:27+00:00,negatif
pantes byk bgt orang kaya 🤭😳,2025-04-17 13:48:33+00:00,negatif
"Kasihan Anak"" dan Istrinya..",2025-04-17 13:35:20+00:00,negatif
mantap,2025-04-17 14:32:23+00:00,netral
masuk ruang menung...,2025-04-17 13:51:46+00:00,negatif
tenang aja besok juga bebas,2025-04-17 10:33:17+00:00,netral
pura pura nangis,2025-04-18 03:25:33+00:00,positif
y Allah gaji sudah besar msh jg ngambil dana rakyat,2025-04-17 13:14:32+00:00,negatif
perampasan aset siap siap,2025-04-17 13:14:31+00:00,positif
Ya nangis karena ketahuan .....kalau gk ketahuan pasti tetap jaya dia 😁,2025-04-18 02:17:42+00:00,netral
Hukum ITMA,2025-04-17 12:36:20+00:00,netral
tolong yg berwenang periksa semua asn sampai pejabat tangsel gaya hifup mereka hedon srmua,2025-04-17 14:07:42+00:00,negatif
karena apa di negri ini korupsi makin merajalela,2025-04-17 13:59:22+00:00,negatif
tangis bahagia keknya. krn bentaran juga bebas 🤔,2025-04-17 11:21:06+00:00,negatif
nangis kemudian tiada guna,2025-04-17 11:37:30+00:00,negatif
"ya begini kalo hukum ga tegas semua berlomba"" kurupsi",2025-04-17 11:38:27+00:00,negatif
seumur hidup,2025-04-17 13:35:42+00:00,negatif
makan duitnya enak ga pake nangis 🤣🤣,2025-04-17 11:54:47+00:00,netral
"lagi apes aja tu ,,kalau dia tau bagi bagi tak tertangkap tu ,,🤣🤣🤣🤣🤣",2025-04-17 11:03:21+00:00,negatif
gk usah nAngis. klau hitung duet gk nangis kok,2025-04-17 13:42:54+00:00,negatif
dah kenyang kan?,2025-04-17 10:37:21+00:00,negatif
dia itu Tangisi jabatan,2025-04-17 13:25:05+00:00,positif
hai istri dan anak pejabat jangan laginkasih pulang kerumah karena swluruh anak bangsa susah tapi pejabat mungkin nggak susah wakil rakyat jangan wakil partai.kasihan kami rakyat dan keluarga pejuangkemerdekaan,2025-04-17 13:23:58+00:00,negatif
saat korup tertawa saat ketakap menangis,2025-04-17 13:18:47+00:00,negatif
kawannya muliono dan buzzer buzzer yang meraja Lela di indonesia😂😂,2025-04-17 13:09:51+00:00,positif
duit sudah banyak..sekarang pura2 menangis,2025-04-17 12:59:02+00:00,negatif
jangan nangis waktu makan uang enak ko,2025-04-17 11:22:30+00:00,netral
"ah nga karopsi w ,",2025-04-17 13:21:51+00:00,negatif
bgs rompinya ya pak kpn pesanya kok dah jd🤣,2025-04-17 12:18:28+00:00,negatif
sepernya biasa biasa saja yg malu keluarga,2025-04-17 21:26:46+00:00,netral
tenang aja woy ga usah nangis paling brp hari bebas asal ada uang aman,2025-04-17 12:14:47+00:00,negatif
Hahahahahahha,2025-04-17 17:08:40+00:00,negatif
suruh pakai sendiri itu baju nggak usah dibantu,2025-04-17 12:10:02+00:00,negatif
waktu anda dan anak istri anda menikmati uangnya nangis apa nggak pak,2025-04-17 11:27:18+00:00,netral
masa depan suram...,2025-04-17 11:26:48+00:00,positif
pakai Rompi itu kelihatan ganteng🤣,2025-04-18 06:45:44+00:00,netral
dia nangis minta di kasihani oleh Prabowo 😂😂😂,2025-04-23 05:44:21+00:00,netral
😂,2025-04-18 13:42:57+00:00,positif
😂,2025-04-17 22:51:39+00:00,positif
😁😏😏,2025-04-17 13:31:54+00:00,positif
🥰,2025-04-18 15:03:18+00:00,positif
🥰,2025-04-22 01:34:05+00:00,positif
🤣🤣🤣,2025-04-19 07:19:38+00:00,positif
😂😂😂,2025-04-18 15:03:19+00:00,positif
👍,2025-04-19 16:32:05+00:00,positif
🥺🥺🥺,2025-04-17 23:22:42+00:00,positif
😁😁😁,2025-04-17 13:32:01+00:00,positif
👍👍👍🤪,2025-04-17 13:04:55+00:00,positif
😂😂😂,2025-04-17 13:41:32+00:00,positif
😁,2025-04-18 13:43:10+00:00,positif
😂😂😂,2025-04-18 15:47:11+00:00,positif
❤❤❤,2025-04-17 13:40:16+00:00,positif
🔥🔥🔥,2025-04-18 18:05:38+00:00,positif
❤❤❤,2025-04-18 01:33:08+00:00,positif
@pekalongan.trending sek rame mind...,2025-04-19 07:35:07+00:00,positif
🤣🤣,2025-04-17 13:37:05+00:00,positif
😥,2025-04-18 20:53:00+00:00,positif
@hendra,2025-04-18 02:16:03+00:00,positif
😂😂😂,2025-04-18 21:17:27+00:00,positif
🤣🤣🤣,2025-04-18 02:23:12+00:00,positif
🤣🤣🤣🤣🤣,2025-04-18 02:44:16+00:00,positif
😭😭😭..,2025-04-17 14:02:28+00:00,positif
😂😂😂,2025-04-17 13:51:51+00:00,positif
😂,2025-04-25 19:42:10+00:00,positif
😳😳😳,2025-04-18 03:25:17+00:00,positif
😅😅😅😅,2025-04-17 13:33:32+00:00,positif
🤪🤪🤪🤪🤪,2025-04-17 11:43:37+00:00,positif
😅😂❤️,2025-04-18 08:10:46+00:00,positif
😂😂😂😂😂😂😂😂,2025-04-17 11:50:18+00:00,positif
🤣🤣🤣🤣🤣🤣🤣🤣🤣,2025-04-18 10:40:42+00:00,positif
😄😄,2025-04-17 21:00:47+00:00,positif
🤣🤣🤣🤣🤣🤣,2025-04-17 15:00:02+00:00,positif
👍👍👍,2025-04-17 11:39:18+00:00,positif
@😃😄😆😅😂🤣,2025-04-17 22:35:51+00:00,positif
🤣🤣🤣😂😂😂🤣🤣,2025-04-17 11:47:32+00:00,positif
👍,2025-04-17 21:31:58+00:00,positif
🤣🤣🤣🤣,2025-04-24 04:57:48+00:00,positif
😁,2025-04-17 20:34:29+00:00,positif
🤣🤣,2025-04-17 12:04:34+00:00,positif
😁,2025-04-17 17:42:47+00:00,positif
🤣🤣🤣🤣🤣,2025-04-17 12:00:14+00:00,positif
"cek seluruh pejabat kota dan kabupaten ,kaya2 loh pak @kpk_ri",2025-04-17 11:56:35+00:00,positif
😂,2025-04-19 06:53:52+00:00,positif
🗿🗿,2025-04-17 11:35:41+00:00,positif
😂,2025-04-17 15:26:55+00:00,positif
🚂,2025-04-18 07:25:33+00:00,positif
😏😏😏,2025-04-18 07:19:15+00:00,positif
😁,2025-04-19 04:40:40+00:00,positif
😂😂😂😂😂😂😂😂😂😂😂,2025-04-17 11:06:14+00:00,positif
👍,2025-04-18 06:37:30+00:00,positif
🥰,2025-04-18 06:18:15+00:00,positif
😡😡😡,2025-04-18 07:19:01+00:00,positif
😂,2025-04-18 06:34:06+00:00,positif
😳😳😳,2025-04-17 17:05:47+00:00,positif
😂😂😂😂,2025-04-17 14:18:32+00:00,positif
👍👍👍,2025-04-18 06:03:32+00:00,positif
😂,2025-04-17 15:09:57+00:00,positif
mknya pikirrr se blm trm duit paham,2025-04-17 10:02:48+00:00,negatif
"RK kapan jangan mau digiring Opini Ia main perempuan LM..itu hanya pengalihan saja ,,dari jeratan Pemerilsaan tersangka",2025-04-17 21:53:54+00:00,negatif
"sedangkan rakyat kecil mau makan saja berjuang. sampai,,kehilangan nyawa di negara orang. pemerintah harus tau itu dong. 😡",2025-04-17 12:16:49+00:00,negatif
skrg enak makan tidur gratis ....intinya hidup hrs bnyk bersyukur jd gak mau ngambil yg bkn hak kita,2025-04-17 12:37:19+00:00,negatif
kenpa kabid itu menagis,2025-04-17 12:45:32+00:00,negatif
yang nangis biasanya ngembat nya dikit dan baru sadar akhirnya dia nyesel 🤣,2025-04-17 12:58:50+00:00,negatif
🥰,2025-04-17 14:49:11+00:00,positif
😂😂😂,2025-04-17 12:58:55+00:00,positif
😳😳,2025-04-17 12:54:04+00:00,positif
😂😂😂,2025-04-17 12:41:03+00:00,positif
😂,2025-04-17 10:29:51+00:00,positif
ooohhhhppp,2025-04-17 13:09:05+00:00,negatif
palingan 6 thn disel pak .....jalani 3 thn pak...khan ud kantongi ber milyar gak kira kalong uangmu pak dimkn sak 7 turunan,2025-04-18 07:29:18+00:00,negatif
paingan balenghar bang sat we periksa tiap instansi pa hebat lah pa,2025-04-17 14:02:46+00:00,negatif
yg dia tangisi itu yg ikut menikmatinya gak ikut di tahan karna kata pak pol gak ada kwitansi 🤣🤣,2025-04-19 12:15:31+00:00,negatif
"tangerang tangerang..terkenal pejabat Pemdanya KAYA RAYA,sementara gaji semua sama,Kondisi pemerintahan seperti ini kok dibiarkan? atau TST ? Percuma ada Inspektorat kab,prop,Irjen,BPKP,BPK ,BUBARKAN",2025-04-17 14:24:40+00:00,negatif
managis senang itu krna so dpa doi banyak😄😄,2025-04-18 04:09:22+00:00,netral
baju nya bagus warna fing . kalou ada jualan saya mau beli Buat nyangkul di sawah,2025-04-17 13:27:06+00:00,negatif
wihh rompi mahal😂🤣,2025-04-19 03:26:14+00:00,negatif
jedor jedor,2025-04-17 13:16:27+00:00,netral
semua tang kap demi bayarutang negara abis duit negara klu di biarin pa bowo blg dah banyak utang,2025-04-17 13:05:32+00:00,negatif
mangkanapaak nek poampo kapesse atorok k parentana ww ww nyaman ampeyan eyookom paakpak,2025-04-17 13:02:13+00:00,negatif
isi berita maling semuaaa !!,2025-04-19 09:55:38+00:00,negatif
Periksa sampe level up dong pak!,2025-04-17 15:08:28+00:00,negatif
"Dapet duit duit diem2 baee..😩😩
Dapet bonus Rompi koq malah nangiss..
konsepnya gmn tu...🤣🤣🤣",2025-04-17 16:08:40+00:00,negatif
ready metherapy,2025-04-20 04:34:19+00:00,positif
hukum la. seberat2 ya orang korupsi seperti ini tidak usah di kasian ni,2025-04-18 10:03:32+00:00,negatif
dah di makan kok nangis😂😂😂😂,2025-04-18 05:55:33+00:00,netral
Negoro amoh...... amburadul,2025-04-17 10:32:40+00:00,negatif
selamat jalan pak Kerna sudah senang senang dulu,2025-04-18 05:42:50+00:00,positif
hancuuuurrr konoha ku,2025-04-17 14:21:18+00:00,netral
waktu korupsi nya kira2 nangis ga ya? 😄😄😄,2025-04-17 10:29:35+00:00,negatif
Alhamdulillah.. Syukur..nikmat Allah SWT yg mna lgi yg kmu nak kan pak koruptor..,2025-04-18 05:38:08+00:00,negatif
kaga usah nangis bos kan waktu korupnya kaga nangis,2025-04-27 04:26:22+00:00,negatif
waktu .pakai uang.ngak di fikir.skrang biar merasakan,2025-04-18 00:17:01+00:00,negatif
"jengkel x lihatnya, nangis pulak. lempar sampah mintaknya",2025-04-17 13:42:39+00:00,negatif
nangis Krna blm puas,2025-04-17 13:42:58+00:00,netral
klunpevuri duwit rayat buwang aja ketrnsk buwaya Medan di dugal,2025-04-17 13:48:06+00:00,negatif
maling,2025-04-18 01:28:59+00:00,negatif
air mata buaya...korupsi 75 mliyar dihukum 1 tahun ...habis hidup enak nikmati hasil korupsinya,2025-04-18 02:00:25+00:00,negatif
"tiap hari liat koruptor yg di tangkap ,TPI blum ada yg di penjara terus di miskinkan😇",2025-04-17 13:52:13+00:00,negatif
KL DIPERIKSA BENAR ....99% PEJABAT KORUPSI,2025-04-17 13:54:48+00:00,negatif
ngambil uangnya kan ga nangis sekarang nangis,2025-04-18 02:22:36+00:00,negatif
"sita harta nya jng motor telat bayar pajak disita, ini yg ngerugiin negara...😏",2025-04-17 13:58:30+00:00,negatif
kalau nangis itu artinya berakhlak... sopan santunya ada... mungkin juga karena nangis iti nyesel kurang banyak korupsinya...,2025-04-19 07:50:25+00:00,negatif
ketahuan baru nangis,2025-04-19 18:53:44+00:00,netral
rakyad usaha susah gk pada bangkrut uang hbs di makan koruptor ya allah banyak. orangkelaperan ini yg koroptor subur amat badanya tapi ko bisa y na,2025-04-17 13:59:27+00:00,negatif
"giliran ketangkap aza nangis2
kalau ga bilang di zolimi
sebelum ketangkap merasa dunia milik nya",2025-04-18 02:29:18+00:00,negatif
"nah direkayasa sendiri kena dah,,",2025-04-17 14:02:17+00:00,negatif
Terjawab sudah pikiran2 dikepala ngeliat jalan raya deket rumah penuuh sampah kok gadiangkut2 malah ditutupin kain. Udh yg ngelola gabecus ditambah yg buang sembarangan jg makin gapunya pikiran,2025-04-18 02:38:23+00:00,negatif
batu😁😁😁,2025-04-18 22:19:02+00:00,positif
mulai berakting jdi KORBAN tuh,2025-04-17 13:26:42+00:00,positif
suka aneh sama asn bagian perizina. bisa bulak balik umroh sakeluarga setiap tahun,2025-04-17 14:06:54+00:00,netral
jgn nangis uang rakyat km ambil😂😂😂😂😂😂,2025-04-18 02:52:13+00:00,positif
kenapa org yg pendidikan tinggi yg jadi pencuri pinter g punya pikirkan,2025-04-18 22:51:02+00:00,negatif
"nangis karena lagi apes ya Pak.. proyek proyek kmrn berjalan mulus , fulusnya banyak banyak.. skrg lagi apes, makanya nangis",2025-04-19 07:54:25+00:00,negatif
klo g korupsi g pada kaya nunggu dari gaji. lama ke beli esapator,2025-04-17 14:07:12+00:00,negatif
rompi kebanggan para koruptor kelak keluar mampu buka usaha ditributor🤣,2025-04-18 02:57:52+00:00,negatif
kpk tolong bersihkan tangsel asn dan pejabat nya,2025-04-17 14:08:34+00:00,positif
koruptor = maleng uang rakyat,2025-04-18 03:19:18+00:00,negatif
rasakan kamu..,2025-04-17 14:10:06+00:00,positif
kuruptor ketangkap jg aman.coba klau rakyat kecil udh di gebugin.,2025-04-18 03:23:53+00:00,negatif
dontol²😹,2025-04-19 09:03:45+00:00,positif
nyamanlah yang koropsi tdk susah lagi mikirkan rumah sewa yg banyak betingkst tingkat kebun anak bini udh pkai baju oren nampak keren mkn minum ....,2025-04-17 10:50:01+00:00,negatif
"99,9999% KORUPSI DARI ATAS SAMPAI KE BAWAH",2025-04-17 10:48:34+00:00,negatif
"Airin kapan ditangkap pak,, kan. kasusnya bnyk tuh apalagi lakinya kan airin. boneka. keluarga atut",2025-04-17 10:55:08+00:00,negatif
dak ape wak ketok palu bebas🙈😂,2025-04-17 10:46:27+00:00,negatif
"klu di tangkap nangis, di saat sedang menikmati korupsinya ia trsenyum manis, inilah kehidupan 🤭",2025-04-18 06:09:45+00:00,positif
ternak jkwi nangiss 😂😂😂😂😂 mkn tuh korupp,2025-04-17 10:46:05+00:00,negatif
gemuk semua daging uang rakyat dimakan,2025-04-17 11:03:27+00:00,negatif
ga pp paling dipenjara 1th uangnya kan bnyk,2025-04-17 10:45:02+00:00,negatif
"pengennkata,,malibg dulu duit Rakyat.. bandiit ..",2025-04-18 06:07:53+00:00,negatif
"sepandai pandai nya menyimpan bangkai tetap tercium busuk juga bro ,lebih baik hidup sederhana di hadapan Alloh dari pada hidup berlimpah harta ujung nya di borgol itu baru di dunia bro",2025-04-17 14:33:55+00:00,netral
mana ada takut koruptor 🤣🤣,2025-04-17 11:09:10+00:00,negatif
BPK ini nangis Krn ketauan. Krn udh kenyang muntah juga kan. ngg kasian sama yg susah seperti sy. bansos aja ngg ada Krn uang ny pada kabur.,2025-04-17 10:43:03+00:00,negatif
pad d tangkaolp nangis2 waktu mkn yg bukan hak kita guling2 katawa foya d atas pnderitaan rakyat,2025-04-17 10:42:49+00:00,negatif
maga raos ken bedegul,2025-04-17 14:31:57+00:00,netral
nangis🤣🤣🤣pas makan duit nya enak2 aja,2025-04-17 10:40:20+00:00,negatif
"😂😂😂mantap d kasih baju ama glang
gratis",2025-04-19 14:26:56+00:00,negatif
pa pa. dipercaya sama rakyat. malah hianati. begitu keciduk dan terbukti istri nangis nangis. kemarin istri joged joged karena bNyak uang. gak taunya sLahgunKan wewenNg.,2025-04-19 02:17:17+00:00,negatif
"orang kaya ini mah... laaaaaaaah gk tau nya duit hasil korupsi...
sampah di telen juga, piye to jal.. 😂😂😂",2025-04-18 06:02:30+00:00,negatif
Kabid bs korupsi sbsr itu kadinnya mana .??,2025-04-17 11:28:16+00:00,negatif
ih dia leweh😅😅😅🤣🤣🤣,2025-04-17 14:25:51+00:00,positif
"TK 2 tahun ,SD 6 thn ,SMP 3 THN ,SMA 3 THM ,KULYAH S 1,4 THN,WISUDA KOK BAJU ORENS,APA GAK SAKAH KAMPUSNYA BEDA KALI",2025-04-17 14:25:19+00:00,netral
knp ngc di tendang. klu rakyat kecil yg di tangkap pasti di tendang,2025-04-17 15:31:13+00:00,negatif
nangis kenapa si? nangis karna menyesal apa karna gabisa kasih makan anak istri pake duit korupsi lagi?🫢,2025-04-18 08:08:49+00:00,negatif
Sampah yo di korupsi,2025-04-19 05:28:38+00:00,negatif
Korupsi di Indonesia sudah tidak heran lagi silakan kalau ada kesempatan dan peluang memang sudah jadi kerjaan pejabat,2025-04-17 10:42:24+00:00,negatif
"Indonesia benar” lahan subur, pengolahan sampah aja bs di korupsi sampai puluhan miliar🤭",2025-04-17 10:39:03+00:00,negatif
:gimana Indonesia raya tercinta ini mau bersih dari sampah.. buat gaji para pegawai nya di korupsi ..,2025-04-17 10:34:29+00:00,negatif
astaga. presiden sudah pidato dan perintahkan tuntut pelaku korupsi hukumannya maksimal kalau bisa sampai 50 tahun. apa tak takut mengalami neraka dunia ya. Aduhhh,2025-04-17 10:34:06+00:00,negatif
"apa maksudnya pake nangis??
nyesel??? ape kurang byk korupsinya?",2025-04-17 11:45:08+00:00,negatif
"ketangkep mewek
ga ketangkep foya foya
anj",2025-04-19 06:23:27+00:00,netral
Tangis bahagia,2025-04-17 16:34:38+00:00,positif
kok byk sekali korupsinya..masyaAllah,2025-04-17 10:25:41+00:00,negatif
coba tertawa. jgn nangis itu bru jagoaan😃😃😃😂😂😂,2025-04-17 10:21:39+00:00,negatif
"kok masih mulus ya mukanya,wah kalo maling ayam yg kerugianya cuma 70 rban,udah babak belur sebelum di borgol",2025-04-17 10:17:45+00:00,negatif
Malah nangis.... klr klr uang kau masih banyak... masih bisa hidup enak kau kalau sudah keluar..... enak kan guys korupsi klr penjara hidup enak guys kwkwkwkw,2025-04-17 10:17:38+00:00,negatif
"kalau tak ada yg korup KAYA NICH INDONESIA PASTI BERSIH DAN INDAH, KENAPA SICH hts korup 😡",2025-04-17 12:00:09+00:00,negatif
di sita memuane aja biyar kere,2025-04-17 10:15:16+00:00,negatif
adakah dia nangis saat menikmati hasil malingnya???,2025-04-18 05:00:53+00:00,negatif
koruptor mau nya di penjara vawah tanah,2025-04-17 14:14:27+00:00,negatif
Hari hari berita korupsi,2025-04-19 05:25:36+00:00,negatif
😁😁😁jadi manusia siap mati,2025-04-17 12:27:35+00:00,negatif
🤣🤣udah kaya gini baru yesel 🎃👊,2025-04-17 12:29:46+00:00,positif
BEDA RASA SAAT NIKMATI BENJIR UANG MASUK KANTONG ..? RASA DIBORGOL. TAPI ENAK DONK SUDAH PERNAH BERMEWAH MEWAH DG UANG KORUP.,2025-04-21 03:00:36+00:00,negatif
yang penting kayaaaaa haram halal no 1000,2025-04-17 12:36:47+00:00,negatif
salmat,2025-04-17 12:20:08+00:00,positif
"lebih baik menyerah kan diri , daripada diri sendiri dan keluarga kena hujat sampai kiamat
TPI KLO masih ngeyel ya tunggu aj...",2025-04-17 12:37:09+00:00,negatif
"Aku perhatikan setiap koruptor ketangkap GK pernahkah pake rompi sendiri,,terus aja di pakai kan,,
pake sendiri apa GK bisa",2025-04-17 12:38:25+00:00,positif
hukum berat...selesai,2025-04-17 17:21:57+00:00,netral
maliiiing....maliiinng,2025-04-19 06:08:17+00:00,negatif
Perampasan aset nya di acc kenapa buset.... Biar dimiskin kan semiskin miskin nya,2025-04-17 17:24:17+00:00,netral
eta tarangna kalah herang wareg ngadaharan uang korupsi taher taher,2025-04-17 17:30:30+00:00,negatif
"air mata rupiah mglir di pipi tersangka,dia menyesali masih bnyk sisa yg blm dia korupsi,BKN menyesali perbuatan yg telah ia lakukan sprt yg ktgkap skrg ini...",2025-04-18 08:27:43+00:00,negatif
kalo ketangkep kayak kucing kebur oli 😂,2025-04-17 12:46:56+00:00,negatif
ga malu apa sama tetangga sodara,2025-04-18 09:25:24+00:00,negatif
"kasian kalau anaknya menderita, gitu sih kata si omon omon",2025-04-19 12:27:22+00:00,negatif
mantap tukar baju pake gelanv 🤣🤣,2025-04-17 12:47:54+00:00,netral
ingat. hidupmu. di. dunia. hanya. sementara.....bos....ingat. klo. mati. yg. di. bawa. apa......,2025-04-17 12:52:29+00:00,negatif
LIBAS !,2025-04-17 12:09:05+00:00,positif
"tong cerik atuh bos,kudu unget waktu ker nyokot na cerik teu bos kitu,ulah sandi wara vos ah,mial aya nunoukaruny bos cerik oge",2025-04-17 12:07:44+00:00,negatif
semua dinas baik di pusat jakarta maupun di daerah. itu korup semuannya. coba periksa setiap pegawainya. lumayan tuh miliaran buat selama di penjara cukup. 😁😁😁,2025-04-17 18:09:36+00:00,negatif
diindo yg haram cuma makan babi,2025-04-17 19:12:30+00:00,negatif
hukuman door ajc,2025-04-18 10:09:28+00:00,negatif
"kalau maling ayam sambil digiring polisi sambil naplok kepala simaling,tpi kalau pejabat koropsi ga diapa apain malah dihormati, kok beda ya",2025-04-17 12:54:33+00:00,negatif
"santey aja boz,plng ditahan brp bulan doang,nanti nikmati lg duit hasil korupsinya",2025-04-17 12:54:53+00:00,negatif
yaa Allah banyak banget..pantas masyarakat miskin...,2025-04-17 21:41:15+00:00,positif
"itu kan Air mata buaya
buaya darat👍👍👍🤲",2025-04-17 22:04:42+00:00,negatif
"tiap hari fyp ada aja yg lewat, masalah negara lewat mulu tiap hari, maluuuuu gw",2025-04-17 23:43:21+00:00,negatif
"kl cma di periksa dan di tangkap itu kn SM aj cma modus kerja, yg rakyat ingin kn di sita itu aset dan hukum seumur hidup",2025-04-17 12:55:26+00:00,negatif
"tenang aj, jangan nangis koruptor di landongi kok,",2025-04-17 13:08:28+00:00,negatif
KEPARAT,2025-04-17 13:27:56+00:00,positif
Duitnya banyak...pantes subur badannya..🤣,2025-04-17 13:29:15+00:00,negatif
"biar saja yg korupsi,biar uang gk milyaran tpi hidup tnang,makan halal itu bagi saya",2025-04-18 04:21:39+00:00,negatif
"bajingan berdasi meneh,,,,",2025-04-17 10:44:58+00:00,negatif
Negri Konoha,2025-04-17 10:38:53+00:00,netral
🤣🤣🤣🤣🤣🤣🤣🤣🤣🤣🤣🤣🤣🤣,2025-04-17 10:36:37+00:00,positif
"penjahat tdk pernah mbangun Negara', mreka hanya mperkaya diri n mrusk Negara 🇮🇩",2025-04-17 10:30:56+00:00,negatif
🤣,2025-04-17 10:30:13+00:00,positif
😁,2025-04-17 10:25:31+00:00,positif
"bnyak kali yg dikorupsi , kok gampang ya",2025-04-17 10:24:01+00:00,netral
langka ni masuk muri dan worlds record tikus terbesar di dunia,2025-04-17 10:21:05+00:00,negatif
cek semua,2025-04-17 10:19:03+00:00,positif
"nangis pura2 tuh, biar gak dibrogol",2025-04-17 10:18:35+00:00,negatif
coba priksa juga Dlh Lampung tengah dong,2025-04-17 10:12:06+00:00,netral
ADIK NYA YACULD..,2025-04-17 10:11:52+00:00,netral
miskinkan dan penjarakan,2025-04-17 10:08:56+00:00,negatif
mkin hari mkin brtabah tikus negara....KLO hukum di negara ini sperti ini terus ea yg korupsi senang...,2025-04-17 10:07:00+00:00,negatif
ntr juga bebas,2025-04-17 10:06:51+00:00,negatif
gaya di banyakin 😂,2025-04-17 10:05:09+00:00,positif
Makan duit haram gasi anak istri ngak nagis....giliran ke tangkap ngis...janda la istri nya ha baaa,2025-04-17 10:04:11+00:00,negatif
UDAH PERNH RASAIN HIDUP MEWAH..,2025-04-17 10:03:48+00:00,netral
pura 2 itu padahal mah seneng 😁😁,2025-04-17 10:03:32+00:00,netral
periksa juga atasanya,2025-04-17 10:03:25+00:00,negatif
😄😄😄😄,2025-04-17 10:01:40+00:00,positif
"7,5M,
katakanlah separuhnya aj, penjara 6 tahun.
masih mayan lah
...",2025-04-17 10:00:51+00:00,negatif
ini wajib penjaranya seperti kandang ayam,2025-04-17 09:59:56+00:00,positif
"gak tega lihat nya,kasihan lepasin aja pak😇",2025-04-17 09:59:06+00:00,netral
"kira,, malu GK menjadi d pemerintahan sebentar,, dgr kabar makan uang haram",2025-04-17 09:58:58+00:00,negatif
👍👍👍👍,2025-04-17 09:58:42+00:00,positif
korupsi = maling🥺,2025-04-17 09:58:24+00:00,negatif
"nangis apa mas,,semua udah terjadi tinggal menunggu hari yg mencekam",2025-04-17 09:56:59+00:00,negatif
ruu perampasan aset ga ada kbrr☺️☺️,2025-04-17 09:54:48+00:00,netral
"ko dia ga pake masker ya?
beda ama hakim yg kemaren 🤔",2025-04-17 09:52:27+00:00,negatif
ngapain nangis pak e....,2025-04-17 09:51:18+00:00,negatif
😂😂😂,2025-04-17 09:51:12+00:00,positif
😂,2025-04-17 09:50:41+00:00,positif
si anj malah nangis😅,2025-04-17 09:50:41+00:00,netral
Nangis... terharu ke tangkap..lumayan keluar cadangan hasil bisa makan se umur hidupmm🤣😂😅,2025-04-17 09:49:20+00:00,negatif
makanan ya bergizi Krena uang kprupsi,2025-04-17 09:48:28+00:00,negatif
Buset dahhh fenomena apa lg ini,2025-04-17 09:47:24+00:00,netral
😅😅😅😅😂🤣🤣🤣,2025-04-17 09:42:31+00:00,positif
hiiiii sereeeeeeem😈😈😈😈😈😈,2025-04-17 09:41:25+00:00,positif
egk usah nangis pak kan senang dapat gelang kembar,2025-04-17 09:37:59+00:00,positif
memang harus dibersihkan tikus-tikus kantor seperti semuanya.,2025-04-17 09:36:11+00:00,negatif
jangan nagis pak nikmatin ajh pak,2025-04-17 09:34:43+00:00,negatif
itu cocok banget bajunya 😂😂😂,2025-04-17 09:34:37+00:00,positif
air mata buaya,2025-04-17 09:34:25+00:00,netral
"makanya rakyat pada susah ,yg kaya semakin kaya korupsi dimana2",2025-04-17 09:34:15+00:00,negatif
tangisan kebahagiaan 👍👍👍,2025-04-17 09:32:42+00:00,positif
ke kenyan Lo bagi bagi ma rakyat berkah nasi hantu lautt,2025-04-17 09:31:42+00:00,negatif
mantap,2025-04-17 09:30:48+00:00,netral
kok nangis jin,2025-04-17 09:30:12+00:00,netral
"Luar Biasa INDONESIAKU
MENYALAAAAAA",2025-04-17 09:29:14+00:00,negatif
🌹,2025-04-17 09:27:32+00:00,positif
"Manis d awal ny nerima uang banyak tak memikir kn orang yg d jolimi,dn akhir,ny hukum Alam datang jig..blm lg nnt d akhirat..",2025-04-17 09:27:10+00:00,negatif
helleeeeh..biasanya Senyum2,2025-04-17 09:26:05+00:00,netral
kasihan anak dan istrix...bukan katanya sy loh...masih ingat kan siapa yg ngomong😂😂😂,2025-04-17 09:25:56+00:00,negatif
Mekar skali pak badan nya,2025-04-17 09:25:18+00:00,netral
rasain loh,2025-04-17 09:24:04+00:00,netral
ayo bersihkan para koruptor sampai ke atas,2025-04-17 09:23:38+00:00,positif
😂😂😂😂 gara2 ketahuan. air mata buaya 😂😂,2025-04-17 09:23:23+00:00,negatif
awal dari terhormat akibat salah langkah jadi tersesat,2025-04-17 09:20:12+00:00,negatif
malu sama anak mslu samagemen malu sama semuah orang. sekarang nangis. maling kaga nangis ke tangkep nangis,2025-04-17 09:20:02+00:00,negatif
🗿,2025-04-17 09:19:44+00:00,positif
hahahaha mana mahasewa ga bantuin tuh bosnya ketangkap,2025-04-17 09:19:43+00:00,negatif
Nangis takut dihukum .,2025-04-17 09:19:38+00:00,negatif
aduh DITALYAN PA,2025-04-17 09:19:10+00:00,netral
uang banyak2 buat apa sich kalo mati gak bisa dibawa pake secukupnya aja bisa beli mobil punya rumah tabungan 2 milyard cukup lah,2025-04-17 09:18:50+00:00,negatif
"Coba periksa kepala dinasnya, segitu banyaknya uang kemana? Anak istrinya sudah kebeli apa? Periksa sampe dalem2nya, maap jaksa pun harus jujur pas sidang, maap nih penggalaman yg udah2 masyarakat makin pinter",2025-04-17 09:18:14+00:00,negatif
ni mah buat rame2am doang ..bulan depan jga udah bisa bebas brkeliaran lgii....duiit bos,2025-04-17 09:17:49+00:00,negatif
lgasung dinpkein rompi anti thn malu,2025-04-17 09:16:55+00:00,negatif
hukum mati tag uis nyusain rakyat,2025-04-17 09:16:06+00:00,negatif
🤣🤣🤣🤣,2025-04-17 09:15:23+00:00,positif
"emang enak pak
maluuuuuu7uuuuu nya",2025-04-17 09:15:14+00:00,negatif
kapokmu kapan,2025-04-17 09:14:49+00:00,negatif
mengerikan karena menakutkan,2025-04-17 09:14:35+00:00,negatif
hukum bep thn?,2025-04-17 09:14:29+00:00,negatif
keren pake rompi merah,2025-04-17 09:13:53+00:00,negatif
Astaghfirullah..,2025-04-17 09:13:07+00:00,negatif
naaah ini yang selalu menyeng sarakan rakyat di indonisia .sampai rakyat indonisia kayak preeet🙏🙏🙏,2025-04-17 09:12:55+00:00,positif
"menye2,, wktu terima uang nya tdk memye menye",2025-04-17 09:12:47+00:00,negatif
Masa nangis seeh pak 😂😂😂,2025-04-17 09:12:02+00:00,netral
😂,2025-04-17 09:11:29+00:00,positif
"mungkin krn duitnya blum dinikmati semua dan skrg harus disita, jadinya sedih😌",2025-04-17 09:11:17+00:00,negatif
sekarang nagis nagis buaya🤣🤣🤣,2025-04-17 09:09:24+00:00,negatif
hukum di Indonesia lemah,2025-04-17 09:09:03+00:00,negatif
semesta bekerja😇,2025-04-17 09:08:36+00:00,positif
nangis pak kemana aja,2025-04-17 09:08:23+00:00,netral
podaran tuman,2025-04-17 09:07:21+00:00,netral
🥰🥰🥰,2025-04-17 09:05:04+00:00,positif
"lagi apes dia, ketahuan.....😆😆😆",2025-04-17 09:04:55+00:00,negatif
🙄🙄🤣🤣🤣,2025-04-17 09:04:50+00:00,positif
"menangis kok bisa ketangkep, tenang pak hukumanmu gak akan lama,. selagi ada uang semuanya aman",2025-04-17 09:04:13+00:00,negatif
hancur negara kalau kayak gini,2025-04-17 09:03:03+00:00,negatif
KPK. masih. ketiduran.yg nangkap kasus besar besar bagian ke jaksaan urusan xa.KPK.bagian.yg.kecil.kecil.sudah,2025-04-17 09:02:46+00:00,negatif
klu pencuri tdk nangis🤣🤣🤣🤣,2025-04-17 09:02:40+00:00,netral
ko nangiiiis😀😀,2025-04-17 09:02:36+00:00,positif
TERCELA,2025-04-17 08:54:49+00:00,negatif
mending di lepasin aja kasian anak istrinya gak bisa hidup mewah lagian cuma 75m kok gak membuat negara bangkrut,2025-04-17 08:54:25+00:00,negatif
coba nangisnya lagi maling. pasti akan lebih lucu lagi😁😁😁😁😁,2025-04-17 08:54:04+00:00,negatif
😅😅😅,2025-04-17 08:53:54+00:00,positif
kapok lu,2025-04-17 08:53:33+00:00,negatif
harus cek ke per desaan nya pak tolong biar harta nya biasa LG.,2025-04-17 08:53:11+00:00,negatif
ya Allah...semoga biang nya yg ketangkep nih,2025-04-17 08:52:01+00:00,negatif
"biaya suap hakim 60M, lumaya...masih untung 15,9M 😄",2025-04-17 08:51:39+00:00,negatif
😁,2025-04-17 08:51:34+00:00,positif
bnyak nya duit satu lori,2025-04-17 08:50:53+00:00,negatif
tangisan sinetron kembalikan uang rakyat yg sdh dia ambil jgn kasian sm anaknya tp lihat rakyat mu masi byak yg miskin dan terlantar diluar sana,2025-04-17 08:50:28+00:00,positif
muantaap...👍👍👍,2025-04-17 08:48:09+00:00,netral
tenang pejabat korupsi sekarang sudah di lindungi sampai ke istri dan anaknya.,2025-04-17 08:46:41+00:00,positif
😅😅😅😅...air mata kadal,2025-04-17 08:46:34+00:00,positif
kesel ih orang-orang nyari duit susah kamu enak banget,2025-04-17 08:45:41+00:00,negatif
di tangkap sebentar lgi juga bebas,2025-04-17 08:45:23+00:00,negatif
"kok nagis pak,angap aja pergi merantau ke zimbabwe,makan gratis tidur enak,duit ngak di sita negara.kurang baik apa negara ni pak,udah keluar,jadi pejabat lagi pak,gampang kan lu punya negara",2025-04-17 08:44:40+00:00,negatif
hukum ma..,2025-04-17 08:44:33+00:00,netral
Indonesia isi nya bandit semua yg bandit orang atasan semua giliran rakyat aja di tindas trs ampun,2025-04-17 08:44:20+00:00,negatif
ya ila bp hidufin ngasih mkn anak istri makan duit haram p kl udah cucuk ya insaf😁😁,2025-04-17 08:43:52+00:00,negatif
"koropsi y kurang gede p jdi mudah d tangksp,tanggung",2025-04-17 08:43:33+00:00,netral
Kalau bisa kumpulkan lagi orang-orang yang ingin menghancurkan negara😂😂😂,2025-04-17 08:42:23+00:00,netral
😭nagis kemaren pas nikmatin duitnya happy2😂😂😂😡,2025-04-17 08:41:38+00:00,negatif
Boleh ketawa ga ya? 🤣🤣🤣🤣🤣🤣🤣,2025-04-17 08:39:11+00:00,netral
Hebat,2025-04-17 08:39:05+00:00,netral
🥰🥰🥰,2025-04-17 08:38:49+00:00,positif
Bnyk liat berita koruptor ketangkep tp ga denger berita kelanjutan ky apa.cm mandek ht .😱🙈,2025-04-17 08:38:22+00:00,negatif
koropnya snyum2 lu pas pake rompi marwex2,2025-04-17 08:33:43+00:00,negatif
jakarta keren Bozzku 😁😁😁,2025-04-17 08:33:28+00:00,netral
pejabat...,2025-04-17 08:33:01+00:00,netral
para kuroptor kebanyakan gemuk gemuk makan uang negara/rakyat 😂,2025-04-17 08:32:41+00:00,negatif
😁😁😁,2025-04-17 08:31:50+00:00,positif
weeesss dadi opo negoro lk akeh sg korupsi,2025-04-17 08:29:15+00:00,negatif
Kasian sampe nangis gitu bebas kan saja . 75M Tidak akan membuat negara miskin.,2025-04-17 08:28:31+00:00,negatif
biasane ada mediasi vonis bebas dgn duit penguasanta,2025-04-17 08:28:19+00:00,netral
asli nangis,2025-04-17 08:28:07+00:00,negatif
air mata buaya,2025-04-17 08:25:47+00:00,netral
😳😳😳,2025-04-17 08:25:23+00:00,positif
🤣🤣🤣,2025-04-17 08:25:20+00:00,positif
selamat ya anda telah di rangkap.,2025-04-17 08:25:04+00:00,negatif
udh ktangkep az bru nangis..waktu nerima uang ga ingt,2025-04-17 08:24:54+00:00,negatif
hadeh nanges😏,2025-04-17 08:24:08+00:00,netral
Astagfirullah,2025-04-17 08:22:57+00:00,positif
😂😂😂😂,2025-04-17 08:22:21+00:00,positif
lah dia nagis ......,2025-04-17 08:22:20+00:00,negatif
Nga ppa di maffin ini sama bpa presiden yg penting uang d balikin beres🤣,2025-04-17 08:22:00+00:00,negatif
hebat,2025-04-17 08:20:08+00:00,netral
😅😅😅😅😅😅😅😅,2025-04-17 08:19:05+00:00,positif
asik,2025-04-17 08:18:58+00:00,positif
waduh....byk bnget korupsinya y.,2025-04-17 08:18:53+00:00,negatif
ih mewek 🤣🤣🤣,2025-04-17 08:18:05+00:00,netral
ngapa nangis kocak,2025-04-17 08:17:53+00:00,negatif
ya Allah ga brenti yg kuropsi,2025-04-17 08:17:31+00:00,negatif
Alah nangis ecek ecek coba gk gak ketangkap senyum lebar,2025-04-17 08:17:16+00:00,netral
🤣🤣🤣🤣 cup cup cuuuup jangan nangis ya pak,2025-04-17 08:17:04+00:00,netral
sedihh hrs meninggalkan kemewahan😀😀,2025-04-17 08:16:02+00:00,negatif
"Dah parah indonesia skrg ni. Semua terlibat dlm korupsi baik hakim2, pemerintah yg di atas, bisnessman, dll. Hukuman seumur hidup perlu dikenakan sbg pengajaran. Kalau tidak, Indonesia makin mundur & rakyatnya miskin papa.",2025-04-17 08:14:10+00:00,negatif
"korupsi di Indonesia dh dmakin gila aje seolah ga ada pny urat malu dn ga takut heran... cb di bikin undang""yg bikin pr koruptor tu takut dn kapok..",2025-04-17 08:09:15+00:00,negatif
"Sudah susah2 nangkep, awas aja hukuman ga setimpal",2025-04-17 08:09:00+00:00,negatif
kok nangis😁😁. selama ini senyum2 lebar😂,2025-04-17 08:08:11+00:00,positif
MasyaAllah 😭😭😭 pak Hakim😭😭,2025-04-17 08:07:50+00:00,netral
🤣🤣🤣,2025-04-17 08:07:31+00:00,positif
MANA SEH YG GK KORUPSI DI KONOHA? CUMA HUKUMAN PENJARA DOANG.,2025-04-17 08:07:12+00:00,negatif
👍👍👍👍🥰🥰🥰🥰💪💪💪💪,2025-04-17 08:06:32+00:00,positif
kata pk Prabowo jgn ditangkap kasian anak istrinya,2025-04-17 08:04:36+00:00,negatif
tenang bang.. sebentar doang koq.. di konoha mah korupsi aman,2025-04-17 08:03:58+00:00,negatif
air mata buaya hhii,2025-04-17 08:03:20+00:00,positif
ya allahh sampah di korupsi,2025-04-17 08:02:43+00:00,negatif
👍,2025-04-17 08:02:39+00:00,positif
lumayan 6thn..75.9M..hidup enak 😂😂😂,2025-04-17 07:59:53+00:00,netral
selamat menikmati,2025-04-17 07:58:56+00:00,positif
di tangkep nyali tempe.badan doang gde.dpt uangnya ga inget dosa,2025-04-17 07:57:48+00:00,negatif
Yang korban istri anak dan keluarga semua,2025-04-17 07:55:50+00:00,positif
Tangisan Bahagia ....Karena baru sekara.ng keTahuan ...😄,2025-04-17 07:55:30+00:00,positif
langsung balasannya di dunia yeees,2025-04-17 07:55:06+00:00,positif
Waktu ngabisin uang kok gk nangis,2025-04-17 07:54:15+00:00,negatif
sangat mantuuuul,2025-04-17 07:49:57+00:00,negatif
pantes bnyak proyek pake pager daleme ngga ada orang😅😅😅,2025-04-17 07:49:42+00:00,negatif
sudah sudahlah kalaw enggak ketauan berbahagia 🤪,2025-04-17 07:49:18+00:00,positif
😂😂😂😂,2025-04-17 07:48:25+00:00,positif
"Ikut sedih....kasihan tolong lepasin dia😭😭😭😭😭😭.......
ke kandang singa",2025-04-17 07:47:39+00:00,negatif
"joko selama ini ngapain ya, stlah pranowo ke ungkap bnyk benar konfirmasi",2025-04-17 07:46:41+00:00,negatif
serius nanya itu pas dibawa dia langsung kedalam sel gitu bareng napi2 lain.,2025-04-17 07:44:54+00:00,negatif
kok nangis kurrang bayak y pak.,2025-04-17 07:44:12+00:00,negatif
gila 75 M lbh...,2025-04-17 07:35:52+00:00,negatif
korupsi loba angger we huluna siga pelok buah keneh😒,2025-04-17 07:34:51+00:00,negatif
kenapa garinya pigi depan.tidak pigi belakang.,2025-04-17 07:33:45+00:00,negatif
bedak garinya kalau orang berduit sama orang kurang duit.😁😁😁😁😁,2025-04-17 07:32:50+00:00,negatif
"Inilah Contoh Orang"" yg Sdh Menyengsarakan Banyak Orang.",2025-04-17 07:29:04+00:00,positif
"gampangin kontrak kerja, kontraktornya blunder 😂",2025-04-17 07:29:02+00:00,positif
Ujung cerita duka korupsi uang rakyat dn negara.....,2025-04-17 07:27:35+00:00,negatif
Kapan habisnya ...para koruptor kok muncul terus...tiap hari...🥺🥺,2025-04-17 07:25:51+00:00,negatif
nangis karena kurang banyak korupsinya,2025-04-17 07:24:41+00:00,negatif
tangisan buaya😃,2025-04-17 07:23:04+00:00,positif
NANGIS KARENA BERAT BADAN NAIK 😭😭😭,2025-04-17 07:23:00+00:00,netral
mantap dan duit se gitu,2025-04-17 07:21:49+00:00,netral
bner kaya bpn samsat weh ladang basah aplgi bikinnn simmm,2025-04-17 07:21:29+00:00,negatif
"Nah Penanganan Sampah Di Kota Pekanbaru @dlhkkotapekanbaru Musti di cek juga ni, Karena Perusaannya Sama, Sesuai Arahan Pak Kapolda Riau Ke @dirkrimsuspoldariau ,",2025-04-17 07:21:09+00:00,negatif
"nangis karena ""kenapa kemarin gak banyak sekalian""... 😅",2025-04-17 07:21:03+00:00,negatif
hampir semua PD korupsi,2025-04-17 07:20:47+00:00,negatif
astaghfirullah di era ini,2025-04-17 07:18:20+00:00,positif
"baru kali ini liat koruptor ketangkep nangis, apa karna korupsinya kurang banyak ya?",2025-04-17 07:17:00+00:00,negatif
"Kenapa kalo org² gini ditangkap, pd gk suara.. apakah krn uang juga gk bersuara😅 coba kalo rakyat kecil yg ditangkap, rame suara yg mau nangkap apalagi ada kamera😅🤣",2025-04-17 07:16:43+00:00,negatif
makin hari makin marak...yg korupsi meledak😂,2025-04-17 07:16:10+00:00,negatif
nangis karena malu,2025-04-17 07:14:22+00:00,negatif
dia lagi terharu bahagia 🥰,2025-04-17 07:13:14+00:00,positif
engak usah nangis PK malu sendirian smpe nangis,2025-04-17 07:12:38+00:00,negatif
"masuk tipi nih ye, wkwk",2025-04-17 07:12:24+00:00,netral
good job,2025-04-17 07:11:56+00:00,positif
bnyk ya duit di Indonesia.... hbs dk. mkn dan di nimati koruptor... kenyang kan,2025-04-17 07:11:12+00:00,negatif
kok nangis kan sdh dapat banyak???,2025-04-17 07:07:34+00:00,negatif
up,2025-04-17 07:07:28+00:00,netral
nangis kan loe biasa makan enak nnti makan nasi cadong...maka nya jngn nyolong ...,2025-04-17 07:07:22+00:00,negatif
lepasin ajalah..... baru milyaran... kasian anak dan istrinya,2025-04-17 07:07:08+00:00,netral
"waktu sblm ketangkap full senyumu kan gaes ,skrng ude pke baju pink yg mahal itu baru Deng 😭😭😭 lagu lama it jgan ad yg prcya dgan tangisan palsu",2025-04-17 07:00:40+00:00,negatif
"wah wah waaaaaah..kaya sekali indonesia ,duit gak habis²",2025-04-17 07:00:37+00:00,negatif
kan udh kaya 😜 jangan nangis donk,2025-04-17 07:00:24+00:00,netral
nangisssss... ??,2025-04-17 06:57:38+00:00,negatif
👍,2025-04-17 06:56:33+00:00,positif
tikus kantor😂😂,2025-04-17 06:56:15+00:00,positif
buang ke pulau ajaaa,2025-04-17 06:54:59+00:00,negatif
"segala lini ada koruptor...
ancur negara ini",2025-04-17 06:54:40+00:00,negatif
SEMUA BUAT KERAJAAN KECIL TINGGAL TUNGGU APESNYA KARENA APAS GAK ADA DI TANGGALAN,2025-04-17 06:53:29+00:00,positif
air mata buaya😁,2025-04-17 06:53:16+00:00,positif
"Coba dia pake peci dan baju koko, pasti banyak yang iba.",2025-04-17 06:53:13+00:00,netral
banyak ya bang duitny... gw beli vario aja uda alhamdulillh... bangett....,2025-04-17 06:53:09+00:00,negatif
"[me]: jgn lha .. menangis pak .. tp kalo mau nangis, nangis lha sekuat-kuatnya... gak peduli!",2025-04-17 06:52:48+00:00,negatif
tangsel menyalaaa 😅,2025-04-17 06:52:25+00:00,netral
bukan tangisan buaya ini namanya tp tangisan tikus berdasi.....😁,2025-04-17 06:50:13+00:00,negatif
👍 budaya antri ..,2025-04-17 06:49:52+00:00,positif
"knp nangis pak sdh tdk bs makan enak lagi ya tp tenang pak tahanan korupsi di negri ini enak pak fasilitas hotel bintang 5,trs klo suntuk bisa jalan jalan selagi msh punya stok duit",2025-04-17 06:46:47+00:00,negatif
tagis air mata buaya,2025-04-17 06:46:43+00:00,netral
dah kenyang harta duit aset dah di namakn org lain aman ..yah nangis dlu buat foto,2025-04-17 06:42:16+00:00,negatif
😳😳😳,2025-04-17 06:41:38+00:00,positif
tak mungkin sendiri😂 kecuali setingan/dikorbankan😁 cek audit PPATK..!!,2025-04-17 06:41:36+00:00,negatif
😱😱😱,2025-04-17 06:40:51+00:00,positif
🤣🤣🤣🤣🤣🤣🤣🤣🤣🤣🤣,2025-04-17 06:38:24+00:00,positif
oalahhhh semuaaa pada tamak tamak😭 menyeramkan indonesia tercinta ini,2025-04-17 06:38:18+00:00,negatif
"menyesal karena kenapa korupsi tidak mencapai target.
bayangan otak jika ber T.. T..
lebih mantap.
penjara sebentar saja kok",2025-04-17 06:38:15+00:00,negatif
nangis bahagia itu dapat uang nanyak,2025-04-17 06:36:52+00:00,positif
"bebasken, kasihan anak istri we🤪",2025-04-17 06:36:23+00:00,negatif
ada penghianat yg supply info.,2025-04-17 06:36:08+00:00,netral
"tujuan utama pejabat cari uang, dengan jalan korupsi. gak di pungkiri gaji paling berapa lha, tapi setelah di rumah nya mobil berjejer 3 dan rumah super mewah🤣🤣🤣🤣🤣🤣🤣🤣🤣🤣🤣🤣🤣🤣🤣🤣🤣🤣",2025-04-17 06:34:21+00:00,negatif
kerenn rompinya om ada di toko sebelah ga😁,2025-04-17 06:27:47+00:00,negatif
ganteng pak pake baju orange,2025-04-17 06:26:26+00:00,netral
"dah ketangkap baru nangis dan nyesal kan, pensiunnya di dlm jeruji besi deh",2025-04-17 06:25:16+00:00,negatif
ges kapanggih kata nyesel 😁,2025-04-17 06:25:05+00:00,negatif
bsk keluar😄😁😄,2025-04-17 06:24:14+00:00,positif
"Ya ..., Rata - Rata Begitu , Coba Miskinkan , Semiskin - Miskinnya , Biar Ngerasa Bagaimana kalau Susah dan Miskin.",2025-04-17 06:22:14+00:00,negatif
makan uang enak2..udh ke tangkap nangis,2025-04-17 06:21:57+00:00,negatif
😅😅😅😅😅,2025-04-17 06:21:56+00:00,positif
"Istri dan anaknya pasti bangga lihat ini. Anaknya kalau nanya kenapa bapak nangis, disuruh tidur siang nggak mau itu.",2025-04-17 06:20:07+00:00,negatif
Kabid oh kabid,2025-04-17 06:19:27+00:00,netral
Emang Enak masuk penjara Abis Lebaran,2025-04-17 06:16:25+00:00,negatif
gagah pak pke bju wrna merah😂😂😂,2025-04-17 06:15:11+00:00,negatif
waduh.... pantes iuran sampah mahal..,2025-04-17 06:14:46+00:00,negatif
"Tangsel harus bersih"" di seluruh dinas",2025-04-17 06:12:27+00:00,positif
air mata basi🗿,2025-04-17 06:11:23+00:00,positif
"semua ASN yg ada jabatannya 99,9999% korupto....",2025-04-17 06:10:56+00:00,negatif
org serakah dh d kash jabatn KABID,2025-04-17 06:10:02+00:00,netral
padahal laporan sudah di buat asli semua,2025-04-17 06:09:28+00:00,negatif
"berbondong jd tersangka
alhasil hukuman bikin geleng """,2025-04-17 06:07:34+00:00,negatif
seharus nya rompi nya samakan aja sama oren tambah mantap lagi,2025-04-17 06:05:54+00:00,negatif
😳😳😳,2025-04-17 06:04:25+00:00,positif
air mata buaya bingung bgimn nasib istri mudanya 😄,2025-04-17 06:01:23+00:00,positif
Astagfirullah pejabat d indonesia kok jd suka korup semua nya ya,2025-04-17 06:01:10+00:00,negatif
makin gilak kuropsi di negri ini. tolong miskin kan pelaku para koruptor di negri konoha.,2025-04-17 06:01:09+00:00,negatif
😂😂😂,2025-04-17 06:00:31+00:00,positif
ketangkap nangis klo pas korupsi ibarat dunia mau di beli😂,2025-04-17 05:57:36+00:00,negatif
semua dinas.. terutama Kepala daerah yang punya basic proyek.. cek lingkarannya kalo berani,2025-04-17 05:57:22+00:00,netral
pura2 nangis ..waktu ambil uang nyengngir...,2025-04-17 05:55:24+00:00,negatif
gak ada harganya kalau sdh begini,2025-04-17 05:42:10+00:00,netral
"jangan di miskin kan,kasihan anak dan istri nya,,anak dan istri nya tidak bersalah,kurung aja beberapa tahun potong masa tahanan karena berprilaku baik,😏😂😂😂",2025-04-17 05:41:22+00:00,negatif
🤣🤣🤣🤣🤣🤣🤣🤣🤣🤣🤣👍👍👍👍,2025-04-17 05:40:50+00:00,positif
Air mata Buaya..waktu korupsi Gembira sekali..🤣🤣🤣,2025-04-17 05:37:56+00:00,negatif
alhamdulillah,2025-04-17 05:36:32+00:00,positif
"gak usah kaget gaes, mereka bisa korupsi karena ada kesempatan dan posisi nya pas, lahan buat korupsi nya ada, klo rakyat kuli buruh pedang seperti kita gak akan bisa korupsi,",2025-04-17 05:36:06+00:00,negatif
"yang ketangkap pas lagi apes n sial aja.
intinya yang lain aman karna pintar makan pintar nyimpan. sebenarnya sama",2025-04-17 05:36:01+00:00,negatif
yg ribuan trilyun mna..dtngkp juga dooong,2025-04-17 05:33:51+00:00,negatif
bwuhahaahha 😂🤣😂🤣 nangissss😂🤣😂,2025-04-17 05:33:45+00:00,positif
"gendatttttssss2 ya,,yang korup😭",2025-04-17 05:33:19+00:00,netral
makanya tiap2 pejabat yg dikantor hrs tetap diaudit keuangannya,2025-04-17 05:33:03+00:00,netral
INTI YA...KAPAN. NEGARA. SAHKAN UU KORUPSI .....*?????????,2025-04-17 05:32:56+00:00,negatif
kalo lagi banyak uang jarang nangis... sekarang dah di tangkap air mata jadi senjata,2025-04-17 05:31:55+00:00,negatif
gw hran knpa harun msaheku & si yaqut gk bsa di tangkap ???,2025-04-17 05:30:28+00:00,negatif
"masyarakat menengah kebawah di kejar wajib pajak, pajaknya di sikat koruptor, harta koruptornya gak di ambil negara (dimiskinkan).. trus adilnya dimana?? 😳😳",2025-04-17 05:29:56+00:00,negatif
"gpp banyak duit ,di sel aman kek raja",2025-04-17 05:28:51+00:00,negatif
"tambah kisruh saja...setiap hari bertambah terus garong""",2025-04-17 05:27:22+00:00,negatif
Ex Anak Buahnya Airin....ya,2025-04-17 05:26:42+00:00,positif
😁😁😁😁,2025-04-17 05:25:15+00:00,positif
ubahlah berjalan bertobat lah para oknum pejabat,2025-04-17 05:24:40+00:00,negatif
waktu terima uang begitu ga wajahnya,2025-04-17 05:24:24+00:00,negatif
klo ga ketahuan party bro 🤣🤣🤣,2025-04-17 05:24:11+00:00,netral
NANGISSS NANGISSS NANGISSS 😡😡😡😡,2025-04-17 05:23:29+00:00,negatif
mkn gratis,2025-04-17 05:23:24+00:00,positif
siip Brantas preman Berdasi yg menghancurkan negara,2025-04-17 05:22:49+00:00,negatif
benar.,2025-04-17 05:22:46+00:00,positif
semoga hukuman tidak kalah degan maling Ayam.,2025-04-17 05:18:49+00:00,negatif
wah . enak dong,2025-04-17 05:17:11+00:00,negatif
kok nangis....[laughwithtears],2025-04-17 05:09:24+00:00,negatif
"klw tidak ketahuan pasti bervoya2 keluar negri liburan sama keluarga lalu selfi2
Hai gayss aku diluar negri😂😂😂",2025-04-17 05:09:23+00:00,negatif
🤣🤣🤣🤣🤣,2025-04-17 05:08:36+00:00,positif
brmbah lgi,2025-04-17 05:07:43+00:00,netral
jangankan para pejabat tinggi..coba para kepala desa d audit lagi dana desa nya..pasti pada kena semua,2025-04-17 05:07:20+00:00,netral
SEMUA ADA....ALASAN UANG NEGARA...AHH...SDH BISAN RAKYAT,2025-04-17 05:05:18+00:00,negatif
"kapan.......negara ini bebas dari koruptor, setiap hari kok Brita koruptor",2025-04-17 05:04:34+00:00,negatif
😂😂akting,2025-04-17 05:03:37+00:00,positif
manusia2 di atas sana berlomba2 untuk menguras uang rakyat bukan mensejahterakan rakyat..!!,2025-04-17 05:02:37+00:00,negatif
🔥Menyala wiiii,2025-04-17 05:02:20+00:00,positif
😳😳😳,2025-04-17 05:01:51+00:00,positif
"pertanyaannya besarnya kenapa DPR penakut banget sah UU mhatheee koruptor dan penyalahgunaan jabatan, sini saya jadi ketua DPR saya sahkan UU tersebut",2025-04-17 05:01:47+00:00,negatif
🤣🤣🤣🤣🤣,2025-04-17 05:01:09+00:00,positif
ganti semua ASN mungkin menjadi solusi?,2025-04-17 05:00:31+00:00,netral
👍👍👍,2025-04-17 04:58:24+00:00,positif
masing masing pejabat nyari cuan karena hukum di NKRI melindungi maling uang negara,2025-04-17 04:57:58+00:00,negatif
"😁 kota besar, kota kecil jug lebih parah",2025-04-17 04:56:43+00:00,netral
ijin apalagih ini korupsi bansos atow uang makan geratis bukan🤭,2025-04-17 04:56:26+00:00,negatif
"semua instansi pemerintah tolong di periksa pak, karena korupsi sudah mnjadi budaya",2025-04-17 04:56:15+00:00,negatif
Menangis karna bukan abah yg jadi 😂😂😂 makanya kena tangkap klean sama wowo siap2 yg lain,2025-04-17 04:53:45+00:00,negatif
kadisnya aman??😂😂😂,2025-04-17 04:53:36+00:00,negatif
"Paham2xlh endingny gmna...
indonesia gtu lho 🥱",2025-04-17 04:50:35+00:00,negatif
Darurat korupsi...!!,2025-04-17 04:50:23+00:00,negatif
itu nangis mikirin istri ke dua nya ganti nomor hp ..🤣,2025-04-17 04:50:06+00:00,negatif
Hukum seberar2nya para Koruptor ini..,2025-04-17 04:49:34+00:00,negatif
entah berapa ribu orang koruptor yg ada di Indonesia...2% yg baru tertangkap,2025-04-17 04:48:06+00:00,negatif
semua kadin periksa disemua daerah..pasti byk yg menyalah gunakan anggaran..punya negara di anggap puny pribadi,2025-04-17 04:47:45+00:00,negatif
😆😆😆😆😆😆,2025-04-17 04:47:13+00:00,positif
berarti tujuan jadi pejabat untuk korupsi?,2025-04-17 04:45:29+00:00,negatif
Euyyyyy,2025-04-17 04:45:28+00:00,negatif
Korupsi lagi korupsi g habis habisnya....,2025-04-17 04:37:00+00:00,negatif
bisa aja lu akting nangis nya kocak,2025-04-17 04:36:26+00:00,netral
😳😳😳,2025-04-17 04:35:32+00:00,positif
lumayan 3tahun tapi ngantongin 75m😄😄pensiun tenang... #UUperampasanasetkoruptor*,2025-04-17 04:34:18+00:00,negatif
😅😅😅😅😅😅,2025-04-17 04:33:59+00:00,positif
kalau mau di tangkapi koruptor banyak sekali. Kepala desa dan Kepala sekolah di periksa 🙏,2025-04-17 04:33:32+00:00,negatif
"weees gae masalaah neeeeeh...
kok eram men",2025-04-17 04:32:36+00:00,negatif
tangis abunawas,2025-04-17 04:32:36+00:00,netral
"Ga apa"" yg penting udh ngalamin Kaya raya...Ra OPO"" di penjara .. cumn 4 tahn...dpt milyaran",2025-04-17 04:32:00+00:00,negatif
😂😂😂,2025-04-17 04:30:26+00:00,positif
"banyak di masing masing daerah itu.. DLH , Perhutani coba aja cek cuma kaga ke ekspos aja",2025-04-17 04:27:15+00:00,netral
"Tumben , banyak yg jadi tersangka😂😂😂
selama ini kemana saja para aparat penegak huium nya,
pasti kasus lama di kuak kembali😂😂😂",2025-04-17 04:27:10+00:00,negatif
Nangis karena kurang banyak dapatnya 😂😂😂,2025-04-17 04:26:55+00:00,negatif
bosan kabar nya kaya gini terus... paling juga 6 bulan di penjara nya... 🤣🤣🤣... contah negara susah maju,2025-04-17 04:26:21+00:00,negatif
koruptor ada dimana mana.buser2nya banyak,2025-04-17 04:25:08+00:00,negatif
nangessss...kmren makan duitnya sambil ketawa2..😅😅,2025-04-17 04:25:06+00:00,negatif
lu nangisin apaan anj,2025-04-17 04:24:37+00:00,netral
tiada hari tanpa korupsi😁😁😁,2025-04-17 04:24:37+00:00,negatif
ayo tangkapi bajingan bajingan,2025-04-17 04:24:28+00:00,netral
"ko nagis Kii lohh,",2025-04-17 04:22:56+00:00,negatif
ada maling lgi ngetop sekali maling di indonesia ini luar biasa,2025-04-17 04:22:42+00:00,netral
"🤣🤣🤣🤣🤣 enak nyaa yang korupsi
nangis air mata buaya 🤣",2025-04-17 04:22:10+00:00,negatif
jngn nangis pak...duit situ udah banyak🤭🤣,2025-04-17 04:22:06+00:00,negatif
smuanya pejabat negara korupsi sdngkn takyat telat bayar pajak aja di uber2,2025-04-17 04:21:28+00:00,negatif
kemarin pas ngitung duitnya ketawa.. sekarang di borgol nangis,2025-04-17 04:20:16+00:00,negatif
😁,2025-04-17 04:19:05+00:00,positif
😭,2025-04-17 04:19:02+00:00,positif
ASN=KORUPTOR,2025-04-17 04:18:10+00:00,negatif
ngak bakal aelesai kasus korupsi gitu2aja,2025-04-17 04:04:59+00:00,negatif
Nangis diatas kekayaan,2025-04-17 04:04:55+00:00,positif
up,2025-04-17 04:04:37+00:00,netral
"Sifat sifat terbiasa duwek enak Indonesian"" mau maju Gimana yaaa wong korup meraja lelah😅",2025-04-17 04:04:24+00:00,negatif
"nangis menyesal ❎ , nangis karena ketahuan ✅",2025-04-17 04:04:13+00:00,netral
Untung kau blm terbit UU sita aset🤭🤭.,2025-04-17 04:03:44+00:00,negatif
pas ketangkep nangis..kmrn pas nerima uangnya cengengesan...🤑,2025-04-17 04:03:11+00:00,negatif
tangisan pura pura itu mah paham saya 😂😂😂,2025-04-17 04:02:15+00:00,positif
Hukum buat koruptor di negara ini harus dibikin lbh kejam biar pd kapok,2025-04-17 04:00:16+00:00,negatif
di sumpah jabatan pakai kitab suci masih aja gitu 🤣,2025-04-17 03:58:43+00:00,netral
bisa bikin sampah gratis sejabodetabek tuh.,2025-04-17 03:55:22+00:00,positif
sita semua aset milik koruptor biar melarat mreka dan keluarganya,2025-04-17 03:54:47+00:00,negatif
"Nangisss gak bisa nyawerrr lagi,,,,😅😅😅",2025-04-17 03:53:59+00:00,netral
🤤🤤🤤,2025-04-17 03:53:55+00:00,positif
pura² nangis ah 😂,2025-04-17 03:53:44+00:00,positif
Air mata Anjayyy 🔥🔥🔥,2025-04-17 03:53:30+00:00,positif
"koruptor enaknya di apain ya biar jera,",2025-04-17 03:52:28+00:00,negatif
"😂😂😂😂luar binasa pak,ternyata bisa nangis jg ya",2025-04-17 03:52:21+00:00,netral
sudah harus di segerakan UU perampasan aset koruptor... indonesia sebagai sudah darurat korupsi..,2025-04-17 03:51:50+00:00,negatif
wihh mantap tidak tanggung tanggung duitnya,2025-04-17 03:50:50+00:00,negatif
mantap ke jaksaan,2025-04-17 03:49:17+00:00,negatif
d tangkap jg mereka happy lah Krn ga ky maling ayam d siksa😂,2025-04-17 03:48:49+00:00,positif
nangis hati senan harta nga di ambil hukuman pun ringan,2025-04-17 03:48:17+00:00,negatif
😂😂😂,2025-04-17 03:47:46+00:00,positif
"jarang sekali kita saksikan penangkapan kasus korupsi jaman jokowi...,",2025-04-17 03:47:33+00:00,negatif
"7 turunan tdk habis"" uang korupsinya. Di tangkap, sidang, hukuman 20 thn, banding, sidang, penetapan hukuman jadi 10/15 thn, remisi di kumpulin, 8/9 thn di hukuman, bebas dan menikmati uang korupsinya",2025-04-17 03:47:20+00:00,negatif
"paling penjara 3 thun terus potong sana sini... jadi 1 thun...
di Indonesia cuma KENTUT YG ANTI KORUPSI..",2025-04-17 03:46:50+00:00,negatif
"enak di Konoha pejabat klw mencuri ttp di hargai, coba klw Konoha kampung Pati babak belur",2025-04-17 03:46:48+00:00,negatif
stecu stecu kluar penjara masih tetep kaya bisa beli Pajero sport istri bisa 3 inilah hukum di Indonesia,2025-04-17 03:36:56+00:00,negatif
"semua lini do korup, mau jd apa bangsa ini",2025-04-17 03:36:21+00:00,negatif
Haa.. haa.. udah ketangkap nangis menyesal,2025-04-17 03:35:37+00:00,negatif
😅😅😅😅,2025-04-17 03:35:11+00:00,positif
Ini saudara nya siapa atau anaknya siapa banggalah kalian,2025-04-17 03:34:51+00:00,positif
y allah y psk2..apa kmu ngk ckup dgn gji/bln pak,2025-04-17 03:34:12+00:00,positif
"Tenang saja pak , Harta anda tidak akan berkurang . Istri dan anak anda akan tetap hidup senang . Tidak akan di Miskinkan nanti tdk adil .😄😄",2025-04-17 03:34:12+00:00,positif
"Makan enak hahahihi lo pak 75,9 M terlepas bagi2 ketangkap nangis harusnya happy spt saat ambil 75,9 itu",2025-04-17 03:34:12+00:00,netral
"Tumben gak pake masker, yang kemarin 3 hakim kok pake masker",2025-04-17 03:34:03+00:00,negatif
baru kali ini liat koruptor nangis biasanya senyum senyum,2025-04-17 03:33:48+00:00,negatif
wayang lakun layar buat buat nangis yer.... pada hal dlm hati ketawa 😂😂😂 nanti dia bayar pulak hakim lepaslah dia itu 😂😂😂😂 wayang negeri Konoha,2025-04-17 03:32:56+00:00,negatif
lecaaaak Mon de iye,2025-04-17 03:32:16+00:00,positif
75M pake nangis 🤣 anj....,2025-04-17 03:32:15+00:00,netral
"gimana perasaan ank istri koruptor
yg hidup enak..dgn uang haram.klo melihat vidio gini",2025-04-17 03:32:07+00:00,negatif
"🤣🤣🤣 tenang pak, koruptor cukup berkelakuan baik, ga lama kok",2025-04-17 03:31:18+00:00,positif
setiap hari berita koruptor bosan dah tpi seribu kli sayang gak di tindak tegas oleh pemerintah yng ada melempem sama maling,2025-04-17 03:30:32+00:00,negatif
meleset kata kabid .....🤣🤣🤣🤣🤣🤣,2025-04-17 03:30:22+00:00,negatif
😂😂😂😂 astaga,2025-04-17 03:30:18+00:00,positif
klas kabid korupsinya puluhan milyard lah bini aku mengabdi pns 20 thn hutang aja masih bececeran 🤔,2025-04-17 03:29:50+00:00,negatif
kacau balau udah hukum hanya buat mainan,2025-04-17 03:29:25+00:00,negatif
yg masih aman tuh para menteri nya,2025-04-17 03:28:53+00:00,positif
nangis tapi kita tidak iba,2025-04-17 03:28:46+00:00,netral
efeknya sampah di tangsel bnyak berserakan dijalan jalan,2025-04-17 03:28:08+00:00,negatif
"air mata buaya, sudah begitu alur ceritanya",2025-04-17 03:27:43+00:00,positif
75M kok nangis🤣.... kalo korupsi 2jt ketangkep baru boleh nangis wak,2025-04-17 03:27:24+00:00,negatif
🤣🤣🤣,2025-04-17 03:27:23+00:00,positif
sudah kenyang,2025-04-17 03:27:22+00:00,positif
nah jadi malu tuh klo dah ke tauwan,2025-04-17 03:27:17+00:00,negatif
Nangis karena kenyang,2025-04-17 03:27:12+00:00,negatif
"semua yg korupsi org pintar...
jadi gmn pingin pintar atau tetap bodoh aja🤣🤣🤣",2025-04-17 03:26:59+00:00,negatif
sisa2 umurnya d penjara,2025-04-17 03:22:33+00:00,negatif
🤣🤣🤣🤣,2025-04-17 03:22:29+00:00,positif
🤣🤣🤣🤣,2025-04-17 03:22:27+00:00,positif
IKN BENTAR LAGI ...,2025-04-17 03:22:13+00:00,negatif
"makan uang , sangar, dan beribawa..
saat di tanya dan di pakaikan baju bagus malah kek anak tk",2025-04-17 03:21:25+00:00,negatif
"apresiasi dari negara
seragam baru
gelang baru
mobil baru
tunjangan makan gratis
kebanggaan k3luarga",2025-04-17 03:21:06+00:00,positif
"Weeeeeer.
........ Nangis Kenapa ????!!!!! 🤭",2025-04-17 03:19:16+00:00,negatif
air mata buaya.. berhati iblis,2025-04-17 03:17:42+00:00,positif
air mata buaya,2025-04-17 03:17:11+00:00,netral
😂😂😂😂,2025-04-17 03:16:27+00:00,positif
"yg receh cepat diproses yg paus ,gajah blom ada disentuh 😂😂😂",2025-04-17 03:15:46+00:00,negatif
"lihat berita isisinya korupsi semuaa, benar2 sdh membudaya.... gimana gak mau disebut indo gelap !!😢",2025-04-17 03:15:42+00:00,negatif
menghabiskan sisa waktu senja di balik jeruji besi yg dingin..miriiiisss demi apa coba?,2025-04-17 03:14:42+00:00,negatif
"Kabid aja 79 m, ngeri Tangsel ya,",2025-04-17 03:14:36+00:00,negatif
apa cuma ini yang harus dibanggakan negeri kita yah,2025-04-17 03:13:46+00:00,positif
serigala berbulu domba,2025-04-17 03:13:43+00:00,netral
gk usah nangislah,2025-04-17 03:12:07+00:00,negatif
kenapa nangis?,2025-04-17 03:11:44+00:00,negatif
mukanya lugu bnget,2025-04-17 03:11:25+00:00,netral
Tangisan bahagia. karena tetep buanyak uang dilapas sampai keluar,2025-04-17 03:10:37+00:00,negatif
dibantu pake rompi ya knpa ga suruh pakai sendiri kan dia koruptor bukan bapak kelen,2025-04-17 03:09:25+00:00,negatif
"75,9M,,kira kira berapa tahun hukumanya,dan kira kira harus mengembalikan atau tidak,,apakah asetnya disita???",2025-04-17 03:09:12+00:00,negatif
banyak proyekkk yang d korupsii ini yg ga setorrrr😅😅😅 coba kalo setorrr biasanya aman... yg di Jawa Barat aja proyek aman padahal cepet rusakkk,2025-04-17 03:08:58+00:00,negatif
"gpp bang,, itung itung diet dipenjara😇",2025-04-17 03:08:21+00:00,negatif
😏😏😏,2025-04-17 03:07:20+00:00,positif
wkk korupsi duitnya pasti ngakak2 bajin**an ini,2025-04-17 03:06:37+00:00,negatif
ya Allah ngk abis abisnya ini koruptor kita lagi pada susah kerja,2025-04-17 03:06:29+00:00,negatif
masuk satu persatu..tapi undang2 nya ng di sah2 kan,2025-04-17 03:06:11+00:00,negatif
"Uuuuh Mau dong😂😂😂
capek cari duit sgtu",2025-04-17 03:06:04+00:00,negatif
ini baru siksa dunia gmn d hakirat,2025-04-17 02:50:42+00:00,positif
nangis karena malu tertangkap aja..kalau ngak ketangkap jogetin aja😂😂,2025-04-17 02:48:42+00:00,negatif
kerugiannya kok gak diungkap???,2025-04-17 02:47:46+00:00,negatif
keluarganya menanggung malu seumur umur,2025-04-17 02:47:25+00:00,negatif
pas nikmati ketawa ketawa😆,2025-04-17 02:46:51+00:00,negatif
nangiss KRNA ga bisa poya poya lgi😁,2025-04-17 02:46:37+00:00,netral
"Tiappp hari Konoha beritany beginian. Kurang apa coba pdhl azan berkumandang 5x sehari, tempat ibadah dimana2, bebas memakai atribut agama, maksiat dikit kena sweeping, makul agama ada sejak SD.",2025-04-17 02:46:13+00:00,negatif
kasian keluarganya kalo di rampas asetnyaa😂😂😂,2025-04-17 02:45:26+00:00,netral
"Sedih memang kalau ketahuan dan ketangkap,,wajaaarr..😂😂😂",2025-04-17 02:44:53+00:00,negatif
kasihan dia jujur dan baik😅😅😅,2025-04-17 02:44:44+00:00,negatif
"Nangis karena sudah gak bisa nambah lagi,nominal korupsinya…",2025-04-17 02:44:42+00:00,negatif
😂😂,2025-04-17 02:44:30+00:00,positif
kenyang nangis...ancaman penjara cmn 2 thn adem dah 79m,2025-04-17 02:43:34+00:00,negatif
tradisi 😇,2025-04-17 02:43:14+00:00,positif
"waktu nerima uang tertawa terbahak""",2025-04-17 02:43:11+00:00,negatif
panjangkanlah umurnya dalam penjara,2025-04-17 02:42:40+00:00,negatif
😂😂😂,2025-04-17 02:42:18+00:00,positif
pak mkn lh yg halal..toh duit tak dibawa mati.,2025-04-17 02:41:48+00:00,negatif
kok ngk di kasi salam olahraga???,2025-04-17 02:41:40+00:00,negatif
nangis teringat masa kecil lagi diantar sekolah sama. ibunya,2025-04-17 02:40:42+00:00,negatif
innalillahi wainnailaihi Raji'un,2025-04-17 02:40:31+00:00,negatif
kok menangis? istri anak kan LG kenyang di rmh? dia sedih ga makan hotel bintang 5. ya,2025-04-17 02:40:17+00:00,negatif
"DAERAH TANGGERANG+JAKARTA DAN SEKITARNYA
KENAPA BANYAK TERJADI KEMACETAN,YA KARENA UANG NEGARA BANYAK DIBELANJAKAN KENDARAAN HASIL KORUP😎",2025-04-17 02:40:00+00:00,negatif
nangis nii yee 😅,2025-04-17 02:39:41+00:00,netral
waduhh,2025-04-17 02:38:37+00:00,negatif
baju idaman para pemimpin d negara kita,2025-04-17 02:38:10+00:00,positif
😂😂😂,2025-04-17 02:36:54+00:00,positif
air mata buaya 😅😅,2025-04-17 02:36:17+00:00,positif
keabisan rompi apa itu kejaksaan buat kasih k maling😂😂😂,2025-04-17 02:22:56+00:00,negatif
"kok makin hari cuman kejaksaan yg nagkep2 maling, KPK kmna.?",2025-04-17 02:21:12+00:00,negatif
wow,2025-04-17 02:19:45+00:00,positif
Alah🗿,2025-04-17 02:19:18+00:00,positif
gemuk dan sehat yah 🤣😂😅,2025-04-17 02:15:33+00:00,positif
75 m,2025-04-19 15:53:37+00:00,netral
lol,2025-04-21 08:09:01+00:00,netral
makan duitnya ga nangis 😳,2025-04-19 06:25:12+00:00,netral
ngapain nangis pak. 75 miliar itu banyak,2025-04-19 08:48:03+00:00,negatif
"pantasan duit negara defisit terusss,menteri keuangan harus di audit",2025-04-19 15:09:59+00:00,negatif
"kalau semua gubernur ketat kayak KDM,mereka oknum sulit bergerak main anggaran",2025-04-19 04:55:21+00:00,negatif
tangis gembira hukuman ringan dan duit menunggu saat bebas,2025-04-19 13:54:36+00:00,negatif
apa yg buat dia menangiss😅😏,2025-04-19 07:38:22+00:00,positif
kirim nasgor om kasian bapak itu blm makan🤣,2025-04-19 14:03:29+00:00,negatif
ngapain sedih nangis tenang di indo cuma di penjara 20th,2025-04-19 13:20:09+00:00,negatif
Bongkar uang di kemana sja,2025-04-19 15:18:36+00:00,negatif
masa cm yg model gt yg di t4ngk4p😂😂😂,2025-04-19 16:28:35+00:00,positif
"nangisnya karena ketauan
coba ngak ketauan dia akan selalu tersenyum",2025-04-19 13:40:30+00:00,netral
kadis sekdis sekjen kabid kasi kasubag dan jajaranya.. gimna cuman kepala bidang kadis nya ga ada. 😁,2025-04-19 17:03:26+00:00,positif
kog nangis....akting ya,2025-04-20 10:33:26+00:00,netral
giliran udh dapat duit cegah cegir. pas di tangkap kayak sayur 😅😅🙏🙏🙏,2025-04-19 14:41:30+00:00,negatif
lagu lama,2025-04-19 16:21:37+00:00,positif
air mata buaya,2025-04-22 12:42:38+00:00,netral
😂😂😂😂😂😂 air mata duyung atau buaya,2025-04-20 14:33:16+00:00,netral
"kemarin ketawa dan bangga banyak duit,,",2025-04-19 14:36:10+00:00,negatif
Air mata buaya 😅,2025-04-21 12:09:58+00:00,positif
mungkin dia terjebak,2025-04-21 05:43:43+00:00,negatif
yg disedihkan uang udah dikumpul bininya yg pakai buat kawin lagi,2025-04-19 17:20:43+00:00,negatif
ngitung duit nya ketawa2 giliran d pakein baju Baru nangis anak kecil aja punya baju Baru senang 🤣🤣,2025-04-19 17:27:26+00:00,netral
🤣🤣🤣🤣🤣🤣🤣🤣🤣🤣🤣🤣🤣🤣🤣🤣🤣🤣🤣🤣 kok nangis takut hilang ya duit ya,2025-04-19 13:46:49+00:00,negatif
pa kabid lg main sinetron 😂,2025-04-19 14:03:22+00:00,positif
Ahhahaha syukurin deehh sebutin temen” nya jngan mau sendirian,2025-04-21 06:12:24+00:00,negatif
cm di indonesia sampai sampah saja dikorupsi...,2025-04-19 14:43:44+00:00,negatif
🤣🤣🤣🤣 air mata buaya 🤣🤣🤣,2025-04-20 01:16:08+00:00,positif
kocak 😂😂😂,2025-04-20 12:05:32+00:00,netral
jangan nangis pak kan udah kenyang sama duit banyak saya kerja Dari kecil jungkir balik tidak punya duit 1M,2025-04-22 04:10:06+00:00,negatif
"Mntaaaap bngt Pak bnyk uang 75,9 miliar bagi dikit pak buat byr hutang
😅😅😅😅😅",2025-04-23 12:29:12+00:00,negatif
"da pake baju orange, nangiss, kmariinn cengar crngir, tangisann ga menjdikann ibaa",2025-04-27 03:43:15+00:00,negatif
tunjukkan bapak tdk salah pas persidangan..,2025-04-19 11:17:09+00:00,negatif
"tenang aja pak nanti juga bebas, kasian lah anak istri nya kalo dia di tahan
cuma 75 M ini😅",2025-04-19 04:59:39+00:00,negatif
paling juga di tahan 6 taun,2025-04-29 01:33:59+00:00,negatif
"cuma tangis palsu,dalam hati tertawa karna tdk adanya hukum perampasan aset",2025-04-20 12:52:00+00:00,negatif
mkanya bgi2 yg rata biar ga ketangkep🤣🤣🤣🤣,2025-04-29 04:49:05+00:00,netral
nangisin apa kocak 🗿,2025-04-27 03:37:46+00:00,netral
kok nangis?? membingungkan msyrkt,2025-04-19 10:14:09+00:00,negatif
oh jadi dia orang nya gue gak kenal jadi kenal sekarang sama ini orang,2025-04-21 12:09:25+00:00,negatif
😂😂pejabat Indonesia sampai pun di makan ampun dahh,2025-04-21 06:59:39+00:00,negatif
air mata buaya,2025-04-19 16:44:35+00:00,netral
kn udah kenyang PK ngapain nagis.,2025-04-19 17:25:23+00:00,negatif
air mata buaya....,2025-04-22 01:24:40+00:00,netral
waktu pegang uang ga nangis,2025-04-19 14:28:07+00:00,netral
dasar manusia rakus,2025-04-20 02:01:23+00:00,negatif
air mata kadal,2025-04-20 02:07:58+00:00,netral
"anak istrimu pasti ketawa di rumah bang,kan duitmu masih banyak😁",2025-04-19 17:15:45+00:00,netral
kurang ya pak....,2025-04-19 17:09:02+00:00,netral
astaghfirullah aladzim 🥺,2025-04-21 04:37:59+00:00,positif
air mata palsu 😂,2025-04-21 08:11:56+00:00,netral
"kasihan si LC nya,, boss nya ketamvkep",2025-04-19 14:32:54+00:00,negatif
"pas cair ketawa ketiwi, giliran ketangkep mewek",2025-04-19 16:21:37+00:00,negatif
terharu beliau ketika menerima rompi pink yang di dambakan sejak lama..👍,2025-04-19 16:14:15+00:00,negatif
maliiing bnyak drama kluarga ya punya malu ga makan uang rakyat,2025-04-19 14:49:16+00:00,negatif
da korup di ksi baju baru lgi,2025-04-20 03:16:00+00:00,negatif
apa yg kau tuai skg jadi tangisan penyesalan.,2025-04-19 18:45:49+00:00,positif
"kenapa nangis kau bang , mikirin selingkuhan ya",2025-04-20 05:53:04+00:00,negatif
"ga usah nangis,,, Nikmatin aj,, makan duit sebanyak itu",2025-04-22 14:22:11+00:00,negatif
"bahagia sekali nih bapak...
sampai terharu saya... 🥰",2025-04-21 03:53:46+00:00,positif
"kenapa harus nangis brader, ini baru hukum dunia, belum hukum akhirat bro",2025-04-20 01:47:17+00:00,negatif
"gak mungkin hanya dia sendiri makan uangnya diakan ada atasan,,, atasnya ada atasan lagi",2025-04-19 15:04:15+00:00,negatif
knp menangis pk,2025-04-20 03:34:35+00:00,negatif
"dia gak nyangka KPK begitu perhatian, sampai kasih rompi almamater",2025-04-19 16:55:16+00:00,negatif
anak buah Airin 🤣,2025-04-19 17:20:39+00:00,positif
Hehehee...makan duitnye happy aja tuh..pas di tangkap nangis,2025-04-19 14:16:24+00:00,netral
sedih dah ketauan. masih bisa drama😂,2025-04-19 14:53:21+00:00,netral
kasian donk sama keluarga mu,2025-04-21 11:00:18+00:00,netral
mewek oge nya,2025-04-19 14:23:06+00:00,netral
Orang yg sekarang menangis... dulu pernah tertawa,2025-04-21 05:04:08+00:00,negatif
ala kok nangis lebai apa nangis bahagia kan nanti di jagaiin makan di antar tidur di jaga mantap la pokoke,2025-04-20 01:23:30+00:00,netral
giliran dpt duitnye aje lu ketawa tawa,2025-04-19 17:07:13+00:00,netral
kenapa kok nangis pak,2025-04-20 05:33:36+00:00,netral
"terlepas dri korupsi yg dia lakukan, atasannya pasti dpt jga itu",2025-04-21 14:37:27+00:00,negatif
enak ya pak....🤣🤣🤣🤣🤣,2025-04-20 10:51:45+00:00,netral
wkwkwkw ah,2025-04-20 10:12:39+00:00,positif
terharu,2025-04-19 16:40:41+00:00,netral
air mata sigung,2025-04-20 11:10:14+00:00,netral
paling tidak reaksinya mengundang iba,2025-04-21 07:09:07+00:00,negatif
"pura2 itu
udah kenyang soalnya",2025-04-19 16:52:46+00:00,negatif
kenyang kenyang,2025-04-19 14:34:52+00:00,netral
itu namgis ke bahagian...sdh banyak makan uang nya baru ketangkep ☺️☺️☺️,2025-04-21 09:50:24+00:00,negatif
itu sih tangis bahagia soal nya hukuman nya paling cuma setahun,2025-04-19 17:27:27+00:00,negatif
cep cep cep jgn diem 😂,2025-04-19 16:37:33+00:00,positif
"kasihan,, dia perlu cari nafkah buat keluarga😁",2025-04-19 14:24:07+00:00,negatif
kemaren gimana jalan pikiranmu?,2025-04-20 02:26:09+00:00,negatif
knpa harus sedih bos kalau emang gk salah anda pasti gk di tahan,2025-04-19 14:07:12+00:00,negatif
"tangis palsuu,,, 🤣🤣🤣",2025-04-21 08:22:19+00:00,netral
"segampang itu tangisnya,lha kmarin2 kmn slma perbuatsnnya lom trbobgkar",2025-04-21 03:56:38+00:00,negatif
terima transferannya gak nangis...pas ttd gak nangis...ditangkep ko nangis...,2025-04-20 13:16:07+00:00,negatif
kasihan anak istrinya nanti makan apa,2025-04-22 14:48:39+00:00,negatif
ngasih anak bini pd ketawa tawa,2025-04-24 12:15:50+00:00,netral
lah kok nangis KA udah dapet uang banyak,2025-04-20 20:00:27+00:00,negatif
jngn nangis pa kan dah kenyang trus duit nya masih bnyk blm.abis 🤣😂😅,2025-04-19 12:59:18+00:00,negatif
kenapa org yg ketangkap maling duit sllu pasang wajah sedih ???,2025-04-20 15:19:48+00:00,negatif
Ngapa yg kasus beginian muka y sllu mulus kga lebam2 baju rapi 😝😝😝,2025-04-20 16:07:42+00:00,negatif
waktu pke dwitny aj Bahagia dan Gaya gayaan.giliran di tngkap pura2 mewek.dah Telat meweknya.,2025-04-20 15:02:13+00:00,negatif
cerita aja pa apa yg terjadi sebenarnya. ga mungkin dana segitu anda main sendiri.,2025-04-20 11:00:47+00:00,negatif
orang2 begini yang anak istrinya di kasihani oleh pak prabowo,2025-04-21 13:22:52+00:00,negatif
"ya elah pake nangis,,, makan duit nya kaga nangis",2025-04-21 13:18:21+00:00,negatif
"anda sdh puas kan makan uangnyaa,kenapa nangis,🤣🤣🤣",2025-04-20 11:26:06+00:00,netral
"waktu nimakmati duitnya ketawa""happy sekarang nanggis",2025-04-20 12:13:29+00:00,negatif
Dih nangisssss gimaneee itu nangisss mula nye pegimaneee nangissss,2025-04-21 12:08:24+00:00,negatif
Kog baru sadar sekarang,2025-04-21 04:11:18+00:00,positif
nangis Krn kurang banyak😅😆,2025-04-25 11:08:11+00:00,negatif
#ENAK YA OM,2025-04-20 02:59:51+00:00,negatif
kenapa nangis woy,2025-04-19 15:08:39+00:00,netral
ko nangis,2025-04-19 14:11:17+00:00,netral
kurang bamyak ya??,2025-04-19 16:17:14+00:00,negatif
ini tangis bahagia..,2025-04-20 03:21:23+00:00,positif
misal udah ketangkep nangiss gmna rasa rakyat 🥺,2025-04-20 01:38:20+00:00,netral
"knaapa nangis pak?? pas menikmati uangnyaa ,bpk dan kel, bahagiaaa kann...??",2025-04-20 05:39:44+00:00,negatif
pasti nangis seneng mau pindah rmh 😁🤣,2025-04-19 14:41:16+00:00,negatif
Air mata buaya,2025-04-20 04:32:17+00:00,netral
knp sedih 😁😁 giliran dpt duit tawa,2025-04-19 14:24:35+00:00,netral
baru sadar klw rompi nya warna pink☺️,2025-04-19 14:36:06+00:00,netral
"Wah sehat trus bapak, duit banyak, tidur di kawal,",2025-04-19 14:30:01+00:00,positif
sia koplok Naha leweh😂,2025-04-19 17:24:54+00:00,negatif
kl g ketahuan g nbgis,2025-04-19 14:45:16+00:00,negatif
biasanya orang begini ntuh dulu pasti bahagia ya,2025-04-19 14:52:03+00:00,netral
apa cuma dia aja?,2025-04-19 14:24:52+00:00,netral
air mata buaya.. 😂,2025-04-20 01:43:51+00:00,positif
"gak usah nangis
duitmu okeh",2025-04-19 14:41:00+00:00,netral
Tangisan paLsu ...,2025-04-19 14:48:42+00:00,netral
dah ketangkep nangis...palsu,2025-04-21 01:54:46+00:00,negatif
lagi akting😁😁😁😁😁😁😁😁,2025-04-19 14:29:26+00:00,positif
"tenang aja pak gak usah pake nangis, kaya anak kecil aja",2025-04-19 14:41:56+00:00,netral
fungsi nya nangis apanya......🤔🤔🤔,2025-04-22 12:02:17+00:00,positif
sudah ketahuan baru nangis...coba KLO ngga terbongkar,2025-04-19 14:52:19+00:00,negatif
"Gw Nangis krn akn kehilangan enong""yg br di peliharanya😏😁",2025-04-20 10:18:37+00:00,negatif
mewekk jg lho,2025-04-21 07:39:46+00:00,netral
lah...kok nangis sih... 😅,2025-04-20 14:27:54+00:00,negatif
kok nangis ommm,2025-04-21 11:36:02+00:00,netral
"buka aja ..kamu bagi2 sama siapa, jangan km tanggung sendiri..",2025-04-19 11:25:21+00:00,negatif
exteng,2025-04-25 15:24:48+00:00,netral
ITF GAK JALAN ANGGARAN MILYARAN 😅,2025-04-21 04:05:09+00:00,netral
Cemen 😡,2025-04-20 16:49:46+00:00,positif
terharu itu,2025-04-21 03:21:47+00:00,netral
org gini bisa nangis😂😂😂😂,2025-04-19 11:01:24+00:00,positif
VIRALKAN,2025-04-22 12:53:32+00:00,negatif
karena tersangka menangis dan menyesali hukuman diringankan jadi 2.5th potong tahanan 8bulan🤣🤣🤣,2025-04-20 04:51:57+00:00,negatif
sehat2 Pak Ya,2025-04-19 14:46:52+00:00,positif
ngapain nanggis. kan udah makan duit. masih kurang emang,2025-04-20 01:53:00+00:00,negatif
menangis karena ketauan nilep duit😭,2025-04-20 01:55:49+00:00,negatif
air mata buaya😁,2025-04-21 07:42:47+00:00,positif
waktu lihat duit banyak enggak nangis tu,2025-04-19 15:30:26+00:00,negatif
mesti keluarga bapak ini bangah,2025-04-19 14:29:45+00:00,netral
Waaah...,2025-04-19 22:28:14+00:00,negatif
dpt duitnya senyum2.begitu ketangkap mewek2 😂😂😂,2025-04-20 04:16:01+00:00,negatif
😂😂😂😂lucu,2025-04-19 15:22:56+00:00,positif
😂 mantap,2025-04-19 14:10:24+00:00,positif
saya juga mau nangis...kalau dpt duit 79M...🤪🤪🤪,2025-04-19 14:25:02+00:00,negatif
lapang... 👍👍👍 sandiwara nya 😂😂😂,2025-04-19 22:49:34+00:00,positif
menyala abangku 🔥🔥🔥👍👍👍,2025-04-19 17:01:53+00:00,netral
yaalloh,2025-04-19 14:28:15+00:00,negatif
kok nagis pak bahahiahdong uwang dapatkan😄😄😄😄😃😄😁😁😁😆😆😅😅😅😅😅😅,2025-04-20 02:34:55+00:00,negatif
kagak kaget,2025-04-20 03:33:27+00:00,negatif
air mata buaya,2025-04-20 02:50:01+00:00,netral
kenapa harus nangis.oh.duit nya belum habis kali keburu ketangkap,2025-04-20 03:03:42+00:00,negatif
lagu lama itu mah😂😂😂,2025-04-20 07:10:31+00:00,positif
pasti bulang saya jadi korban atasanya,2025-04-20 05:32:02+00:00,positif
"enak itu dpt rmh batu Gratis,,mkn gratis,,",2025-04-20 03:15:06+00:00,negatif
air mata kepalsuan 🤣,2025-04-30 06:07:40+00:00,positif
bisa nangis juga,2025-04-20 10:56:43+00:00,positif
ko mewek?,2025-04-20 10:37:09+00:00,negatif
"Skrg terlalu banyak aturan makanya gak jalan pemerintahan karena ketika ambil tindakan, banyak salahnya 😂😂",2025-04-20 03:32:31+00:00,negatif
jangan nangislah,2025-04-20 03:20:20+00:00,positif
ajaib rompinya... bs bikin org terharu,2025-04-19 14:49:31+00:00,negatif
"santai pak, anggap aja bapa pergi merantau setahun dengan gaji milyaran. toh keluarga masih bisa jemput dan ada potongan hukuman",2025-04-19 17:35:22+00:00,netral
wajahnya seperti bukan koruptor... jgn2 ini korban atasan,2025-04-19 14:30:00+00:00,negatif
air mata buaya,2025-04-19 18:50:15+00:00,netral
mewek,2025-04-19 23:28:40+00:00,netral
kasihan anak istrinya............ sorry ye🤣🤣🤣🤣🤣,2025-04-20 00:51:04+00:00,negatif
kabid hebat ngelola puluhan miliar diembat lagi,2025-04-19 14:13:34+00:00,negatif
halaaahh 😏,2025-04-19 22:46:18+00:00,negatif
"apresiasi negara utk nya
baju baru
gelang baru
mobil baru + supir
+",2025-04-19 14:21:09+00:00,positif
tangisan tak berarti,2025-04-19 14:13:59+00:00,negatif
nangisin istrinya mungkin mo nikah lagi,2025-04-20 02:09:56+00:00,netral
klo rumpi pink itu tahanan pidana khusus Kejakgung,2025-04-19 14:13:05+00:00,netral
😂😂😂 Konoha KLO gax ada perampasan aset ginii sampah aja di korup apa lagi yg biasa aja,2025-04-19 14:12:07+00:00,negatif
Tangisan buaya,2025-04-19 14:26:39+00:00,positif
sdh kenyang ini,2025-04-19 14:06:32+00:00,positif
"Indonesia pejabatnya BYK koropsii ,bila nak makmur ,kemiskinan meningkat apa apa mahal,yg kaya makin kaya koropsi semakin byk",2025-04-20 00:12:15+00:00,negatif
para pejabat konoha 😁,2025-04-19 14:37:33+00:00,positif
"bahagia berujung duka,uang byk tak berguna itu baru dunia boos.",2025-04-20 15:29:41+00:00,negatif
selamat bos..,2025-04-19 14:44:31+00:00,negatif
biasanya ada yg nyuruh.. atasannya mungkin,2025-04-19 14:58:42+00:00,netral
"nagis itu exting aja itu,mkin dia bilang aku udah kya,",2025-04-19 16:02:05+00:00,negatif
"mahal banget itu rompi orange sampai 75,9M",2025-04-19 15:22:35+00:00,negatif
tetap lestarikan budaya konoha... 🤭🤭,2025-04-19 15:27:17+00:00,positif
pemaen senetron,2025-04-19 15:24:22+00:00,positif
gji kami dg UMR pak....kami siap mggantikn dn bkrja lbih mlyani dr mrka..,2025-04-21 02:17:06+00:00,negatif
Lagi pegang uangnya nangis ga pak..? 🤭,2025-04-19 05:16:53+00:00,negatif
"Tenang aja
Anak Istri dijamin oleh Presiden RI",2025-04-19 05:03:51+00:00,positif
tangisanmu tak sesedih tangisan rakyat 👍,2025-04-19 14:38:12+00:00,positif
lebay,2025-04-21 09:42:05+00:00,netral
po nangis ada yg lain ya😂😂😂,2025-04-19 16:56:29+00:00,netral
joh malah nangis,2025-04-19 19:10:30+00:00,negatif
hhh kasian,2025-04-19 17:55:40+00:00,netral
terlambat nangis nya woy,2025-04-19 15:12:37+00:00,negatif
Cemen bgt aj Cengeng,2025-04-20 14:19:00+00:00,netral
"pake nangis segala, muna lu",2025-04-20 01:05:27+00:00,positif
bahagia diatas penderitaan org banyak,2025-04-19 15:10:05+00:00,positif
makanya jadi orang tuh harus jujur,2025-04-19 16:24:22+00:00,netral
assiik istrinya kawin lagi,2025-04-19 16:01:38+00:00,positif
di tangkap nangis waktu nikmati uang nya senang...lucu ya,2025-04-19 16:16:35+00:00,negatif
ngapain kau nangis tuan kn udh kenyang tujuh turuanan itu uang kau nikmati dgn klrgmu,2025-04-19 16:54:37+00:00,negatif
"nangis kegirangan,punya duit banyak",2025-04-19 16:27:43+00:00,positif
"tangis bahagia
karena menempuh hidup baru 😁😁🤭😂",2025-04-19 16:08:38+00:00,positif
haaaaaa kurang ajar,2025-04-19 16:03:08+00:00,negatif
mantafffd,2025-04-19 14:02:34+00:00,positif
dapat uang tertawa giliran d tangkap menagis,2025-04-19 14:48:14+00:00,negatif
"Dia pikir dapat duit korupsi,sama dengan dapat duit togel.",2025-04-19 17:03:00+00:00,negatif
jgn nangis pak..mending bp ketawa aj sesuai waktu menikmati uang itu,2025-04-19 14:50:18+00:00,negatif
Nangis bahagia tlh berhasil memakan uang rakyat puluhan M,2025-04-19 14:07:31+00:00,positif
nangis mu drama pak,2025-04-19 14:13:52+00:00,netral
👍👍🤣👍,2025-04-23 09:23:38+00:00,positif
🤣🤣🤣,2025-04-19 14:30:50+00:00,positif
😂😂😂,2025-04-19 17:50:25+00:00,positif
😂😂😂😂,2025-04-19 17:35:40+00:00,positif
😂😂😂,2025-04-20 05:09:48+00:00,positif
😁😁😁😁😁😁😁😁,2025-04-20 07:13:43+00:00,positif
😂😂😂,2025-04-19 17:07:25+00:00,positif
😁,2025-04-19 16:16:20+00:00,positif
😃😃😃😃😃,2025-04-21 08:03:01+00:00,positif
🤡🤡,2025-04-19 15:29:08+00:00,positif
🤣,2025-04-29 14:22:48+00:00,positif
😃😀😀,2025-04-19 14:43:32+00:00,positif
@putri @Ayankaje,2025-04-21 06:25:56+00:00,positif
😁,2025-04-20 03:27:19+00:00,positif
🤣,2025-04-19 23:32:52+00:00,positif
😁😁😁,2025-04-21 03:12:23+00:00,positif
mak ngeri di bidang sampah pun korupsi..konoha konoha🤣🤣🤣,2025-04-20 12:12:25+00:00,negatif
"yg enak mah bininya.
menikmati duitnya tapi tidak dihukum",2025-04-19 15:02:44+00:00,netral
mengkek ya wak,2025-04-21 15:45:55+00:00,netral
lari ke hiburan malam uang nya 🤣🤣,2025-04-22 05:38:02+00:00,negatif
"dia nangis ada maksud nya kawan
di penjara..uang nya istri nya yg nikmati.bisa2 kawin lagi istri nya.itu yg dia pikir kan🤣🤣🤣🤣",2025-04-21 03:56:09+00:00,negatif
"kalau sudah memaki baju merah sm gelang putih nangis waktu belum ketahuan senang,makai uang,nikmati sekrg di ruang tahanan,",2025-04-19 16:46:32+00:00,negatif
kenapa NANGIS?? Cemen dong..saat memakai uang itu...BAHAGIA bukan??,2025-04-19 20:17:10+00:00,negatif
"Kenapa menangis,belum dapat hasil banyak,trus ketahuan gituya...😭😭😭",2025-04-22 12:10:52+00:00,negatif
udeh ketangkep aje mewek daaah..negara konohaaa,2025-04-21 05:57:42+00:00,negatif
nggak boleh nangis dong..ayo senyum..😂,2025-04-22 13:58:28+00:00,netral
mewek gak kaya lagi nikmatinya cengegesan.harus nya mewek itu di kasih kepercayaan😂😂😂😂,2025-04-21 07:59:33+00:00,negatif
Bapak Maling anggaran DLH belum lagi tiap RT di minta 5000 rupiah per rumah,2025-04-19 06:07:23+00:00,negatif
"😅😅😅ROK...MANAA...ROOKKKK😅😅😅....
UDH GENE BR MEWEEKKKK😭😭😭HUFT",2025-04-19 13:46:06+00:00,netral
"𝚜𝚊𝚗𝚝𝚊𝚒 𝚜𝚓 𝚙𝚊𝚔 𝚖𝚎𝚗𝚓𝚊𝚕𝚊𝚗𝚒 𝚗𝚢𝚊, 75,6 𝙼 𝚒𝚝 𝚔𝚊𝚗 𝚋𝚒𝚜𝚊 𝚋𝚞𝚊𝚝 𝚋𝚎𝚕𝚒 𝚏𝚊𝚜𝚒𝚕𝚒𝚝𝚊𝚜 𝚍 𝚙𝚎𝚗𝚓𝚊𝚛𝚊.... 😂😂😂",2025-04-19 06:19:14+00:00,positif
"mestinya nangis pada waktu mau korupsi, bukan skrg. klo nangis skrg gak ada gunanya kagi, dikirain org main sinetron 😅😂🤣",2025-04-20 15:28:53+00:00,negatif
gede badan doang tapi cengeng..waktu melakukan ketawa tawa 😀😀,2025-04-19 05:54:26+00:00,netral
nggak usah nangis pak..malu udah tua...,2025-04-19 13:37:49+00:00,negatif
tangisan bahagia,2025-04-20 08:13:41+00:00,positif
"anj nhe orang,,",2025-04-21 08:06:27+00:00,negatif
🐀 nya nanggis.,2025-04-20 08:56:15+00:00,positif
waktu korupsi gk nangis modus😂😂😂😂😂🤣,2025-04-21 08:15:36+00:00,negatif
tangisan tai ucing,2025-04-22 16:47:18+00:00,negatif
"makan enak seneng gk nangis lu ,beli mobil mewah ketawa, dasar manusia serakah",2025-04-20 10:23:01+00:00,netral
koruptor jauh lebih ganas dibanding narkoba.... teroris bahkan pembunuhan....dampak korupsi merata keseluruh negri...bahkan dampak buruk bagi masa depan dan kelangsungan sebuah bangsa....,2025-04-20 10:28:21+00:00,negatif
"ada sebab ada akibat, apa yg kmu tabur itu yg kmu tuai... Jd jgn nangis, malu sm jabatan dan badan pak...",2025-04-21 10:06:19+00:00,negatif
"waktu nyuri bangga pamer harta.
di tangkep nangis.
ai mata buaya nama nya 😂😂😂",2025-04-20 12:42:09+00:00,negatif
"kayak ank kecil,pake nangis segala...tertangkap korupsi nangis...kalau ngk ketangkap...hapy2 bawa cwek n dugem....dasar",2025-04-20 11:21:26+00:00,negatif
"""intinya kerja itu tiap tahun habisin anggarn,oleh para maling korupsi uang rakyat.di intansi dinas sosial pengkhianat kerja maling korupsi yg kebal hukum,jabatan naik jadi maling di kab Kutai timur""",2025-04-21 10:08:15+00:00,negatif
dia menangis Krn lupa blm buang sampah,2025-04-20 11:27:53+00:00,negatif
"nangis karena takut gendaknya di ambil orang,,",2025-04-19 14:49:31+00:00,negatif
🤣🤣😆,2025-04-20 02:19:41+00:00,positif
Waktu dapat duit ketawa gedek sampai terkencing kecing setelah ketangkap menangis pengecut,2025-04-22 18:48:45+00:00,netral
kok ngga kedengeran pak ...kaya pak Hasto dong nangisnya 😜😜😜,2025-04-20 08:08:52+00:00,negatif
PUNYA DUIT SEGITU BISA BUAT 7 TURUNAN ITU,2025-04-21 03:45:56+00:00,netral
"🙏😇✨gk usah nangis,penjara enak kok..mkn,tidur.putih pula",2025-04-20 02:46:25+00:00,negatif
monyet monyet tukang korupsi uang rakyat,2025-04-23 13:02:04+00:00,negatif
kenalu makan lu,2025-04-21 03:35:56+00:00,netral
"anda mnangis karna dah ke tangkap kan kmna aja sblom ktangkpa ktawa2 heppy uang bnyak kocak,,, jgn prcaya dngn air mata biyawak😅😅😅😅😅",2025-04-20 02:40:27+00:00,negatif
"udh tau perbuatan nya melanggar hukum msh nekad lakukan korupsi, udh ketangkep bru nyesel mewek. klau mau kaya yg benar jdi pengusaha, bkn korupsi uang rakyat🤣🤣",2025-04-19 14:11:35+00:00,negatif
matak ge ulah kabita ku duit haram. kecuali ngahiji jeung pejabat2 di luhur kakarak aman,2025-04-21 03:32:54+00:00,negatif
jgn nangis lagi Nerima duitnya kan seneng,2025-04-19 14:10:51+00:00,negatif
saat ngorupsi foya foya..knp klau tertangkap..mewek..,2025-04-20 02:24:49+00:00,negatif
mewek biar di hukum 6 bulan ya 🤣🤣🤣🤣,2025-04-21 15:15:48+00:00,negatif
aahh ketangkep aja mewek...klau aman ketawa2 kayak kagak ada dosa,2025-04-20 02:11:42+00:00,negatif
"tolong dong bilangin ke pa prabowo,, kasian anak istrinya masa harus ikut menderita gara² bapaknya tertangkap korupsi.☹",2025-04-21 03:16:54+00:00,negatif
sandiwara doang itu nangisnya,2025-04-19 14:13:58+00:00,netral
malu woyyy. . masih aj mkan duit haram😂 dunia akhirat😇😉🤗,2025-04-29 12:22:01+00:00,negatif
akhir kata pasti bahasa dia terzolimin,2025-04-19 14:18:12+00:00,netral
waktu korup gh mikirin nanti kalo ketangkap sekarang mewek 🤪🤪,2025-04-20 03:01:33+00:00,negatif
koruptor di mana mana.. hukuman terlalu ringan...,2025-04-19 14:16:06+00:00,negatif
"😂😂😂 giliran ditangkap nangiss
pas lagi nikmati uangnya semua lupa😁",2025-04-19 14:14:38+00:00,negatif
"G usah nangis om ,keluar di penjara duit banyak menang banyak 😂😂",2025-04-19 14:14:08+00:00,negatif
rakuss.,2025-04-19 14:13:28+00:00,negatif
waktu ngambil uang ketawa trs setelah ketahuan nyaho,2025-04-19 14:13:26+00:00,negatif
habis makan duit enak trs Nangisss wkwkwkwkwkk,2025-04-23 18:51:41+00:00,negatif
enak bgt habis makan duit 75 m nangis🤣🤣,2025-04-20 02:11:02+00:00,negatif
"kok tidak jantan nangis, sdh dapa uang sekian milyard sampai bdan kelebihan berat badan krna byk mkan dari hasil sampah , sampah barang sdh dibuang di korupsi, hadp hukum scra jantan juga",2025-04-21 14:08:57+00:00,negatif
tinggal menunggu keadilan...jangan sampai hukum tajam kebawah tapi tumpul ke atas,2025-04-20 03:11:58+00:00,negatif
"ngapain nangis ,lg banyak duit suka gk inget dosa",2025-04-21 03:02:33+00:00,negatif
tenang paman aku dibelakangmu jauh jauh dibelakangmu😁,2025-04-19 14:06:01+00:00,netral
bakal tayang azab memakan duit s a m pah 😆,2025-04-19 14:03:19+00:00,negatif
tangisan kurang banyak korupsinya keburu ketahuan pantas waktu menjabat lurah di pisangan ciputat timur ga pernah maju ternyata memang sudah tabiat nya ni orang memang sudah bobrok,2025-04-19 14:23:25+00:00,negatif
giliran jadi tersangka mewek ..,2025-04-21 13:57:13+00:00,negatif
raimu. duit kou mkn dg anak istrimu...skrg kou pura pura menangis,2025-04-21 02:03:11+00:00,negatif
nangis pak waktu korup GK nangis pasti ngakak.muntah loe akhirnya,2025-04-21 01:13:03+00:00,negatif
"75 M gilaaaa bener,nanti cuma ke penjara 6 tahun...senggol sana senggol sini kena cuma 3 thn. sdh g aneh hukum di indonesia.",2025-04-20 15:06:22+00:00,negatif
"klu dah k tangkap nangis,dia lupa ud foya foya pakai uang haram",2025-04-20 01:17:54+00:00,negatif
tenang mas kan tabugan bayak buat kluarga amn pas sampean di hukum😁,2025-04-20 01:17:24+00:00,netral
75M di bagi sana sini masih 25M !! di hukum 10tahun remisi 5 tahun !! untung 25M njiiir,2025-04-20 01:12:14+00:00,negatif
Nangis uangnya sudah habis 😅,2025-04-20 16:51:50+00:00,negatif
Makan dwit korupsi diem diem aja,2025-04-20 00:57:28+00:00,negatif
"hahhaa kocak drama nangis, badan doank gede kebanyakan makan uang, balikin duitnya, kebanyakan akting",2025-04-24 16:07:56+00:00,negatif
koruptor yg nangis Dy doang,2025-04-20 00:22:48+00:00,negatif
Ga malu sama tetangga pa? Keluarga anda pun pasti dikucilkan dilingkungan tempat tinggal 🙈🙈🙈,2025-04-28 06:27:05+00:00,negatif
pemain drama nih🤣🤣🤣🤣🤣🤣🤣🤣🤣🤣🤣🤣🤣🤣🤣,2025-04-20 17:20:18+00:00,positif
makanya koroptor kalo gak diberantas merajalela di negri ini karna UU merampas aset koroptor beginilah jadi masarakat miskin malah dimiskinkan kebalik,2025-04-20 00:04:10+00:00,negatif
"keren itu rompinya, Selamat anda dapat rompi keren gratis lagi",2025-04-20 00:03:54+00:00,negatif
nangis karna ketauan coba kalo ga ketauan,2025-04-20 00:03:33+00:00,negatif
janganlah koropsi karena di benci Alloh semoga di beri kesehatan dan panjang umur,2025-04-19 23:50:12+00:00,negatif
hukum seberat beratnya,2025-04-20 18:51:45+00:00,negatif
"orang dah di niatkan korupsi kok nangis pak ora isin, kudune isin sm allah",2025-04-20 23:53:46+00:00,negatif
nangis takut dipenjara itu😅,2025-04-19 22:57:57+00:00,negatif
anak istrinya juga ditangkap dong mereka kan sudah makan dan menggunakan uang korupsi.,2025-04-19 22:49:57+00:00,negatif
maling kok nangis,2025-04-21 00:22:33+00:00,negatif
"kenapa koruptor di istimewakan ya cara nangkepnya, maling soto ayam mah idh habis babak belur dikroyok",2025-04-19 22:44:06+00:00,negatif
air Mata buaya.kanyut Dina punduk 😂😂😂,2025-04-21 17:44:57+00:00,positif
kekenyangan korupsi sampe jd bongkeng,2025-04-19 22:20:01+00:00,negatif
"gak tanggung2 ...75,9 M .",2025-04-19 22:10:29+00:00,negatif
"kasihan sekali bapak ini, menangis kekenyangan menikmati uang hasil korupsi, mungkin dia menyesal dia ketauan coba gak ketauan mungkin dia akan bahagia trus hidup nya 😁😂",2025-04-21 00:39:52+00:00,negatif
nangis karna malu takut mertua nya tau😁😁😁,2025-04-22 02:28:03+00:00,negatif
yah mkn peraaa 🤣,2025-04-19 19:53:21+00:00,negatif
nangis takut miskin😂😂😂😂😂,2025-04-20 03:14:08+00:00,netral
Jangan nangis ahh..udah SEMOKKKK masa nangis..yg semok2 lainya aja pada pake leging en teng top joging en senyum2 di senayan.,2025-04-19 14:17:38+00:00,negatif
hukum m.....,2025-04-19 14:17:13+00:00,negatif
"drama korea di mulai...🤣🤣🤣
nanti di pengadilan tipikor
hakim bilang dia baik, punya keluarga
hukuman nya 2 bulan penjara ajah
potong remisi tahanan 45 hari
#apa kabar harveymois
#apa kabar oplos pertamina
# negara Ini udah Gag ada harga diri nya",2025-04-20 05:08:21+00:00,negatif
😂😂😂😂😂cengeng ..mudus melas biar dapat keringan hukuman,2025-04-21 03:47:40+00:00,negatif
jgn nangis pa nanti banjir lagi apalagi ini lagi musim hujan pa,2025-04-19 14:46:50+00:00,negatif
nangis gk malu😡😡😡,2025-04-21 05:11:35+00:00,positif
"🤣🤣🤣air mata sapi itu,,nikmat membawa sengsara",2025-04-20 06:46:17+00:00,negatif
"nyesel yah bang, blm nikmati dah kena.",2025-04-19 14:53:51+00:00,negatif
pas korupsi gak mikir.giliran ditangkap nangis.payahhh👎👎👎,2025-04-25 01:32:18+00:00,negatif
"jaman edan, ada yg minum minyak, ada yg makan aspal, bahkan sampah pun di makan",2025-04-19 15:09:31+00:00,negatif
Astaqfirulloh korupsinya gede amat 75 M. waktu korupsi ga nangis dikasih ROMPI BAGUS ko nangis🤣🤣🤣. penyesalan telat datangnya🤣,2025-04-20 07:13:09+00:00,negatif
maling kok nangis,2025-04-20 07:44:37+00:00,negatif
koruptor kok nangis.,2025-04-20 04:47:42+00:00,negatif
"lagu lama , sampai kiamat pun jangan harap negara ini berkembang dan maju , kalau maling uang rakyat d lindungi dengan dalih kemanusiaan ,,",2025-04-19 15:49:09+00:00,negatif
"ni maksudnya nangis kenapa,,apa karena cepat kali ketahuan karena yg pertama korupsi atau karena sudah ada target lain dan bakalan gk sempat korupsi lagi,, dasar manusia gk tau diri",2025-04-21 04:26:15+00:00,negatif
"Kalau merasa jadi tumbal harus berani nyanyi biar semua kena,ga mungkin korup sendirian dapat dipastikan korup itu berjamaah😂",2025-04-20 04:54:26+00:00,negatif
maenan para hukum biar dpt suap jg kan bisa di byr hukuman kl yg maling duit gede enak bgt ya,2025-04-20 05:07:21+00:00,netral
haha. pas giliran mkn duit nya poya poya kga nangis. malu sma badan gede,2025-04-21 04:32:00+00:00,negatif
Air Mata Kadal 😂,2025-04-22 11:41:00+00:00,positif
"wkwkwk waktu menikmati duitnya, happy enjoy.. giliran di tangkap, air mata buaayaaa keluarv🤭🤣🤣🤣",2025-04-21 05:00:41+00:00,positif
curi duit yg byk TK nangis stelah ketangkap knp nangis 😁😁😁😁,2025-04-20 05:23:55+00:00,negatif
g usah nangis...gua pribadi g ada rasa kasihan tau...biar tau rasa,2025-04-20 05:25:37+00:00,negatif
"benaran nangis atau hanya gimmik,benaran tersangka atau hanya korban,tenang pak,cuma bentar kok,ga usah nangis,kek yang sudah2 pak ga ada kelanjutannya ,hilang gitu aja pak beritanya,bapak bisa jalan2 juga kok pak kek lainnya,ntar juga bisa menjabat lagi,jd tenang aja ga usah mewek2 gitu",2025-04-21 05:03:15+00:00,negatif
lebih enak lihat nangisnya jika juga dimiskinkan,2025-04-19 05:30:25+00:00,netral
air mata benyawak😂😂,2025-04-20 05:31:37+00:00,positif
dl makan sampah kok ga nangis,2025-04-19 16:23:21+00:00,netral
air mata komodo pas makan duit nya happy pas di tangkap mewek,2025-04-19 16:27:48+00:00,negatif
"Dari E ek Sampai Emas semua di korupsi sama Pejabat nya, Sebegitu parahnya BANGSA ini seakan Tidak ada Takutnya Sama KARMA. Terbukti TUHAN saja Mereka Lawan Apalagi Sesama Manusia.",2025-04-19 16:28:29+00:00,negatif
"udah ngak usah nangis, udeh kenyang muntah tuh duit",2025-04-21 05:29:47+00:00,negatif
"nangis lah, belum banyak dah ketahuan,",2025-04-19 16:39:09+00:00,netral
ini ulah mu......kau di ksih amanah tpi engkau melqnggar hukum allah,2025-04-20 06:14:32+00:00,negatif
rek naon leweh...,2025-04-19 15:57:36+00:00,negatif
makan tuh uang haram,2025-04-19 16:50:15+00:00,negatif
bernyanyi lah kau... supaya nangis nya bareng²🤣🤣🤣,2025-04-19 15:53:11+00:00,netral
sabar pak paling cuman 8 bulan udah kluar kok kan masih banyak sisa uang curian nya paj,2025-04-19 16:52:30+00:00,negatif
tenang dia masih untung ko meskipun di penjara😂😂😂😂😂😂,2025-04-20 06:36:36+00:00,positif
itu adalah tangis bahagia akan bertemu sama temen temennya sesama koruptor di sel,2025-04-19 15:48:55+00:00,positif
"gegares duit kga nangis,,giliran tauan tangkep meweek🤣🤣🤣",2025-04-19 14:57:11+00:00,negatif
sampah aja di korup ajg,2025-04-22 14:28:00+00:00,negatif
"Pejabat bejat, saat nyuri tidak menangis, giliran ketangkap nangis Indonesia berduka. Sebentar lagi kalau keluar pasti akan bilang ini salah Jokowi, tetangga sebelah",2025-04-20 12:36:45+00:00,negatif
"jangan hanya kabid DLH nya aja, telusuri sampai ke akar akar nya,siapa2 yg menerima duit nya joblosin semuanya ..",2025-04-21 08:42:57+00:00,negatif
🤣🤣🤣🤣sukurin lo🤣🤣🤣,2025-04-20 13:04:09+00:00,positif
"dri semua arah duit negara di curi
endonesia ngregess",2025-04-19 17:23:54+00:00,negatif
liat noh pak sampah numpuk bau bet🤣😩🙏,2025-04-22 20:17:05+00:00,negatif
kalau pencuri jgn nangis,2025-04-20 13:54:18+00:00,negatif
kewareken,2025-04-20 13:58:23+00:00,netral
maling ayam ketangkep di gebulin 😳 koruptor ketangkep dapet pelukan hangat 😂🤣,2025-04-19 19:15:37+00:00,negatif
"aneh Y bisa"" dia nangis, cb mling motor ..!",2025-04-19 19:46:34+00:00,negatif
hidup mewah makan enak barang bren hasil korup gak masuk...,2025-04-19 21:19:09+00:00,negatif
"ketangkap baru termehek mehek, selanjutnya tggu diakhirat nanti y pak",2025-04-28 05:10:33+00:00,negatif
Klah mewek koplok,2025-04-21 12:25:41+00:00,netral
"sudah kenyang nangis,dasr bajingan",2025-04-20 00:23:28+00:00,negatif
berani korupsi berani di penjara...mewek,2025-04-20 01:32:39+00:00,negatif
giliran korupsi ngak nangis tu,2025-04-20 01:55:15+00:00,negatif
ada memo x itu,2025-04-19 14:13:25+00:00,negatif
Aduhhh air mata bohongan 😂😂,2025-04-19 14:08:16+00:00,negatif
hukum aja seumur hidup jd ada efek jera buat yg mau korupsi,2025-04-19 14:03:24+00:00,negatif
kok nangis .tobat ya,2025-04-19 14:02:38+00:00,negatif
tangis bahagia....🤣🤣,2025-04-19 14:02:36+00:00,netral
Tangisanmu mengurangi masa tahananmu... sabar...,2025-04-19 14:02:33+00:00,positif
nampaknya dimanfaatkan bosnya 😂,2025-04-19 14:01:14+00:00,netral
🤣🤣🤣,2025-04-19 14:00:38+00:00,positif
mbok KL mau berbuat mikir anak istri hidup di dunia cuma sebentar moso masa tua dlm penjara,2025-04-19 14:00:36+00:00,negatif
runtah di korup ...batur mah beas .minyak ...cik milih atuh,2025-04-19 13:59:40+00:00,negatif
tangisan buaya😁,2025-04-19 13:58:58+00:00,positif
"bukan main tunggal dia
makanya menangis
knp hanya saya yg di tahan
pikir nya😁😁😁",2025-04-19 13:58:54+00:00,negatif
air mata buaya,2025-04-19 13:58:30+00:00,netral
ekting,2025-04-19 13:58:19+00:00,negatif
maling,2025-04-19 13:57:59+00:00,negatif
"😂😂😂😂😂
kok sedih?",2025-04-19 13:57:32+00:00,negatif
"udah pak gak usah nangis, masuk sel aja yuuu",2025-04-19 13:53:42+00:00,negatif
waktu mkn uang gembira..gk ingat ke rakyat,2025-04-19 13:51:47+00:00,negatif
pasti kemaren2 istrinya flexing bgt,2025-04-19 13:50:01+00:00,positif
makan duit senyum kok ditahan nangis,2025-04-19 13:45:02+00:00,negatif
"kok nangis, kenapa nangis,,semangat2.🤣🤣🤣🤣🤣",2025-04-19 13:42:49+00:00,negatif
ketangkep nangis ..kuropsi ketawa makan uang haram,2025-04-19 13:42:42+00:00,negatif
airmata buatan,2025-04-19 13:39:42+00:00,netral
ud dapet 75 milyar masa nangis,2025-04-19 13:38:04+00:00,negatif
sing sabar pak semuanya awal akhir pasti dapat balasan. tetap teguh yaa pak 😁😁,2025-04-19 13:36:46+00:00,netral
dihukum mati juga nggak kok 😭😭😭,2025-04-19 13:34:36+00:00,negatif
🤣 ternyata cengeng 😂😂😂😂,2025-04-19 13:33:10+00:00,netral
👍👍👍👀,2025-04-19 13:31:31+00:00,positif
"knpa nagis,pas makn uang korupsi nya ketawa2,,GK inget SMA rakyat",2025-04-19 13:31:11+00:00,negatif
ang ang ang,2025-04-19 13:28:03+00:00,netral
banyak duit dong harus senang,2025-04-19 13:27:39+00:00,netral
enak uang nya ya pak😂,2025-04-19 13:27:05+00:00,positif
"nangisi opo pak de,apa kurang banyak korupnya sampai nangis",2025-04-19 13:23:59+00:00,negatif
nangiss....kmren maren belagu...punya duit banyak....😃,2025-04-19 13:23:09+00:00,negatif
maling klu ketangkap basah dgn air mata buaya darat..,2025-04-19 13:21:36+00:00,negatif
Sdh dinikmati anak istri saudara 🥺,2025-04-19 13:21:31+00:00,positif
giliran ketangmep baru mewek...kemaren seneng2 aja pak nikmatin duit nya,2025-04-19 13:20:10+00:00,negatif
korupsi tak selamanya indah🤣,2025-04-19 13:17:42+00:00,negatif
makan tuh sampah,2025-04-19 13:16:31+00:00,positif
nangis karna duit nya nga di ambil,2025-04-19 13:15:52+00:00,negatif
"malu sama anak istri kalau Sampek menangis karena ketangkep korupsi,,",2025-04-19 13:15:37+00:00,negatif
😂😂😂,2025-04-19 13:14:52+00:00,positif
jangan² dia nangisin nasib si LC💃 iyaaak🙄,2025-04-19 13:14:42+00:00,netral
"usut tuntas sampai ke akar"" nya pakk",2025-04-19 13:11:52+00:00,negatif
jangan nangis pak gak akan digebuk kayak maling ayam kok🤣,2025-04-19 13:11:04+00:00,negatif
"tagis kebahgiaan, kerjaanx sudah sukses utk menjadi orang kaya 😁",2025-04-19 13:10:55+00:00,positif
jangan menangis..😁,2025-04-19 13:08:39+00:00,negatif
AIR MATA BIAWAK 😂😂😂,2025-04-19 13:03:58+00:00,positif
WAKTU KOROPSI DIMAKAN REME² BUAT POYA² PAS TERSANGKA SEND8RIAN😂😂😂,2025-04-19 13:01:28+00:00,negatif
Bau nya ke seluruh rakyat tiktok😂😂😂😂,2025-04-19 12:54:11+00:00,positif
yah nangis,2025-04-19 12:51:26+00:00,negatif
lahh orang anehhh malah nangis nikmatin uang rakyat 😂 harusnya Heppy kan,2025-04-19 12:42:52+00:00,negatif
"kasihan..seorang kepala bidang,mgkin dia korban dari kebijakan pimpinannya ttpi hukum mengatakan telah turut bersama sama..",2025-04-19 12:42:20+00:00,negatif
waktu mengumpulkan duit anggaran sampah tertawa sekarang nangis biasa korupsi ketangkap diproses hukum masuk bui tidak usah nangis bang kalau duitnya masih bagi sama penegak hukum juga lolos.,2025-04-19 12:42:14+00:00,negatif
"knp nangis pak,nyesel ya ,kok waktu makan duit nya gak nangis😂",2025-04-19 12:37:38+00:00,negatif
tangisan sampah...,2025-04-19 12:37:14+00:00,netral
dgn kasih ampun.,2025-04-19 12:35:35+00:00,netral
ketangkap baru nangiss.... makan duitya ketwa2😂😂,2025-04-19 12:35:03+00:00,positif
"Knpa ko nangis ,kasihan enankkk ya jdi virall",2025-04-19 12:34:59+00:00,negatif
udah kenyang,2025-04-19 12:30:50+00:00,netral
ngapain nangis pa? kan udh tau resikonya korupsi klo ketauan ketangjep yeuuy bapa drama banget deeh paaaa,2025-04-19 12:28:53+00:00,negatif
Sebentar kok pak g usah melow gitu . Bapak diKonoha loh bukan Korut .,2025-04-19 12:28:12+00:00,negatif
"Ingat pesan ibumu Pak....anak laki2 gak boleh menangis, harus tegar dan gagah, segagah saat Jonimu bangun pagi...😁",2025-04-19 12:26:46+00:00,negatif
Cemen bnget.saat ambil uangnya dia tertawa😂nikmatilah hasil usahamu,2025-04-19 12:22:27+00:00,negatif
duitnya d pke apa pak,2025-04-19 12:15:48+00:00,netral
tidak ada temannya lagi itu? ...,2025-04-19 12:14:39+00:00,negatif
tenang pak.cuman dua tahun,2025-04-19 12:13:54+00:00,positif
tangisan buaya,2025-04-19 12:13:16+00:00,positif
"kereen tuh rompinya tambah gagah perkasa, ngapain nangis",2025-04-19 12:10:30+00:00,negatif
air mata biawak,2025-04-19 12:09:49+00:00,netral
astagfirullah ..tangsel..kampung gw,2025-04-19 12:06:24+00:00,negatif
jangan nangis apa lagi malu pak itu udah jd budaya di negri kita harus bangga,2025-04-19 11:53:17+00:00,negatif
😜😜😜😜😜,2025-04-19 11:50:15+00:00,positif
"air mata tikus,,,!! 😂😂😂😂",2025-04-19 11:39:53+00:00,positif
Korupsi - Nangis itulah senjata Ampuh.,2025-04-19 11:38:15+00:00,negatif
😂,2025-04-19 11:37:07+00:00,positif
bingung dia gak bisa Makan enak secara bebas lagi..makanya nangis😁,2025-04-19 11:35:51+00:00,netral
Haha,2025-04-19 11:34:23+00:00,negatif
"sdh ketangkap baru nangis, jentelmen dong jd laki2 hadapi pemjara sesuai kelakuan mkn duit rakyat",2025-04-19 11:31:06+00:00,positif
Koruptor mewek 😂😂😂,2025-04-19 11:29:54+00:00,negatif
jangan nangis Bang nikmatin duit ga nangis.,2025-04-19 11:28:18+00:00,negatif
😂😂😁,2025-04-19 11:24:36+00:00,positif
nikmat yg mana lagi yg kamu dustakan,2025-04-19 11:21:16+00:00,negatif
seharusnya bahagia pk udah punya uang banyak,2025-04-19 11:21:05+00:00,netral
"andai nangisnya waktu makan duit korupsi,mngkn gk akan sbnyak itu.
klo uangnya sdh habis baru nangis anak tk jg bisa",2025-04-19 11:20:50+00:00,negatif
jangan di tahan sudah nangis gitu berarti dia menyesal kita sebagai umat beragama harus saling memaafkan,2025-04-19 11:20:39+00:00,negatif
"paling juga di vonis sebentar, duitnya kan banyak",2025-04-19 11:20:27+00:00,negatif
Semoga DPR SEGERAENGESAHKAN UUD PERAMPASAN ASET BAGI PELAKU KORUPSI,2025-04-19 11:19:36+00:00,negatif
"udah kenyang
🤣😂🤣😂🤣😂🤣",2025-04-19 11:15:51+00:00,netral
sampah juga sampai dikorupsi ya,2025-04-19 11:14:06+00:00,negatif
"Kasihan dng keluarga Bapak ini, gmana sebaiknya beliau dibebaskan, lalu gajinya dinaikan sesuai dng kehidupan mewah beliau sekeluarga, (mengetik sambil kerokan masuk angin😭😭)",2025-04-19 11:05:25+00:00,netral
bertobat lah,2025-04-19 10:58:07+00:00,negatif
dingin kopi kau,2025-04-19 10:55:12+00:00,netral
paling 3 tahun. jadi AsN blom tentu dpt uang segitu,2025-04-19 10:49:40+00:00,negatif
"kenapa nangis ,atau baru sediki korupsinya ?🤣🤣🤣",2025-04-19 10:48:56+00:00,negatif
punya duit 75m kok nangis 🤣🤣🤣,2025-04-19 10:47:11+00:00,negatif
hukuman ringan ko nangis lebay lu,2025-04-19 10:46:49+00:00,negatif
kemaren kau ketawa wkt korupsi...kog nangis skg apa nangis bahagia gtu pak,2025-04-19 10:45:37+00:00,negatif
😅😅😅😅😅😅😅,2025-04-19 10:44:08+00:00,positif
waktu ngambil uang ngak nangis udah di tangkap nangis,2025-04-19 10:20:30+00:00,negatif
lagi lucu lucu nya.😂😂😂,2025-04-19 10:18:50+00:00,positif
75 m masi pake nangis. nanti keluar juga masi bisa nikmatin kok 😂😂,2025-04-19 10:12:43+00:00,negatif
ape yg bapak tangisin jadi bingung saya,2025-04-19 10:10:57+00:00,negatif
waktu korupsi ketawa2😅😅😅,2025-04-19 09:07:41+00:00,negatif
75 M bro anak istri loe dah makmur😂😂😂,2025-04-19 09:00:12+00:00,negatif
"perlakuannya masih baik yah sampe di peluk2in gitu, beda dengan maling ayam dan yg ambil pisang setandan sampe diarak2 cuma pake daleman doang",2025-04-19 08:50:25+00:00,netral
"DLH korupsi 75 M 👍👍👍 tenang pak nyantai aja semua aset2mu gak akan disita negara, anak2, istrimu aman gak akan kebingungan hidup sehari",2025-04-19 08:44:55+00:00,negatif
ini yg buat miskin orang banyak,2025-04-19 08:40:02+00:00,negatif
tangis bahagia,2025-04-19 08:24:33+00:00,positif
udeh gk usah nangis. kan udh dapet 75M,2025-04-19 07:21:22+00:00,negatif
pantes kalo lewat Tekno arah pasar Serpong banyak mobil sampah pada ngantri ternyata duit nya di korupsi,2025-04-19 06:53:37+00:00,negatif
😂😂😂😂bangsat juga malingmilyaran..😂,2025-04-19 06:15:37+00:00,negatif
komentar,timestamp_readable,positif
bahkan sampah pun di korup. ini negara apa sih coooo 😭😭😭,2025-04-17 06:56:58+00:00,negatif
wah klo presiden denger pasti di bebasin nih 🤣🤣,2025-04-17 07:51:45+00:00,negatif
tinggal mulyono blm d tangkap,2025-04-17 11:23:50+00:00,netral
"75,9 milyar buat makan 😂. makanan apa tu yg dikasi ke anak istrinya.",2025-04-17 04:44:37+00:00,negatif
"astagaa cuma 75M ga buatmu miskin
kasian loh istrinya nangis
pak hakim tolong bebasin ya, kan cuma 75M",2025-04-17 07:43:26+00:00,negatif
negara ini kayaknya perlu di reset ulang ga sih saking bobroknya 😳,2025-04-17 09:07:02+00:00,negatif
"75,9M anak istrinya makan apa?",2025-04-19 08:03:03+00:00,positif
"Lelaki menangis itu . tanda nya dia bener"" sakit hatinya .",2025-04-17 10:50:07+00:00,negatif
"Pantesan tukang pengangkut sampah perumahan pernah bilang gaji dia sebulan cuma 300rb, larinya ke kantong dia toh!",2025-04-17 07:44:11+00:00,negatif
air mata buaya🤣,2025-04-17 05:57:59+00:00,positif
pas dapat duitnya pasti ketawa² pas di tangkap baru nangis,2025-04-17 07:31:36+00:00,negatif
"gak kebayang kalau negara ini dikelola dengan baik, negara2 arab saja bisa sekaya itu hanya dengan minyak.. kita nikel, emas, tembaga, kopi, timah buanyak banget..",2025-04-19 00:39:22+00:00,negatif
"bebasin aja pak, jgn pisahin anak sama bapak nya, anak nya gak bersalah 😭😭😭",2025-04-17 08:51:32+00:00,negatif
"kabid doang gak mungkin sebanyak itu. pasti banyak yg dapat ini mah, gak mungkin atasan gak tahu",2025-04-17 08:02:04+00:00,netral
"75,9 M kasih makan anak istri makan apaaan Boss 🤣🤣",2025-04-18 05:15:08+00:00,positif
Soundnya buat pesona Indonesia keknya cocok 🤣,2025-04-17 06:58:14+00:00,positif
"Ini negera gimana sih? timah, pertamina, sampah dll semua di korupsi",2025-04-17 09:25:04+00:00,negatif
"kpingin setahun aj gtu negri ini bnr2 gk ad korupsi
masa hmpir 1-2 minggu psti ada aj berita klo ga korupsi ya kasus pulici",2025-04-17 10:07:33+00:00,negatif
ikhlaskan saja bos 75.9 tidak membuat negara miskin kok🥰,2025-04-17 13:44:00+00:00,negatif
75.9M di buat beli makanan apaan😅 pepes paus? rawon jerapah? atau burung onta goreng?😭,2025-04-17 09:00:24+00:00,negatif
negara ini kayak nya butuh kudeta biar bersi di pemerintahan.,2025-04-17 12:12:35+00:00,positif
Mana berani indonesia membuat UU perampasan aset dr korupsi 😏,2025-04-21 04:18:51+00:00,negatif
"tangisan yg gk bikin sedih sama sekali..
🤗🤗",2025-04-17 04:32:10+00:00,negatif
"Pak Prabowo tolong lah dia, benar benar kasihan pak anak istrinya sprt kata bapak, aku benar2 ikut merasakan suara tangisan lagi ngelayat pak…",2025-04-17 06:30:14+00:00,negatif
"kata pak wowo gpp, yg penting anak istri ngk menderita. jd harap dibebaskan dan jgn disita",2025-04-17 06:54:18+00:00,negatif
lebih kasian tangisan orang yang ditangkap karena memelihara landak jawa,2025-04-19 02:10:13+00:00,netral
"75,9 miliar tidak akan membuat anda miskin",2025-04-17 06:32:12+00:00,negatif
kaya dengerin nyanyian di opera😭,2025-04-24 13:28:29+00:00,positif
"""HeEeEeEeEeE"" 😹😹😹",2025-04-22 12:15:50+00:00,netral
damn,2025-04-21 12:57:02+00:00,negatif
"kamera 😭
no 😜[laughwithtears]",2025-04-21 12:30:22+00:00,negatif
hmmppp Denis denis😹,2025-04-24 13:23:31+00:00,positif
hah?,2025-04-22 13:04:06+00:00,negatif
Howwwowowowow🤣,2025-04-21 10:16:43+00:00,positif
pesona Indonesia harus liat ini 😆 GK lama pasti dipake ini sound nya 🤣,2025-04-17 12:44:35+00:00,netral
"makan apa sie sampe 75 miliar apa nyemilin emas tiap hari,lah kita 100rb buat seminggu sampe diputer2 tu duit",2025-04-17 12:02:10+00:00,negatif
enak banget ini kalo di jadiin sound hahah😭😂,2025-04-17 05:47:01+00:00,netral
tuh kn di negara kita mah sampah juga di korupsi 🤣,2025-04-20 04:44:27+00:00,negatif
Kalo yg ini bakal dijadiin sound gak ya sama Pesona Indonesia🗿,2025-04-17 07:50:28+00:00,netral
Ketahuan nangis nangis kalau nggak ketahuan ketawa ketawa 🤣,2025-04-17 08:29:27+00:00,negatif
alasan korupsi : tuntutan anak istri agar standar hidup tinggi,2025-04-18 01:04:40+00:00,negatif
"udah lah makin ga percaya sama pejabat negara,udah muak sy penegag hukum di negri ini😭",2025-04-17 10:10:50+00:00,negatif
Makan apa anak istrinya sampe 75.9 milyar? Tiap hari motong kambing? Tiap hari booking resto padang Pagi Sore? Atau makan siang di Singapore? Maaf Pak...tangisan bapak gak mempan.,2025-04-18 05:13:56+00:00,negatif
pas nerima duit bahagia ya pak... pas gini nangis2 😩😩😩😂,2025-04-19 13:56:32+00:00,negatif
maafkan saja. kasian anak dn kluarga y nanti mau mkn apa. ya ga pak wo?,2025-04-17 04:59:21+00:00,negatif
mksdnya korupsi sampah t kekmana?,2025-04-17 12:46:57+00:00,negatif
negara ini butuh sosok yg mau meng inisiasi seperti the punisher atau daredevil dan yang lainnya,2025-04-17 13:38:14+00:00,negatif
tangisannya menyayat hati ... 🤣🤣🤣🤣,2025-04-17 07:26:09+00:00,positif
"makan apa anak istri Luh Ampe 75,9M pak???makan Bantar gebang???😳😳😳",2025-04-17 13:17:08+00:00,negatif
ibunya nangis sadar ga si??? 75 M ny kemana??,2025-04-17 08:53:20+00:00,negatif
itu suara asli? asli nangissnya gt?? bapak itu nangisnnya gt?? seriusss??😳,2025-04-17 07:57:56+00:00,negatif
baru kali ini liat orang nangis tapi aku ngga ikut nangis😌,2025-04-17 11:16:41+00:00,netral
lah rx king nya mana kok ada nya suaranya aja,2025-04-17 06:19:28+00:00,negatif
"MAKAN APA ANJ YG SAMPE 75,9M",2025-04-19 07:24:17+00:00,netral
kalo di hutan serem ada suara kayak gini 🤑,2025-04-17 08:37:31+00:00,negatif
"makan apa sampek 75 m,",2025-04-17 06:47:54+00:00,netral
kayaknya salah pilih negara kita guys😭,2025-04-17 07:20:06+00:00,positif
anak istrinya makan apa sampe 75.9 M,2025-04-24 17:45:14+00:00,negatif
"bahkan urusan sampah pun bisa dikorupsi......
hdewww...",2025-04-17 22:13:54+00:00,negatif
Lepaskan saja pak. Itu masih kecil . nah yang 1000 Triliun aja gak ada kabarnya sampai sekarang 🗿,2025-04-17 07:39:07+00:00,negatif
Pantes tangsel yg bagus dr developernya jaya doang,2025-04-17 15:22:38+00:00,netral
"Tenang bu ,tidak akan dirampas kok assetnya . Kan sudah ada yg jamin he he
""kasihan keluarganya kl di sita""",2025-04-17 05:36:07+00:00,negatif
"Sudah menyusahkan dan menyengsarakan rakyat terus minta di bebaskan?? Anda siapa pig?? 😅😂🤣 ""SETUJU KAH JIKA YANG KASUS KORUPSI HARUS DIMISKINKAN 7 TURUNAN"" Silahkan Like dan Komentari sesuai dengan unek-unek kalian 😂😅🤣",2025-04-17 08:08:18+00:00,negatif
"dri camat lurah,,ke atas smua korupsi pejabat pemerintah",2025-04-17 09:46:21+00:00,negatif
Sampe ke SAMPAH di korup juga 😂😂😂,2025-04-19 01:21:04+00:00,negatif
"sengaja nangis, sengaja berkelakuan baik biar penjaranya 2 tahun duitnya masih sisa",2025-04-17 08:59:51+00:00,negatif
suara nangisnya kok sama persis kayak mainan kaktus anak saya,2025-04-17 10:58:30+00:00,negatif
🤪🤪🤪 kalau lagi nikmati uangnya lupa daratan tp jika tertangkap nangis kayak bocil,2025-04-17 11:35:37+00:00,negatif
"emang makan apa sampai M.M an🤣,masyarakat aja gaji umr aja di cukup² kan makan sebulan",2025-04-17 13:18:15+00:00,negatif
makan anak istri berapa kecamatan sih abis puluhan milyar gitu 😭,2025-04-17 17:00:51+00:00,positif
tombol refresh buat negara ada ga si coooo😭,2025-04-18 07:57:25+00:00,positif
yg nangis yg mana sih🤣🤣,2025-04-18 14:33:40+00:00,netral
😂😂😂klo ga ketauan pasti diam menikmati😂😂😂,2025-04-17 08:19:34+00:00,negatif
mantap nih di jadiin sondnya,2025-04-17 04:48:53+00:00,negatif
korup 75.9M minta di bebasin ...otaknya pake,2025-04-17 08:01:47+00:00,negatif
tag admin pesona Indonesia ✌️,2025-04-19 02:02:57+00:00,positif
"istri diksih 75,9 M masih kurang ? kok nangis",2025-04-18 06:18:55+00:00,negatif
judul lagunya apa ini...????,2025-04-17 08:05:59+00:00,negatif
negara apaan si iniii,2025-04-17 13:14:52+00:00,positif
jadikan nada dering seru kayaknya buat nakutin temen kalau malam Jumat,2025-04-17 10:43:29+00:00,negatif
kasian anak istrinya....😁😁😁😁😁😁😁😁,2025-04-17 08:56:54+00:00,positif
makan apa sampe milyaran gitu ???,2025-04-17 16:37:20+00:00,negatif
uangnya kan buat makan anak bini kan? tenang probowo denger dia gak bakal tega anak bini jadi korban. tennang pak ....kita adu in aja ke probowo yg berani penjarain bapak....,2025-04-17 07:06:47+00:00,negatif
"penasaran anak istrinyaa makan apaya smpe 75,9 mliarr ☺️☺️",2025-04-17 16:23:52+00:00,negatif
"kasian anak istrinya, ampuni sj
kata prabowo😂",2025-04-17 07:28:36+00:00,positif
"75 milyar buat makan anak istri, gua curiga makanan anak ama bini nya, jangan """,2025-04-17 07:03:13+00:00,negatif
dimaafkan aja kasian anak istrinya kalo sampe di sita ..,2025-04-17 05:35:23+00:00,negatif
"75,9M untuk makan anak istri,
anak istri nya se provinsi kali ya",2025-04-17 13:00:22+00:00,positif
Kasian anaknya 😭,2025-04-17 13:35:11+00:00,positif
"poya"" di medsos mkn"" Enk ,mobil mewa ternyata oh ternyata 75,9M Sounds nya pas bgt 😂😂😂",2025-04-17 13:25:24+00:00,negatif
"75,9 M di pake makan di mana coba kasih tau dan rinciin 😭",2025-04-17 09:41:47+00:00,negatif
"sing dipangan opo kui ngasi 75 ,9 M.kie...
restoran sak gedung2 e pow...",2025-04-17 06:29:39+00:00,negatif
"75,9 miliar buat makan anak istri atau buat GAYA HIDUP ? ibu bapak gua sampe gua nikah lagi ngabisin uang buat makan gak sampe mungkin 2M juga 😡",2025-04-18 04:42:07+00:00,negatif
"negri ini,sampah pun bisa di korupsi.
wadawww.",2025-04-17 23:49:01+00:00,negatif
aku dengar tangisnya antara mau ikut sedih apa mau ketawa ya 😭😭😭🤣🤣🤣,2025-04-18 14:26:17+00:00,negatif
jangan nangis pak..pasti kuat pak...cuma 3 tahun pak 💪,2025-04-17 10:25:13+00:00,netral
kirain lagi seriosa,2025-04-17 13:58:47+00:00,netral
"Tangsel harus diaudit sih di segala sektor, udah parah bnget emang
btw maen maen kesekitaran muncul Setu",2025-04-17 07:48:52+00:00,negatif
Pecah perut Klau makan sampai 75m,2025-04-17 15:54:42+00:00,negatif
masa klo cuma buat anak istri sampe 75M. gak kebanyakan tuh? 😅😂🤣,2025-04-17 11:28:54+00:00,netral
cocok ini masuk ke indosiar🗿,2025-04-17 11:03:07+00:00,positif
emang anak sama istrinya makan apa sampe miliaran korupsi nya,2025-04-18 01:20:09+00:00,negatif
"makanan apa 75,9 anj",2025-04-18 14:24:21+00:00,netral
gua kira lg nyanyi sinden laahh😌,2025-04-17 05:59:32+00:00,positif
anak istrinya makan apaan sampe bisa segitu banyak korupsinya.. sehari makan 10juta kah ampe rela bapaknya korup😂😂,2025-04-17 11:56:42+00:00,negatif
uang yg di sita di bawa kemana ya,2025-04-17 15:51:10+00:00,negatif
malam hari pakai sound ini pasti pada lari 🤣😂😂😂😅😅,2025-04-17 05:21:07+00:00,netral
prabowo : apakah adil anak & istrinya menderita?,2025-04-18 02:43:36+00:00,netral
gw kira istri nya lagi nyanyi seriosa 🗿🗿🗿,2025-04-17 07:45:34+00:00,positif
tebak hukuman 😹,2025-04-19 01:48:02+00:00,negatif
kok minta di bebaskan ??? kadang saya heran !! kok bisa segampang itu,2025-04-17 05:51:08+00:00,negatif
njirr tiap hari anak istrinya makan kaviar 🤣🤣,2025-04-17 16:37:29+00:00,positif
kira gw lagi nyanyi seriosa..😫😫,2025-04-17 09:57:36+00:00,positif
suara stater motor cuyy😹😹😹,2025-04-17 08:56:28+00:00,positif
"maafkan saja dia pak Secara kekeluargaan, lagian cuman 75 miliar gak membuat negara miskin😁😁",2025-04-17 07:27:25+00:00,negatif
Itu keluarganya makan berlian kali ya 75 milyar,2025-04-17 14:07:42+00:00,negatif
paling penjara 10 thun 🔥☺️,2025-04-17 12:17:55+00:00,negatif
ada yg lagi seriosa rupanya,2025-04-17 09:40:02+00:00,netral
75M bisa buat makan brpa puluh tahun?,2025-04-17 11:31:22+00:00,netral
"Yg pertamina itu sekarang kek mana?? ""Bertanya dengan nada lembut sekali""",2025-04-17 10:53:45+00:00,negatif
pengadilan: karena saya merasa kasihan saya kasih potongan vonis 😹,2025-04-22 09:45:59+00:00,negatif
ini sound asli kah😭😭😭,2025-04-18 15:43:27+00:00,positif
kata pak presiden bisa dimaafkan🤝😂,2025-04-17 06:33:27+00:00,positif
75m makan apa tuh anak istri lo??,2025-04-17 11:50:38+00:00,negatif
jgn nangis. paling ma 2 th... bisa jg 5 bulan bebas,2025-04-17 06:20:41+00:00,negatif
LEBIH KASIHAN NENEK YANG MENCURI KAYU,2025-04-22 12:02:37+00:00,negatif
emg anak bini lu makan emas berlian?,2025-04-23 11:04:09+00:00,negatif
negara ini kaya tapi dikelolah oleh org yg salah,2025-04-23 10:16:32+00:00,negatif
75.9 Miliar buat makan? itu berapa porsinya woi😹,2025-04-22 12:16:40+00:00,negatif
sampah aja di korup hah why bro is negara apa iniiiiiii😭 sehhhhhhhh OMG OMG lebih kasian nenek di tangkap maling kayu tujuh tahun itu lebih kasian 😭,2025-04-22 12:30:27+00:00,negatif
"Harusnya rakyat yang nangis, bukan yang korupsi 🤣🤣🤣",2025-04-22 05:57:26+00:00,netral
tadi kirain ada opera,2025-04-22 11:39:55+00:00,positif
"tumben nangis, ini termasuk 10 keajaiban dunia gk sih?",2025-04-22 15:17:42+00:00,positif
simpan tangisanmu untuk di neraka nanti,2025-04-22 12:45:22+00:00,netral
yaelah cuma 2 tahun aja kok,2025-04-23 09:14:32+00:00,negatif
nahan berak itu🗿,2025-04-23 13:17:32+00:00,negatif
anjay makan pake uang sebanyak 75.9M. tiap hari ke restoran bintang 5 yak sampe buat makan doang segitu banyak😂,2025-04-24 07:15:28+00:00,positif
"75,9M buat makan berapa tahun co🗿",2025-04-22 11:55:13+00:00,positif
buat makan?makan apa sampe segitu🗿,2025-04-24 11:30:57+00:00,netral
"prabowo : sini kembalikan uangnya, nanti saya bebaskan",2025-04-21 08:21:28+00:00,negatif
Kok kek ada yg ganjell ya dari setiap kasus korupsi terkuak saat2 ini .. 🗿,2025-04-21 12:12:57+00:00,negatif
apa atuh ah Indonesia mah yg gak di korupsi,2025-04-20 23:35:58+00:00,negatif
nangis bahagia dengan 75m nya🗿,2025-04-23 09:00:05+00:00,positif
kasiannyeeeee🗿,2025-04-22 14:25:47+00:00,positif
kita kan juga butuh makan emg keluarga situ doang,2025-04-22 11:59:27+00:00,positif
"Ingat gess Indonesia Tanah Air _BETA_
update nya kapan ya",2025-04-22 10:33:48+00:00,negatif
"75,9 milyar untuk makan?????",2025-04-22 10:13:14+00:00,negatif
Malah seriosaa an 🥲🥹🥹🥹,2025-04-18 05:27:59+00:00,netral
"kata pak prabowo, kasihan anak istri nya. jadi lepasin aja😅",2025-04-18 01:39:10+00:00,positif
kok semua bisa di korupsi ya....gajinya kurang banyak kah apa gimana,2025-04-18 04:38:58+00:00,negatif
uang segitu emang dia makan apa? nasi dr emas kah???,2025-04-17 07:02:54+00:00,negatif
malah nangiss,2025-04-17 06:33:25+00:00,negatif
saya mau uang 75 miliar..di tahan gpp...,2025-04-17 08:11:57+00:00,negatif
apa beneran tu sound beliau,2025-04-17 12:25:12+00:00,positif
Yaallah perkara sampah aja sampe diborgol. Semangat ya pak 🥺🙏 semoga ada keadilan buat bapak dan cepat memakai baju orange 🙏,2025-04-17 07:18:56+00:00,negatif
emang perut anak & isteri segede apa kok makannya habis banyak?,2025-04-17 09:35:30+00:00,negatif
makan apa 75 miliar. buat makan 7 turunan 😂,2025-04-19 12:07:53+00:00,negatif
😂😂😂😂 aq cari org yg LG nyanyiin manaaaaa..... g taunya diaaaaa 😂😂😂,2025-04-18 14:25:26+00:00,negatif
"klo 75,9 M buat beli makan ayam geprek, punah tuh ayam",2025-04-18 19:03:54+00:00,negatif
mkn kok sampai 75.9M emang sekali mkn satu pabrik kah,2025-04-18 02:59:01+00:00,negatif
"75,9 m🥺🥺🥺🥺🥺
bisaa menghidupi brpaa wargaaa itu yaaa",2025-04-17 09:35:20+00:00,negatif
"kasih makan kok sampai segitunya 75,9 m behh",2025-04-19 16:01:39+00:00,negatif
nangisnya penuh dengan fibra,2025-04-19 01:32:16+00:00,positif
"penjara pun paling 1 tahun denda 1 M,, masih untung banyak",2025-04-17 10:44:07+00:00,negatif
makan ampe 75.9m makan apa bu 😭😭😭,2025-04-17 09:05:46+00:00,negatif
"76,9 cuma buat makan? apa foya-foya",2025-04-19 06:47:12+00:00,negatif
itu kaya suara ketawa ya,2025-04-17 07:51:23+00:00,negatif
"woi lu 75,9 miliar buat makan anak istri? lah kami rakyat kecil 30 ribu dah cukup sehari",2025-04-22 05:32:48+00:00,negatif
"minimal dihukum m**i lahhh, ini palingan cuma dihukum 2tahunan",2025-04-22 04:42:55+00:00,negatif
huhuhuuhuhu😹,2025-04-23 13:32:50+00:00,positif
mungkin anak nya makan emas batangan☺️,2025-04-22 08:39:11+00:00,netral
Makan apa 75.9 M... 😔,2025-04-22 09:48:31+00:00,negatif
itu nangis apa opera😂😂,2025-04-22 10:50:40+00:00,negatif
lebih berarti tangis bapak atau tangis jutaan orang di luar sana pak?,2025-04-21 05:29:24+00:00,negatif
kami yang keluaran nya 500 ribu perminggu masih diam aja 🙂,2025-04-24 14:20:41+00:00,negatif
kirain lagi nyanyi opera 😔🤭,2025-04-22 13:45:14+00:00,positif
Malah ketawa 😹,2025-04-24 14:23:58+00:00,netral
suara nya cocok di jadiin meme😂,2025-04-22 07:14:32+00:00,positif
ang ang ang ang ang ang ang ang,2025-04-22 09:04:08+00:00,netral
"""hem, hem, hem, hem "" 😂",2025-04-22 10:08:05+00:00,positif
makan ap bang 75.9 M,2025-04-21 09:09:57+00:00,netral
berita biasa ini mah😹,2025-04-22 10:39:48+00:00,netral
makan apaan? nasi goreng lauk yacht kah,2025-04-24 14:28:34+00:00,negatif
"Luar biaya Biaya untuk anak istri nya 75,9Milyar.
Masih keren bapak gw meski bayar nya UMR tapi bisa kuliahin 2 anaknya sampe lulus ,tanpa korup.
👏🏼👏🏼👏🏼",2025-04-22 03:10:25+00:00,negatif
"100k sehari buat makan aj masih hidup sampe sekarang,ini 75.9M?makan apaan emang?makan berlian sama minum air lelehan emas tiap hari?",2025-04-25 05:18:21+00:00,negatif
"mau beli apa woy 75.9 Miliar??
Mau beli Caviar Se ton?🤭",2025-04-25 05:26:53+00:00,negatif
biar apa nangis kek gitu😹,2025-04-24 12:17:23+00:00,netral
kirain td perempuan yg nangis 🙂,2025-04-21 09:47:42+00:00,netral
positif thinking aja mungkin keluarganya makan makanan yang ditaburi emas setiap harinya 😂,2025-04-24 11:31:03+00:00,netral
"ya kali makan 75 miliar, keknya dibawah 10 juta udh cukup deh",2025-04-21 10:07:27+00:00,negatif
"75,9M buat makan apa pak?!",2025-04-22 13:18:05+00:00,negatif
sampah aja di korup njir la,2025-04-22 06:59:30+00:00,negatif
"tar tar ngelag nih saya, maksudnya korupsi sampah gimana ya? sampahnya dijual abis itu di korup gitu kah?🙏",2025-04-30 16:28:36+00:00,negatif
makan kog milyaran..tuh duit hrsny dpke utk makan jutaan rakyat eh dimakan utk 1 kluarga doang,2025-04-18 00:01:45+00:00,negatif
Di Jogja kayaknya juga harus diselidiki deh. Pengelolaan sampah disini Ancur banget. Sampe orang bakar Sampah dimana mana saking sulitnya,2025-04-17 15:38:46+00:00,negatif
orang dgn gaji umr yg ngidupin anak istri harus lebih keras nangisnya dari ini🤣,2025-04-17 17:05:14+00:00,netral
petinggi negeri ini sngt pandai membuat drama lebih hebat dr telenovela..😁😁,2025-04-17 13:53:39+00:00,positif
ko orang disitu bisa pada gaketawa si😭😭😭,2025-04-18 08:14:02+00:00,netral
mohon maaf 🙏 kirain dari awal suara nyamuk ternyata 😂🤣🤣,2025-04-17 15:30:45+00:00,negatif
pas mkan 75 M malah ketawa2..,2025-04-17 12:05:38+00:00,negatif
"Bebaskan dia, ketua !
dia layak bahagia",2025-04-18 03:22:29+00:00,positif
"duhh menyedihkan sekali ketangkep,nanti anak istrnyai siapa yang kasih makan 😁😁😁.",2025-04-17 05:15:05+00:00,negatif
"gaji sy cuma 800rb sebulan tpi cukup untuk anak istri, apa lagi 75,9 miliar ya",2025-04-18 10:49:34+00:00,negatif
"makan apaan sampe 70 milira, beliin wagyu makan tiap haripun gaakan habis",2025-04-18 15:56:00+00:00,negatif
tangisan 75M 😭😭😭,2025-04-18 15:42:47+00:00,netral
Gue baca & cernanya: sampah yg dikorupsi buat dikasih makan ke anak istrinya 😅,2025-04-18 15:29:06+00:00,netral
"75,9 M utk mkn ank istri (???) itu bisa kasih makan 1 kecamatan 3x sehari dlm beberapa bulan, kocak 😂😂",2025-04-19 01:56:51+00:00,negatif
kalau pas jalan dihutan sendirian ada suara begitu lumayan horor juga tuh,2025-04-17 05:15:03+00:00,negatif
"tagisanmu itu krn prbuattanmu sendiri,tagissan rayat kecil krn prbuattan kalian",2025-04-19 03:41:09+00:00,negatif
"ngasih makan anak istri pake duit haram, nauzubillahi min dzalik!!",2025-04-19 02:27:18+00:00,negatif
"makan apaan sampe 75,9 miliar? makan uang rakyat iya",2025-04-19 04:55:32+00:00,negatif
"luarnya aja keliatan nangis,padahal dalamnya dia tertawa terbahak2",2025-04-17 09:29:28+00:00,negatif
"kasihan untuk yang gak punya kesempatan korupsi.apalagi petani, bisa korupsi apa weyyy",2025-04-19 06:19:24+00:00,negatif
"trik lama 🤣🤣, eh tapi kalo dia bersikap baik pasti bebas & bisa nyalon lagi🤣🤣",2025-04-17 06:49:52+00:00,netral
Kadisnya tidak diusutkah,2025-04-17 08:34:58+00:00,negatif
"lagi dan lagi akan terus sprti ini,tumbuh subur dibumi konoha👍",2025-04-20 04:26:18+00:00,positif
bentar lagi viral sound nya 😎😎,2025-04-17 06:18:50+00:00,negatif
stock buat makan se kabupaten juga bisa itu mah anjir,2025-04-18 06:17:06+00:00,netral
klo takut ketahuan ngapain korupsi kocak,2025-04-19 03:09:44+00:00,negatif
udah dapat 75.9 Miliar saja nangis😭,2025-04-19 02:39:35+00:00,negatif
"bahagia bangat si bapak, sampe ketawa ngakak gitu 🗿",2025-04-17 05:07:30+00:00,positif
"Bagusnya semua pejabat ganti, di pensiunkan dini semua",2025-04-17 15:39:31+00:00,negatif
"korupsi ada dimn"",mau maju gmn ini",2025-04-22 06:39:18+00:00,negatif
"bg tombol reset data dimana ya bg,data gw isinya hampir berita korupsi semua🗿",2025-04-23 10:21:51+00:00,negatif
"Buat aja peraturan baru yaitu Denda 2 Kali lipat dari total nominal yang di korupsi dia, terus di tagih sampai lunas, daripada hukuman mat1 dan perampasan aset?",2025-04-30 15:46:54+00:00,negatif
mntappp pk prabowo,2025-04-24 14:24:26+00:00,netral
"makan nya apaan 7,5 m",2025-04-25 03:21:09+00:00,netral
seriosaa yaa...merdu bangett😁,2025-04-28 16:36:43+00:00,netral
"bpk gw aja bawa 100rb buat makan dah cukup lah ini 75,9M😑🗿",2025-04-25 03:18:53+00:00,negatif
"woww 75,9 Miliar buat makan berapa tahun pak? terus menu nya apa?",2025-04-21 22:37:20+00:00,negatif
"owalah ternyata sound yaa,ta kirain beneren nangis nya begitu 🤭",2025-04-21 13:56:57+00:00,netral
kl di bikin soundtrack film bgus .suara nya...,2025-04-21 14:31:21+00:00,netral
kok sedikit betul yaa🗿,2025-04-22 08:22:44+00:00,netral
"Lagu nya enak banget nih, cocok buat tambah rasa pusing di kepala",2025-04-21 14:51:41+00:00,netral
"15k aja dah dapet naspad, lah ini 75 milliar 😹",2025-04-24 03:42:51+00:00,negatif
nangis nya lucu banget😂,2025-04-24 05:42:12+00:00,positif
Makan apaan 75M,2025-04-21 14:28:15+00:00,netral
tombol reset negara,2025-04-21 16:02:27+00:00,positif
negara macam apa iniiii!!,2025-04-24 05:58:24+00:00,positif
Lebih kasihan orang yg ditangkap mencuri makanan gara gara anaknya kelaparan.,2025-04-28 15:07:45+00:00,negatif
HM HM hm hm hmuhuhuhuh hmh mhhmhm,2025-04-23 14:33:30+00:00,negatif
suara nya lucu😹😹😹,2025-04-23 14:19:52+00:00,positif
"75,9 m makanan apaan anjay buat sewa gordon ramsey kah",2025-04-24 09:12:15+00:00,negatif
"makan apa pak, 75 M???",2025-04-21 12:22:45+00:00,negatif
malah nyanyi seriosa,2025-04-24 06:59:18+00:00,netral
Astaghfirullah haladzim..... Sampah aja masih di korupsi,2025-04-22 04:10:32+00:00,negatif
"gak usah nangis begitulah.. kan udh makan 75,9M buk..",2025-04-22 04:21:59+00:00,negatif
hahaha,2025-04-23 13:04:54+00:00,negatif
lebih kasihan lg org yg diambil jatah bagiannya 😭😭,2025-04-22 00:51:00+00:00,negatif
😭 takut ada suara kunti,2025-04-21 12:32:44+00:00,netral
berani berbuat berani bertanggung jawab,2025-04-21 23:14:58+00:00,positif
bisa kah di hukum seberat berat nya,2025-04-30 18:58:20+00:00,netral
udah kenyang pak😂,2025-04-22 00:03:03+00:00,netral
lah? negara apa? 😭😭😭,2025-04-25 12:13:04+00:00,negatif
si Walid harus tau nihh 😂,2025-04-22 07:23:58+00:00,negatif
Yeeee nanggis2 si ibu kmrn duitnya diapaain aja lupaaaa dr si bapak,2025-04-21 12:03:51+00:00,negatif
serius dah dia nangis kenapa anjir??,2025-04-18 04:34:28+00:00,negatif
bro колтоІ koruptor ресан😹,2025-04-20 13:22:16+00:00,negatif
lagi korupsi lie senang2... sekarang nangis -- tangkap dan MISKINKAN,2025-04-18 06:38:07+00:00,negatif
"besok saya Bawak anak sama istri nya makan di warteg pak,gak sampai habis 20.000 udah kenyang pak, jgn sedih lagi pak ya😁",2025-04-19 06:32:12+00:00,negatif
Nah this nation are cooked,2025-04-18 06:15:00+00:00,negatif
nunggu pesona Indonesia pake sound ini😂,2025-04-18 12:21:59+00:00,positif
"gua heran saking kayanya negri ini semua bidang pemerintahan dikorupsi Masya Allah,coba klo bener²negri ini dikelola dengan penuh tanggung jawab kaya rakyat 🇮🇩",2025-04-19 01:12:35+00:00,positif
"korupsi sampah ko gede banget,,royal kali makan nya",2025-04-18 01:32:00+00:00,negatif
LOH LOH LOH DRAMA INDOSIAR TANGISAN BAPAK GEMOY🗿,2025-04-18 05:49:59+00:00,positif
dapet duit aje ga nangis😂😅,2025-04-20 09:42:58+00:00,netral
makan apaan 75.9 M 😂😂😂😂😂,2025-04-17 13:49:35+00:00,negatif
Pas nerima duit ketawa HA HA HA HA HA,2025-04-18 08:41:42+00:00,negatif
berlakukan sudah ruu perampasan aset,2025-04-17 08:57:18+00:00,negatif
kayaknya kalo skrg2 ini korupsi 8 M tuh dikit ya.krn sdh terbiasa denger sampe triliun 😁 abis triliun itu apaan sih?suatu saat nti ada kali ya melebihi triliunan.sebenernya negara kita ini kaya loh..,2025-04-17 09:52:06+00:00,negatif
Penasaran klo gen Z yg ambil alih sistem negara gmn ya? Tapi mon maaf yg gada latar belakang korupsi nyaa yaa,2025-04-18 10:05:28+00:00,negatif
"Sampah aja dikorupsi, apalagi yang lain",2025-04-19 06:01:59+00:00,negatif
tangisan mu tidak berlaku kalau kamu berbuat salah...,2025-04-18 05:40:51+00:00,negatif
nangis atau nahan ketawa bengek?,2025-04-18 14:32:42+00:00,negatif
makan 200 juga cukup coy,2025-04-21 13:02:53+00:00,positif
aku pikir bunyi pintu awalnya,2025-04-22 02:08:08+00:00,negatif
haaa nangis???,2025-04-30 06:17:03+00:00,negatif
"lah kok nangis bro
Biar apa tuh 🤣",2025-04-21 14:24:19+00:00,negatif
buset 100 juta juga tahan tuh buat makan berapa bulan atau tahun😹,2025-04-22 06:48:37+00:00,negatif
takut bgt suara tangisannya kek permen sugus😭😭,2025-04-23 17:23:14+00:00,negatif
memberi makan anak istri dengan makanan orang lain?,2025-04-24 06:57:25+00:00,netral
"HAL TSBT BELIAU SANGAT BAHAGIA, YUU BSCK YAA",2025-04-21 08:28:31+00:00,positif
inilah mengapa RUU perampasan aset gk disahkan,2025-04-23 14:39:10+00:00,negatif
"makan apa jir sampek 75,9Miliar",2025-04-21 13:30:19+00:00,negatif
hampura ka barudak 😭😭,2025-04-21 09:07:46+00:00,positif
tebak jenis air mata 🤭,2025-04-25 02:39:58+00:00,positif
yaallah sampe sampah aja dikropsi,2025-04-21 17:39:37+00:00,negatif
makan apa jir itu bisa 7 turunan kalo pake tu uang😊,2025-04-22 06:18:49+00:00,netral
itu yg disebelah kirinya ipman yg nangkep😭😭😭,2025-04-21 14:32:23+00:00,negatif
Bebaskan le? Karna blm sampai 100 le? 🗿,2025-04-21 23:40:03+00:00,negatif
gelengkan kepala dan katakan....,2025-04-22 08:04:44+00:00,negatif
"ini sudah budaya d konaha ini...
aku rasa yg sudah sudah itu blom sbrpa.",2025-04-21 09:43:13+00:00,negatif
"75,9M buat makan anak istri? punya berapa anak istri dia? sampe sampe butuh 75,9M? se provinsi kah? daripada percaya kata-kata koruptor gw lebih percaya temen gw ketemu sama Albert Einstein",2025-04-23 10:23:13+00:00,negatif
Anjir Lah Malah Mewek 🤪🤣,2025-04-21 12:52:46+00:00,negatif
"makan apa 75,9 Miliar, 100 ribu sehari aja cukup buat makan mah 💀",2025-04-21 09:04:48+00:00,negatif
merdu bet suaranya,2025-04-24 08:15:39+00:00,negatif
makan apa sih 75 miliar?,2025-04-17 07:35:48+00:00,negatif
"untuk gaya hidup anak istri dan gaya hidup anda itu
kalau makan dari gajih pun cukup",2025-04-18 04:46:16+00:00,positif
gak pantas dirimu menangis,2025-04-17 08:30:21+00:00,negatif
"waduh dikit lagi sebut nama tuh disuruh sama siapa tuh lagian mau"" aja disuruh",2025-04-18 03:58:42+00:00,negatif
Vibranya bagus,2025-04-18 08:24:23+00:00,positif
bubarkan dpr ..riset ulang negar...bagus berdiri satu saja tak usah ganti lagi pemimpin...moga bapak aing jadi raja..amin,2025-04-19 16:35:04+00:00,negatif
75.9 M gak bikin negara ini miskin. Bebaskan pak hakim jangan kayak negara susah aja 😎😎,2025-04-17 08:12:30+00:00,negatif
anying 😅😅😅,2025-04-17 04:44:11+00:00,netral
suara tangisannya mmmmmm pret pret pret pret pret pret brotttt.......,2025-04-19 12:57:48+00:00,netral
kayaknya aku lahir salah negara apa gimana sih? 😭😭,2025-04-19 12:03:46+00:00,negatif
Sebernya yang makan bukan cuman dia aja banyak yang makan uang itu atasan nya dll dia jadi tumbal udah permainan semua itu emang fia makan uang itu tapi ga semua pasti yang lain juga makan tapi dia,2025-04-18 08:36:01+00:00,negatif
makan apaan yang sampe 75 miliar cokk😹,2025-04-19 08:58:07+00:00,negatif
75.9 M buat beli nasi bakar saya dapat bearapa truk bisa buat makan sepulau,2025-04-17 09:59:26+00:00,netral
"baru kemaren jiarah ke makam para wali di banten, BANTEN SEMERAUTTTT🗿🗿",2025-04-20 17:24:07+00:00,positif
bebas pasti ada keluarga dan berkelakuan baik 😂 pasti konoha emang lain,2025-04-17 08:06:50+00:00,positif
pakakno bakol ae,2025-04-17 07:08:04+00:00,netral
wkwkwk soundnya kocak bangat🤣,2025-04-18 07:34:21+00:00,netral
"makan makanan apa pak sampe 75,9M 😳😳😭",2025-04-22 09:07:07+00:00,positif
suara vario modelan terbaru🗿,2025-04-22 09:47:10+00:00,netral
"untuk makan anak dan istri 75,9 m, makan apaan cu🗿🗿🗿",2025-04-24 13:00:00+00:00,positif
"makan apaan 75,9M mau makan lambo?",2025-04-24 13:31:52+00:00,negatif
"memang budaya aja sih kayaknya, soalnya sesederhana dikasih duit tanpa sebab aja kita masih nerima, mungkin ketika kita punya kesempatan bisa jadi seperti mereka, apalagi kalo lingkungan mendukung.",2025-04-21 07:32:55+00:00,netral
kalau gua disitu ketwa sih pling ngakak 😂😂😂,2025-04-22 11:36:21+00:00,negatif
"75,9 m bisa buat fasilitas tempat sampah di banyak tempat, beli mobil angkut sampah baru yang lebih layak loh pak🥰",2025-04-22 11:25:08+00:00,positif
"Wkwk, harusnya di 5/10 M udah nangis ga sih? Kok nunggu sampe 75 M wkwk",2025-04-22 11:19:29+00:00,negatif
pesona BANTEN.....pasti akan lebih heboh kedepannya.........,2025-04-21 07:38:44+00:00,netral
"75,9 Miliar makan ape tuh woy",2025-04-24 13:15:13+00:00,negatif
"75,9 M buat beli ayam geprek bisa itu buat 1 negara",2025-04-22 11:05:47+00:00,negatif
pantes sampah gw gak di angkut udah bayar tetep gak di angkut,2025-04-25 04:55:10+00:00,negatif
ku kira LG ketawa🤣,2025-04-21 08:24:09+00:00,netral
lebih kasian nenek yang dituduh ambil kayu bakar,2025-04-24 13:12:01+00:00,netral
lah kocak buat makan aja habis 11 juta 2 juta masa 75.9 bisa makan apa itu😹,2025-04-22 10:38:44+00:00,negatif
"75,9 miliar dibuat 10 tahun pun untuk makan anak istri sekeluarga makan apa jir gg",2025-04-21 08:50:31+00:00,negatif
"75m buat makan anak istrinya , pertanyaannya makan apa anak istrinya?",2025-04-22 11:27:51+00:00,positif
"75,9milyar makan-nya mungkin daging emas 😶‍🌫️",2025-04-21 08:59:57+00:00,negatif
"makan apa 75,9m makan negara? 😹🤭",2025-04-22 10:19:55+00:00,negatif
"pantesan gaji telat Mulu, bensin lambat turun, lembur ga di bayar.",2025-04-22 09:53:46+00:00,negatif
udah makan apa saja pak dari uang 75M,2025-04-20 04:21:05+00:00,negatif
"Tenang bentar juga bebas, siapin aja dana nya buat bayar hakim, jaksa dan kroni nya 😂",2025-04-20 01:58:32+00:00,positif
mantap kali suaranya cocok ini di jadikan suaran pesona indonesia,2025-04-19 04:52:12+00:00,positif
🗿🗿🗿🗿 Gua Heran Ama Negara ini... Ampe Kesampah sampah dikorupsi jug... 🗿👏 hadeuhhh...,2025-04-20 03:52:05+00:00,negatif
"75,9 beli daging dinosaurus purba kah mahal amat anj",2025-04-19 13:08:21+00:00,netral
menyayat hati tangisan nya😭😂,2025-04-17 06:37:53+00:00,positif
kasus kasus besar kemarin kok hilang bak ditelan Bumi 😁,2025-04-20 03:02:18+00:00,negatif
Hoooorrrreeeee di tangkap. Tangkap pak. Pak prabowo tetap bersih2 kembalikan semua duit negara yg di pakai mereka,2025-04-17 13:28:49+00:00,positif
"Cuma 75M kok bebasin aja pak, toh yg Trillyunan masih adem 🤣🤣🤣",2025-04-17 17:44:03+00:00,netral
bukan untuk ngasih mkn anak istri gaya hidup yg mewah🤣,2025-04-19 05:37:44+00:00,netral
ini yg nangis saha😭,2025-04-19 05:03:25+00:00,netral
75 m makan apa njiir beli indomie bisa buat berapa puluh tahun 🗿,2025-04-17 18:03:59+00:00,positif
gw kira cewe yg nangis😭,2025-04-20 06:11:27+00:00,netral
"makan apaan segitu, gerogotin lamborghini apa gimana?",2025-04-18 08:15:31+00:00,negatif
itu siapa yg blayer blayer diruang sidang😂,2025-04-22 14:24:37+00:00,negatif
"Sampah apa ampe 75,9m ???",2025-04-21 07:06:25+00:00,negatif
Makan apa 75.9 M... 😔,2025-04-24 14:33:30+00:00,negatif
segitu doang,2025-04-25 06:25:34+00:00,positif
busettt busettt gilaa emang negara ini uang sampah aja Masi di zolimi,2025-04-21 06:22:48+00:00,negatif
enak ya gk di hakimi masa,2025-04-23 06:48:15+00:00,positif
makannya apaan nyampe nominal 75.9 M 😂😂,2025-04-21 03:55:43+00:00,netral
kocak😆😆😆😆,2025-04-21 04:07:54+00:00,positif
"75,9 milyar buat makan anak istri? seumur hidup apa 7 turunan 🗿",2025-04-21 04:16:46+00:00,negatif
yang sampah itu dpr😂😈😎,2025-04-22 13:34:34+00:00,positif
"75,9 M buat makan anak istri makanan pokoknya emas mungkin",2025-04-30 04:04:51+00:00,netral
akeh cukk,2025-04-22 05:07:34+00:00,netral
sampah pun sempet2 nya di korup 😂😂😂,2025-04-21 04:17:42+00:00,negatif
bisa jdi spund ini 😅😅😅,2025-04-21 06:21:40+00:00,netral
antara geram dan sedih,2025-04-22 09:48:57+00:00,positif
"konoha klas kabid korup puluhan milyard, pejabat diatasnya bisa2 Trilliunan 😅",2025-04-21 04:06:32+00:00,negatif
"njirt 75,9 miliar buat makan ,klo di beliin sup ayam ,bisa jadi pulau 😭🗿",2025-04-23 01:40:17+00:00,negatif
"""korupsi sampai"" atau ""korupsi sampah""??",2025-04-22 09:46:48+00:00,negatif
"sip, kebuka semua yang korupsi",2025-04-23 03:57:56+00:00,negatif
"penjara berapa tahun itu,,?",2025-04-23 00:20:55+00:00,negatif
75.9M buat makan doang?,2025-04-25 04:37:52+00:00,negatif
paling tidak nyesel gitu,2025-04-21 02:41:44+00:00,negatif
kisah usang......,2025-04-25 07:38:28+00:00,negatif
"lah? istri sama anaknya makan apa yak sampe 75,9 M!? 😭",2025-04-24 12:40:38+00:00,negatif
kasian nanti gimana istrinya foya foya 😭😭😭,2025-04-22 09:17:16+00:00,positif
emang anaknya gajah atau apa?💔,2025-04-22 18:50:13+00:00,negatif
gw kira tadi suara kue putu lewat😂,2025-04-21 05:28:37+00:00,negatif
makannya apaan smpe 7m😭,2025-04-22 16:06:15+00:00,positif
nyanyi apa nangis bu... 75.9 M kecil itu😩😩🤣,2025-04-21 02:16:06+00:00,negatif
masuk film cocok ni nangis nya,2025-04-21 07:01:52+00:00,positif
pesona indo : sound baru😈,2025-04-23 07:57:33+00:00,positif
ga kuat stater itu bang,2025-04-24 16:10:36+00:00,netral
buat sound bagus nih,2025-04-22 11:14:47+00:00,negatif
usut tuntas,2025-04-21 07:25:37+00:00,negatif
adain fitur vn di tiktod plsssssss,2025-04-23 09:19:05+00:00,netral
AGUAN KAPAN DITANGKAP,2025-04-23 02:26:31+00:00,negatif
wah makan nya banyak kali ampe miliaran.. berapa piring kah sehari 1 keluarga... 🤔🤔🤔🤔🤔,2025-05-02 08:00:11+00:00,negatif
seriosa ya?,2025-04-21 10:00:47+00:00,negatif
dri pada 75mnya ke dia lebih baik baikin negara setidaknya berkurang sisi gelap indonesia,2025-04-25 08:32:09+00:00,netral
sudah tau kan penyebab nya kenapa banyak yang ga mau prabowo jadi presiden,2025-04-17 06:32:41+00:00,negatif
Buat alarm bagus nih 😂,2025-04-23 04:59:54+00:00,negatif
"kamu takut ga sama ini, eeeeeeeeeeee",2025-04-22 13:27:17+00:00,negatif
baru nyesal itulh penghuni Konoha haha.,2025-04-25 02:14:49+00:00,negatif
masih dikit itu mana maen,2025-04-23 11:35:35+00:00,negatif
suara nangis nya kayak bocil ketinggalan emak pas di pasar😹😹,2025-04-24 12:33:36+00:00,negatif
LAH KOK NANGES,2025-04-23 12:06:16+00:00,negatif
Air mata kebahagiaan,2025-04-23 13:03:12+00:00,positif
1m aja udh bisa buat rumah pak🗿,2025-04-25 09:40:01+00:00,positif
nangis gak ada air matanya bisa gitu ya mengeram lagi,2025-04-22 13:42:12+00:00,netral
75 m makan apa anj? 1 m aja bisa buat makan ampe gua nati nnti😂,2025-04-22 13:47:47+00:00,negatif
"75,9 milyar makan apa bjir, Rubicon?",2025-04-23 13:13:32+00:00,negatif
lah kan makin bagus🗿,2025-04-22 12:35:54+00:00,negatif
🦃🦃🦃,2025-04-22 09:44:15+00:00,positif
"@pesonaindonesia sound baru minn, gaskenn",2025-04-21 09:35:33+00:00,positif
@Asep Sang Raja Kegelapan😈😈 lah gua kira suara musik bangsawan Prancis 😹😹,2025-04-22 13:50:34+00:00,negatif
😁😁😁,2025-04-22 03:34:01+00:00,positif
🤣🤣🤣,2025-04-21 11:55:17+00:00,positif
@litovlr alasan bisnis sampah susah di indo,2025-04-21 12:19:11+00:00,netral
😂😂😂😂😂😂,2025-04-29 16:50:23+00:00,positif
tolong kades2 di tangkap min@gerindra ☺️,2025-04-23 13:20:58+00:00,positif
@pesonaindonesia,2025-04-21 14:54:52+00:00,negatif
🤟,2025-04-24 00:50:54+00:00,positif
😂😂😂,2025-04-21 14:23:58+00:00,positif
@Pesona Indonesia,2025-04-23 23:17:27+00:00,positif
🤣🤣🤣🤣,2025-04-23 18:48:58+00:00,positif
🤣,2025-04-21 12:25:11+00:00,positif
@pesonaindonesia min cocok soundnya,2025-04-23 06:53:12+00:00,positif
😁😁😁,2025-04-21 11:36:37+00:00,positif
@pesonaindonesia sound baru min,2025-04-23 11:50:25+00:00,positif
"pak prabowo paling kasih an lihat yang kayak gini .......
@admingerindraoriginal",2025-04-21 09:21:13+00:00,negatif
😭😭😭😭,2025-04-23 10:20:59+00:00,positif
EeEeEEEeeEeeEeeEeee😔😭😭😹eeEee😹😹😔😭😭EEeeEEe😹,2025-04-22 09:26:41+00:00,positif
"""ekekekeekekekeekekeekekekek""",2025-04-24 01:53:03+00:00,netral
awok awok😹😹😹😹😹😹😹😹😹😹😹😹😹😹😹😹,2025-04-24 22:37:58+00:00,negatif
cuk nangis,2025-04-21 06:33:26+00:00,netral
"Pak Wowo bebasin dong, kasian anak istrinya 😭",2025-04-23 03:19:01+00:00,positif
75m makan apa cok,2025-04-22 09:46:13+00:00,netral
suaranya kayak karbu supra brebet 😂,2025-04-22 07:15:55+00:00,negatif
😹😹😹😹😹😹😹😹😹😹😹😹😹😹😹😹😹,2025-04-30 12:34:02+00:00,positif
suaranya mirip kayak gua lagi starter motor,2025-04-24 07:07:26+00:00,netral
@pesonaindonesia min req vidio pake audio ini dong,2025-04-21 11:52:55+00:00,negatif
Indonesia pests,2025-04-23 12:20:14+00:00,negatif
even trashes dawg😭🙏💔💔💔🥀🥀🥀 what is this country even about💔💔💔💔💔💔💔🥀🥀🥀🥀🥀🥀🥀,2025-04-21 12:19:04+00:00,negatif
"korupsi sampah,, itu gimana.. dimakan gimana,, kan cuma sampah..",2025-04-19 03:30:33+00:00,negatif
mau tau knp koruptor di masukin ke penjara kalo di bebasin ke pemukiman bisa abis bonyok semua kalo di penjara dia bisa idup enak awokawok,2025-04-22 06:59:27+00:00,negatif
"Untuk KORUPSI sampah aja nilainya fantastis hingga 75 miliar lebih, apalagi di bidang sumber daya alam dan perpajakan, Indonesia sungguh menyeramkan seperti @Cerita Horor",2025-04-21 22:51:53+00:00,negatif
hah korupsi sampahhh🗿 sampah di korupsi?? 🗿 itu typo kah kk (bertanya dengan nada lembut),2025-04-24 08:32:29+00:00,negatif
sampah korupsi sampah 😂,2025-04-24 11:09:12+00:00,negatif
"lah, baru sadar korupsi sampah 🗿",2025-04-24 13:56:13+00:00,negatif
ini lah perlunya PERUBAHAN. SAMPAH aja masih di korupsi di makan. 😂,2025-04-23 00:09:23+00:00,negatif
sdh gak aneh kss korupsi di indo. sdh budaya,2025-04-24 14:05:56+00:00,negatif
sampah judul nya aja sampai ada yg korupsi..kalo di pikir2 parah bener..,2025-04-22 04:27:57+00:00,negatif
gua belum denger korupsi kupu-kupu malam,2025-04-24 02:02:46+00:00,negatif
"Negara lain mah fokus ke karya. Indonesia masih masih ripuh ku korupsi, sampah oge dikorupsi 😅",2025-04-21 12:18:54+00:00,negatif
gak tau lagi deh sampah aja dikorup ya allah hancurkan lah korupsi ya allah,2025-04-23 13:04:21+00:00,negatif
lu mau kasih makan apa anjir ampe korupsi kek gitu🤣🤣,2025-04-23 12:49:04+00:00,negatif
prabowo mlempeemmm🗿,2025-04-21 13:08:30+00:00,positif
HUUUUU AKTING,2025-04-23 13:10:18+00:00,negatif
wong dah habis banyak ko nangis kan seneng tabunganya dah banyzk🤣🤣,2025-04-25 01:48:52+00:00,negatif
"padahal tubuh masih bersih,coba maling ayam kena warga udah GK dikenali wajahnya",2025-04-21 11:47:23+00:00,netral
buat makan kok sampai miliaran..makan mas batangan kah pak🤣🤣,2025-04-21 11:09:06+00:00,negatif
inflasi tingi tingi nominal korup jg makin ting lah🤭🤭,2025-04-21 11:03:31+00:00,negatif
Nangis minta dibebaskan? Kalau gak ketangkep masih bisa senyum senyum sumringah itu🤣,2025-04-21 10:50:20+00:00,negatif
"sampe segede babon gitu kekenyangan duit rakyat , muak denger bininya nangiss 🗿🗿🗿",2025-04-21 10:16:18+00:00,negatif
"Enak lah masuk penjara di indonesia ...smua ada fasilitas nya,😅",2025-04-28 01:49:14+00:00,negatif
pesona Indonesia liat ini😭,2025-04-22 11:05:04+00:00,positif
astaghfirullah sampah di korup😭😭,2025-04-22 14:53:42+00:00,positif
bro колтоІ koruptor ресан😹,2025-04-22 15:13:43+00:00,negatif
kenapa nangis,2025-04-22 02:11:06+00:00,netral
dirinya bersalah malah minta di bebaskan lawak lawak,2025-04-22 15:29:20+00:00,negatif
"Untuk makan apa 75,9m
sedangkan kami satu hari saja tidak sampai 100k☹️☹️",2025-04-25 05:46:13+00:00,negatif
malah ngelawak 😹😹😹,2025-04-22 15:51:30+00:00,negatif
enak banget tuh lagu,2025-04-22 06:29:22+00:00,negatif
😭org jujur sekarang langka.. astaghfirullah lindungilah akidah kami Robb 🤲,2025-04-24 08:44:29+00:00,netral
"yg pasti mkanan premium kk,gk mngkin makanan asongan",2025-04-22 18:06:19+00:00,netral
izin pakai videonya 🙏,2025-04-22 07:57:05+00:00,positif
kok ketawa bg,2025-04-22 01:17:21+00:00,netral
yang makan aja bisa 75.9 miliyar 🙂,2025-04-20 03:06:35+00:00,negatif
ini ost film Casper yang baru kah?,2025-04-22 12:45:45+00:00,netral
suara gak sesuai perawakan😅,2025-04-25 06:04:13+00:00,positif
"bikin soundtrack jj yuk pake suaranya, pasti lucu 😂",2025-04-23 01:34:42+00:00,netral
Kunaon ari sia ai korupsi bhgia ngakak ai ngs kapangih aduh alah lier teu sia,2025-04-25 09:53:30+00:00,negatif
"Pantes sampah di serpong gunung mengunung pak tidak ad pengelolahan tepat,menyengsarakan rakyat aja udah di pilih rakyat juga",2025-04-25 03:26:51+00:00,negatif
"astaghfirullah hal adziim.. mereka tuh ga malu yah kalau di bilang tikus berdasi😭😭kalau saya mah malu, jgn kan uang segitu, seribu perak aja malu kalau saya lupa bayar",2025-04-21 14:49:39+00:00,negatif
DIAM!!!,2025-04-21 14:26:46+00:00,positif
BOBROK BANGET KELAKUAN.,2025-04-21 13:33:32+00:00,negatif
lorang,2025-04-21 13:19:44+00:00,positif
@gerindra menyenyenye,2025-04-21 13:12:07+00:00,positif
ngising sagede nyiru dia lah😁,2025-04-24 09:28:03+00:00,positif
Ya minimal ngotak lah di korup sampe miliarin gtu😭,2025-04-21 13:03:30+00:00,negatif
"tangisan palsu itu,, nanti juga di sel di raja kan",2025-04-25 09:11:32+00:00,negatif
makan anak istri 5 miliar cukup ngtt,2025-04-24 10:18:04+00:00,positif
sampah:jadi siapa yg sampah🗿,2025-04-22 04:35:26+00:00,positif
aku mengenalnya uang X. uang hasil dari haram. enggak boleh kasih makan keluarga kalau uang X untuk bersenang-senang foya foya. tidak bisa jadikan uang sedekah anak yatim.,2025-04-21 10:08:06+00:00,negatif
AWOK AWOK AWOK AWOK AWOK AWOK AWOK AWOK AWOK AWOK AWOK AWOK AWOK AWOK AWOK AWOK AWOK AWOK AWOK AWOK AWOK AWOK AWOK AWOK AWOK AWOK AWOK AWOK AWOK AWOK AWOK AWOK AWOK AWOK AWOK AWOK AWOK AWOK AWOK AWOK AWOK AWOK AWOK AWOK AWOK AWOK AWOK AWOK AWOK AWOK AWOK AWOK AWOK AWOK AWOK AWOK AWOK AWOK AWOK AWOK AWOK AWOK AWOK AWOK AWOK AWOK AWOK AWOK AWOK AWOK AWOK AWOK AWOK AWOK AWOK AWOK AWOK AWOK AWOK AWOK AWOK AWOK AWOK AWOK AWOK AWOK AWOK AWOK AWOK AWOK AWOK AWOK AWOK AWOK AWOK AWOK AWOK AWOK AWOK AWOK AWOK,2025-04-21 09:45:30+00:00,netral
manusia sepert ini harus di kesihani?😂,2025-04-25 01:33:44+00:00,negatif
Baru kali ini koruptor nangis🗿,2025-04-23 11:23:45+00:00,negatif
weylah sampah woy sampah bisa2 nya d korup😭,2025-04-22 06:12:48+00:00,negatif
iya kali sampahnya sampah tembaga kuningan kabel 😹😹,2025-04-21 09:38:24+00:00,negatif
makan dosa kayaknya soalnya sampe nangis 🤭,2025-04-23 11:21:35+00:00,netral
Suara nangisnya kek pasien ningsih tinampi yg kesurupan😭,2025-04-21 08:22:56+00:00,negatif
semua2 di korupsi amsionggg 😞😞,2025-04-22 06:39:42+00:00,negatif
jgn ada belas kasihan..pokoknya penjarakan jgn dikasi ampun,2025-04-23 10:05:33+00:00,negatif
"pantes klo lihat2x org pad ada yg kaya tajir tp bukn pengusaha ya curiga jg ya... kerja ny apa?? kok bisa kaya tajir punya bnyak harta... klo PNS yg jujur bngt, takut akherat.. ga ada yg kaya punya harta bnyak.... tetangga seorg audit keuangan krn jujur takut akherat... kehidupan ny biasa2x sj... itu yg PNS jujur... tp smua kmbali kpd org tsb.. ya coba az yg swasta kerja puluhan thn dg jbtn manager pun gaji besar... ga ada kaya2x level kehidupan ny biasa 2x sj",2025-04-18 04:51:21+00:00,negatif
"ayo kawal sampe dapet hukuman setimpal,",2025-04-18 04:47:25+00:00,negatif
"makanannya g seberapa TPI bahan2 nya diambil dr Alaska,dn cefnya artis dr luar negri,mknya smpai 75,9 m",2025-04-18 04:30:15+00:00,negatif
🤣🤣🤣🤣🤣🤣🤣🤣🤣🤣🤣🤣,2025-04-18 04:20:11+00:00,positif
"negara ini kaya...padahal biyarin aja bebas...kasiyan..😭😭😭😭.
suaranya sangat menyayat hati",2025-04-18 04:17:38+00:00,positif
adili owi,2025-04-18 04:04:07+00:00,positif
owalah sampah ajah ikut d korupsi,2025-04-18 04:01:52+00:00,negatif
aku liat video ini kecepatan 2x jadi lebih ngakak😂😌,2025-04-18 03:33:57+00:00,positif
"dramanya, cocok masuk di perfilman korea 🔥",2025-04-18 03:29:23+00:00,positif
Bagus buat ringtone wkwkw,2025-04-18 03:28:18+00:00,netral
Segala urusan.. sampai sampahpun bisa dikorupsi,2025-04-18 03:24:07+00:00,positif
Mulyono effect,2025-04-18 03:16:42+00:00,positif
"75,9 M ini keluarganya request makan daging wagyu terus kali ya",2025-04-18 02:56:14+00:00,positif
"Jngan pura"" bjir kelihatan itu🤣",2025-04-18 02:21:32+00:00,netral
"Sandiwara itu, sebanyak itukah makan keluarganya?",2025-04-18 02:04:12+00:00,netral
masyarakat mati2an cari uang buat bayar pajak dll untuk kebutuhan pemerintah tp anggota pemerintahannya banyak yg korup,2025-04-18 01:58:13+00:00,negatif
"baru tau saya kalo sampah juga bisa di korupsi, padahal sampah tinggal mungut di jln juga banyak😭😭😭",2025-04-18 01:46:36+00:00,negatif
Saia pikir itu tadi suara keluarnya yg nangis😂,2025-04-18 01:15:45+00:00,negatif
kemapa tidak BALOK saja 🙏🙏,2025-04-18 01:07:11+00:00,netral
lucu ya negri niiii yallah,2025-04-18 01:03:50+00:00,negatif
kl dimaafkan nnt yg pd korupsi ikutan,2025-04-18 00:29:15+00:00,negatif
"bandung juga, DLH gk mau di tf",2025-04-18 00:25:14+00:00,positif
Tolong yg nangis disuruh diem,2025-04-18 00:21:28+00:00,negatif
Astagfirullah ada lagi korupsi sampah 😭,2025-04-18 00:00:07+00:00,negatif
"makannya belajar yg bener, 75m jangan dihabisin semua kalo ada sisa kan bisa buat beli voucher pengurangan masa tahanan",2025-04-17 23:49:17+00:00,negatif
"waduh ku makan ubi,jagung ,tiwul harga 20 000 aja muntah ,perutku sampe keras ,
itu milyaran 😭",2025-04-17 23:45:06+00:00,negatif
lebih kasian sama Kulo bangunan yang bayaran nya 500000 perbulan,2025-04-17 23:30:49+00:00,negatif
apakah cuma dlh tangsel😁,2025-04-17 23:05:31+00:00,netral
oallahhhhhh....biarkan saja pak...kan dia SDH berbuat baik..oallahhhh....kasihan anak istrinya...🤣🤣🤣🤣🤣🤣🤣🤣🤣🤣,2025-04-17 22:55:55+00:00,netral
"Pesona Indonesia: asikk, ada sound baru 🤩",2025-04-17 20:21:44+00:00,positif
bingun mau hujat apa engga,2025-04-17 08:55:37+00:00,negatif
gk ngerti lg g sama orang konoha..,2025-04-17 08:52:40+00:00,negatif
tenang bro itu mah sedikit nnti jg pejabat bnyak yg bela😂😂😂,2025-04-17 08:52:14+00:00,netral
@Belle makan apa ini anak sm istrinya 75.9 M yaampun. Sampah pun dikorupsi 😩,2025-04-17 08:50:19+00:00,negatif
Kalau korupsi minta di bebaskan mesti kasih tahu Prabowo.. Krn Prabowo yg bilang kalau koruptor di tangkap kasihan anak istrinya,2025-04-17 08:42:31+00:00,negatif
Ya ampun cuna 75 milyar doang iklasin aja tidak akan membuatmu miskin,2025-04-17 08:39:27+00:00,negatif
sampah ajah di korupsi🗿,2025-04-17 08:29:19+00:00,negatif
"loh ko yg di tangkep istrinya pak,bukan suami nya",2025-04-17 08:22:05+00:00,negatif
apaaa lagi ini 🤣🤣🤣 meweknya sampek segitunya,2025-04-17 08:16:01+00:00,netral
bisa nangis juga 😅😅😅😅 pas duit abis ketauan lagi 🤗🤗🤗,2025-04-17 08:10:39+00:00,netral
sebelum ketangkap..ketawa ketiwi kali ya,2025-04-17 08:02:10+00:00,negatif
gua kira suara kunti nangis,2025-04-17 07:53:34+00:00,netral
"sak keluarga, sak dulur2e Lemu-Lemu..",2025-04-17 07:50:09+00:00,netral
"sabar pakkk,,cup cupp cuuppp😁😁😁",2025-04-17 07:48:32+00:00,positif
buat back sound cakep ni.. 🤭,2025-04-17 07:45:38+00:00,negatif
buat sound enak ga ?,2025-04-17 07:42:36+00:00,netral
MASIH BISA BISA NYA KORUPTOR NAGIS 😡,2025-04-17 07:41:21+00:00,negatif
terbangkan ke sentinel island,2025-04-17 07:34:39+00:00,negatif
negara di penuhi penghuni setan.. berlomba lomba untuk korupsi..,2025-04-17 07:32:25+00:00,negatif
kukira karna kesenengan dijemput sambil bernyanyi dia😁😁,2025-04-17 07:32:03+00:00,netral
Kasihan anak istrinya jngn smp harta ny disita,2025-04-17 07:31:01+00:00,negatif
75 milyar dbagi 75 org agota kluarganya nabung di bca dh jadi nasabah prioritas,2025-04-17 07:30:13+00:00,negatif
Ini yg waktu itu sampah ny di kirim ke kota serang itu juga yaaah???,2025-04-17 07:25:57+00:00,negatif
"saya mau gantiin dia masuk penjara,tapi uang 75,9 miliar kasih sama anak istri saya.",2025-04-17 07:24:30+00:00,negatif
"tikus makannya sampah, cuman inimah kebanyakan😹",2025-04-17 07:19:23+00:00,positif
seriosa bjirr,2025-04-17 07:17:27+00:00,negatif
😭😭😭 nangis nya kyk suara rx king bjiiierr 😂,2025-04-17 07:15:27+00:00,positif
Raungan tangisnya mengalihkan wartawan agar tdk bisa di wawancarai....😂,2025-04-17 07:11:22+00:00,negatif
lemaah🤣,2025-04-17 07:09:40+00:00,positif
"Kasihan itu udah lepasih aja, kita gak tau kesulitan orang, mungkin anak nya butuh susu..",2025-04-17 10:22:32+00:00,negatif
sedang mengetik........,2025-04-17 10:19:43+00:00,negatif
bebaskan pak..75m blm bs beli buggati..tnggu 250m br tangkap,2025-04-17 10:01:38+00:00,negatif
"buayaaa 😂😂😂
padahal di penjara pada joget, dangdutan
happy2 😂😂😂",2025-04-17 10:01:16+00:00,negatif
Sound tangisan buat film horor cocok👌🤭,2025-04-17 09:54:58+00:00,netral
rata2 korup.. kek mna la ngr ini,2025-04-17 09:50:21+00:00,negatif
"🤣🤣 udah udahhh jngn nangis, hukumannya paling lama 3thn, dipenjara enak kok, kamar mewah, kalau mau pelisiran tinggal bayar sipir. klw udah bebas kan tetap bnyak duitnya, tetap jdi orang kaya 😁",2025-04-17 09:45:59+00:00,negatif
"tenang pak, korupsi hukumannya paling cuma 2 bulan",2025-04-17 09:43:23+00:00,negatif
saya mendengar kicauan burung yg sangat merdu🥰,2025-04-17 09:41:09+00:00,positif
"beruntung bagat ya bapak Prabowo jadi presiden bisa di berantas korupsi di Indonesia secepatnya ini👍👍👍, 50 % korupsi di Indonesia sudah ke tangkap
apalagi korupsi pertamina dan timah👍",2025-04-17 09:35:03+00:00,negatif
KALIAN NONTONNYA SAMBIL NGAPAIN?,2025-04-17 09:31:58+00:00,negatif
"ADEEEHHH, INI NEGARA PARA PEJABATNYA PAKAI SEGALA CARA YA UNTUK KORUPSI🙂😭🙃",2025-04-17 09:31:10+00:00,positif
"75,9 M , Kasihan nya,Masuk penjara🥹🥲 Cukup untuk mengangkat kemiskinan orang lain dari pada untuk keluar mu😁😁",2025-04-17 09:25:49+00:00,netral
"maafkan saja dia pak Secara kekeluargaan, lagian cuman 75 miliar gak membuat negara miskin😏",2025-04-17 09:23:45+00:00,negatif
😂😂😂klu giliran poya2 lupa td nya,2025-04-17 09:22:46+00:00,positif
Ya Allah semoga bebas kan dari dunia🤲🤲 agar tenang di sana🤲🤲,2025-04-17 09:22:26+00:00,negatif
kisah cerita konoha semuanya sama,2025-04-17 09:21:20+00:00,positif
kesian dia sampe mulung sampah demi anak istri malah di penjara 🗿,2025-04-17 09:15:37+00:00,negatif
"ada yg bilang tangisan seorang bapak adalah yg terjujur iklas dr lubuk hati, tapi tidak dia sih😂",2025-04-17 09:13:47+00:00,negatif
kebanyakan pak ngambil nya 100juta ja kenyang,2025-04-17 09:10:25+00:00,negatif
"75,9M buat beli makan??🥺🥺🥺 apa anak istrinya makan dendeng gajah, tumis anakonda, sama gulai dinosaurus?",2025-04-17 09:07:07+00:00,negatif
di indonesia ni apa yg ga dikorupsi 😂,2025-04-17 09:06:20+00:00,negatif
cuma 75 milyar.. yg 300T aman,2025-04-17 09:05:51+00:00,negatif
"75,9 buat makan anak istri, gue dikasih 3jt buat makan aja udah bersyukur🙏",2025-04-17 09:03:05+00:00,negatif
"Hari2 scroll tt isinya kl gak korup, ya selingkuh. Emg dunia anj😭😭😭",2025-04-17 09:00:42+00:00,negatif
"tangisan palsu,udah puas memakan duit rakyat dan duit negara",2025-04-17 08:56:17+00:00,negatif
"tenang Bu walaupun suami ibu maling ratusan triliun,ingat ini Konoha paling lama hukumnya 1 tahun udah keluar 😂😂",2025-04-29 01:08:34+00:00,negatif
😭,2025-04-27 11:21:31+00:00,positif
melebihi firaun . sampah aja di makan,2025-04-27 06:08:37+00:00,negatif
kaga usah nangis bos kan waktu korupnya kaga nangis untuknya kalian kan sempet menikmati 😝,2025-04-27 04:30:21+00:00,negatif
😂😂😂😂😂😂😂,2025-04-27 03:21:39+00:00,positif
😂😂😂,2025-04-27 01:44:14+00:00,positif
"Gilak rakus banget istri dan anaknya yaa, kayak nggak ada puasnya 🤨",2025-04-26 04:11:05+00:00,negatif
"padahal dia kerja kan udah di gaji rakyat yang gaji, nah gaji nya buat.makan anaknya, bukan malah makan uang rakyat",2025-04-25 19:53:59+00:00,netral
klo makan nya udah kekenyangan ya pasti nya muntah 🤑🤑🤑,2025-04-25 14:21:03+00:00,negatif
terkenal dengan negara ter dzalim.. yg didzalimi rkyt kecil,2025-04-25 13:57:01+00:00,positif
itu ketawa anjirr bukan nangis🤣🤣,2025-04-25 13:02:00+00:00,negatif
"bjir makan apaan yg 75,9m daging putri duyung? ato steak t rex?",2025-04-25 12:53:46+00:00,negatif
beban negara,2025-04-25 08:28:09+00:00,positif
ini negara apasih anj,2025-04-25 07:39:55+00:00,positif
kyk mbak kunkun 😐,2025-04-25 06:44:35+00:00,netral
lah sampah di makan buat anak istri 🗿,2025-04-25 06:05:39+00:00,positif
lepaskan aja kasian,2025-04-25 05:50:52+00:00,positif
makan apaan,2025-04-17 06:42:13+00:00,netral
"kata pak prabowo jangan rampas aset y,kasian anak istri y,,,",2025-04-17 06:37:41+00:00,netral
salama tidak ada hukuman M4 T1.. korupsi tidak akan pernah hilang/berkurang😌,2025-04-17 06:37:36+00:00,negatif
hidup terasa sulit🏳gara gara banyak koruptor,2025-04-17 06:34:37+00:00,positif
anjir 70M,2025-04-17 06:29:59+00:00,negatif
enak aja udah kenyang minta di bebasin...proses dong,2025-04-17 06:28:23+00:00,negatif
sampah sja di korupsi 😂😂,2025-04-17 06:28:16+00:00,negatif
mantap tangkap koruptor,2025-04-17 06:16:17+00:00,negatif
aaaang ang ang ang,2025-04-17 06:14:05+00:00,negatif
😂😂😂,2025-04-17 06:07:28+00:00,positif
kok nggak ada yang ketawa🤣🤣,2025-04-17 06:03:14+00:00,netral
rimex jadiin funk 😹,2025-04-17 05:58:57+00:00,positif
"miskin miskinkan miskinkan,,sah kan UU sita aset koruptor....",2025-04-17 05:45:38+00:00,negatif
suara tangisannya sangat tragis,2025-04-17 05:14:24+00:00,negatif
waktu makan bahagia😂😂,2025-04-17 05:12:57+00:00,positif
gw bantuin nangis nih bang biar tambah rame 😭😭😭😭😭😭😭😭😭😭,2025-04-17 05:09:42+00:00,negatif
ngapain nangis gok ???,2025-04-17 05:07:42+00:00,negatif
lu belum tau presiden yg sekarang makanya jangn macam2 ketangkap kan lo😹😹,2025-04-17 04:39:18+00:00,negatif
"suruh busuk dalam penjara ,aset di sita",2025-04-17 04:33:33+00:00,negatif
😂😂😂,2025-05-02 05:16:54+00:00,positif
"😭😭😭
ikut sedih juga
kenapa ketahuan",2025-04-30 19:07:27+00:00,positif
gpp bu dipenjara nnt udah slesai hukuman ny kn bsa kluar😂😂😂,2025-04-29 15:19:44+00:00,negatif
😂😂😂,2025-04-29 13:07:07+00:00,positif
syampahhh dikoruppsyong buat makan ??? 😐,2025-04-24 13:05:16+00:00,negatif
makan apa 75m. makan kapal selam?,2025-04-24 13:04:23+00:00,negatif
@pesonaindonesia,2025-04-24 12:58:33+00:00,negatif
semua ini karna abah anis mangkanya koruptor pada ketangkep... terimakasih bapak anis Rasyid Baswedan 😇,2025-04-24 12:38:24+00:00,negatif
😅😅😅😅😅,2025-04-24 12:32:16+00:00,positif
"nangis kejang""😹",2025-04-24 12:29:23+00:00,netral
bekingan nya kurang kuat(makanya gak dikasih masker)-1000 aura,2025-04-24 12:20:01+00:00,negatif
75m makan apa daging Dajjal?🥰,2025-04-24 12:05:37+00:00,negatif
ditangkep soalnya makan sendiri,2025-04-24 11:59:50+00:00,netral
ohh ini film azab ya,2025-04-24 11:42:27+00:00,negatif
"kayak nya dia nyesel korupsi
.
.
.
.
.
nya sedikit",2025-04-24 11:41:02+00:00,negatif
75 miliyar buat makan sehari 🤣🤣,2025-04-24 11:30:00+00:00,negatif
ang ang ang ang ang ang ang ang ang ang😭,2025-04-24 11:13:14+00:00,netral
Pantesan serpong bau sampah 24 JAM 🤣,2025-04-24 10:36:06+00:00,negatif
"Di negara kita proyek apapun di korupin, gimana kitabnya menikmati pembangunan, dana wes ntek",2025-04-24 10:25:07+00:00,positif
kasian anak nya makan uang haram,2025-04-24 10:16:54+00:00,negatif
semoga ada yang jadi presidennya tegas bngt trus kalo ada yng korup di ambil semua harta dan di biarin aja,2025-04-24 09:30:06+00:00,negatif
semua kebijakan dikorup🤣,2025-04-24 08:24:14+00:00,positif
"kasih makan apa jir, lagian kasih makan malah di kasih makanan haram",2025-04-24 08:00:30+00:00,negatif
la makan apaan 75.9 M? 😭😭😭 lu beli rukonya bahkan jg bisa,2025-04-25 03:38:51+00:00,negatif
"75,9 M makan apa njir 🤭 mie ayam seumur hidup?",2025-04-25 00:17:19+00:00,negatif
lu opera atau nangis sihh😭,2025-04-24 15:40:35+00:00,netral
salah sendiri su merugikan negara 🤭🤭,2025-04-24 15:19:59+00:00,negatif
"makan apa sih anak sama istri 75,9 miliyar itu banyak banget loh 😭😭😭",2025-04-24 15:18:49+00:00,negatif
"ngambil untung enggak apa apa, tapi ini terlalu banyak pak 🙄🥀✨",2025-04-24 14:47:12+00:00,negatif
sampah emang bisa makan sampah?,2025-04-24 14:36:24+00:00,netral
lebih percaya Agus nangis sih drpd ini 🥰,2025-04-24 13:51:15+00:00,positif
"actingnya bas1, berharap belas kasih dari siapa wahai bapaQ?",2025-04-24 13:42:29+00:00,negatif
kaga ada habis habis nya ya . negara apa sih ini 😂,2025-04-24 13:35:36+00:00,negatif
YA ALLAH APAAN SI INI😭😭,2025-04-24 13:30:45+00:00,positif
"Bukannya malah bagus, sampah dikorupsi.. Lingkungan jadi bersih.",2025-04-24 06:58:01+00:00,netral
abis ini mulyono ditangkap juga,2025-04-24 06:42:36+00:00,negatif
itu orang gak dikasih gaji?🤡,2025-04-24 06:08:20+00:00,negatif
Kok gak ada habisnya korupsi di negri ini 😌,2025-04-24 05:47:07+00:00,negatif
malah kluruk😭,2025-04-24 05:23:23+00:00,netral
Buat sound tiktok cakep tuh suara tangisnya.,2025-04-24 03:51:14+00:00,negatif
1 juta UDAH CUKUP OI OI😭,2025-04-22 13:37:24+00:00,negatif
SEMUANYA AJA KORUPSI ANJJ,2025-04-22 13:04:33+00:00,negatif
jir 75.9 miliar mending buat beli rumah jir,2025-04-22 12:55:36+00:00,negatif
aplh,2025-04-22 12:47:22+00:00,netral
"""plak"",nyamuk suara nya gitu ya?",2025-04-22 12:20:51+00:00,negatif
emang anak istri nya makan apa ampe 75 miliar 😂😂,2025-04-22 12:04:04+00:00,negatif
"pasti bebas itu mah, atau tida penjaranya seperti istana🧐",2025-04-22 12:00:12+00:00,negatif
"@rawrrr🦖 ""eHm eeemm emeeemm eeemm mmmm eem😭""",2025-04-22 11:53:50+00:00,negatif
Mesin rotor berjalan,2025-04-22 11:51:26+00:00,positif
@Pesona Indonesia jadiin sound aja min,2025-04-22 11:51:22+00:00,netral
trus kasus yg 271t itu gmn wak?,2025-04-22 11:49:19+00:00,negatif
@avrillianizhr,2025-04-22 11:41:01+00:00,negatif
"kami aja yang miskin beli nasi Padang 10.000 dibagi 4 lah kau 75.9m untuk makan enak dan Hedon Hedon , kami rakyat sengsara gara gara korupsi tau gak 🗿🗿",2025-04-22 11:27:06+00:00,negatif
negara lain kalo ada berita pasti berita nya teknologi baru klo di Konoha mah berita nya korupsi lagi korupsi lagi sampek bosennn🤭🤭🤭🤭🤭,2025-04-22 11:24:43+00:00,negatif
😨😨😨😨😨😨😨,2025-04-22 11:13:04+00:00,positif
kasih hukuman jilet sampah aja,2025-04-23 03:04:52+00:00,negatif
SAMPAHPUN DIMAKAN JUGA OLEH VIRUS-VIRUS INI☺️☺️☺️☺️,2025-04-23 02:57:18+00:00,negatif
😂😂😂😂😂,2025-04-23 00:24:35+00:00,positif
"makan apa sampe 75,9M... perut G bkl puas sampe ditimbun tanah",2025-04-22 23:47:09+00:00,negatif
nih pegang omongan gw.pasti dia dipenjara nggak ada 5 taun,2025-04-22 15:01:09+00:00,negatif
waduh tinggal kasih sound miaw miaw miaw miaw 😹,2025-04-22 14:16:27+00:00,netral
"bebaskan saya, BEBASKAN SAYAAA👿👿👿👺",2025-04-22 14:04:56+00:00,negatif
mkn apaan segitu 🗿,2025-04-22 13:56:17+00:00,positif
kek kelakson motor gw 🗿,2025-04-22 13:40:42+00:00,positif
nangis lah gabisa beli hermes lagi nantinya 🤗,2025-04-22 14:30:42+00:00,netral
nangis dia kek film horor😹,2025-04-21 14:47:04+00:00,positif
"Betul2 negara minta di RESET ulang semua ,,dari kelas bawah sampai kelas atas ,,dari ekor sampai kepala ..klo di berantas habis semua",2025-04-21 13:24:47+00:00,negatif
konstole,2025-04-21 13:20:36+00:00,positif
"Astagfirullah, Kalau negara ini semakin buruk izinkan saya pindah negara ya rabb 😇",2025-04-21 13:18:10+00:00,negatif
terlihat bahagia sekali pelaku nya,2025-04-21 12:51:48+00:00,positif
makan ny tiap hari apa yaa sampai 75 m,2025-04-21 12:40:48+00:00,netral
makan apa cobak,2025-04-21 12:35:33+00:00,netral
tebak penonton sedih pa gembira ria?,2025-04-21 12:19:35+00:00,negatif
gw kira lagu,2025-04-21 12:19:20+00:00,netral
bebasin aja dari ketok palu hukuman hakim dan jaksa 😁 kasih ke rakyat biar rakyat yang hukum ... simple,2025-04-22 04:24:44+00:00,negatif
"pak gantian pak, sblmnya bapak kan hahaha dengan uang itu, nah sekarang bapak hahaha karna masuk jeruji besi.😁",2025-04-22 04:16:39+00:00,negatif
Logat makassar,2025-04-22 04:14:59+00:00,positif
"banyaknya pejabat yg bobrok seharusnya negara "" diriset ulang""",2025-04-22 03:55:06+00:00,negatif
"apa kagak obesitas tu anak sama istri, 75 miliar beli mie ayam dapat 7 juta porsi njirr",2025-04-22 03:34:45+00:00,negatif
wah .jangan sampai presiden denger ..ntar di bebasin atas dasar kasian anak istrinya,2025-04-22 03:04:14+00:00,negatif
negri macam apa iniii,2025-04-22 02:56:53+00:00,positif
makan tiap hari di Phoenix kali ya makanya smpe 76m 🗿,2025-04-22 02:53:13+00:00,netral
ya allah pak cari kerja susah malah korupsi 😭😭😭,2025-04-22 02:49:34+00:00,negatif
akhir'a kena jg bandit Unyil kekenyangan kali dia muntah jg..🤣😂mantaaap lah pko'a Tangsel👍😇,2025-04-22 02:01:14+00:00,negatif
sound baru kah,2025-04-22 02:00:35+00:00,netral
oalah.. cao cao,2025-04-22 01:28:15+00:00,negatif
🤣🤣🤣🤣 nangis? gimmick itu mah entar juga pas lepas dari wartawan juga ketawa lagi,2025-04-22 01:11:26+00:00,negatif
"hanya untuk makan kok sampek korupsi 75,9milyar😂",2025-04-22 00:56:54+00:00,negatif
indo indo ngapa gini ya tinggal di indo😡,2025-04-22 00:49:19+00:00,negatif
air mata buaya 🤣🤣,2025-04-22 00:27:57+00:00,positif
yg plg g msuk akal zakat dikorup🗿,2025-04-21 23:48:05+00:00,positif
kalian denger tangisan kuntilbabi ngak??,2025-04-21 23:41:04+00:00,negatif
selama hukuman koruptor msh ringan tak kan ada yg takut untuk korupsi,2025-04-21 23:40:06+00:00,negatif
komplit lah sudah dari BBM Sampek sampah pun dikorupsi 🤣🤣🤣,2025-04-21 23:33:28+00:00,negatif
Subhanallah astagfirullah😥 🤷‍♀️🤦‍♀️,2025-04-21 12:39:53+00:00,positif
COBA TANGKEPIN TUH DI PUPR BANTEN,2025-04-21 02:15:10+00:00,netral
😅😅😅,2025-04-21 02:08:49+00:00,positif
🤣🤣🤣🤣,2025-04-21 02:08:34+00:00,positif
lucu...u😂😂😂,2025-04-21 02:05:19+00:00,netral
😂😅🤣,2025-04-21 02:04:34+00:00,positif
"ya Allah....
sampai sampah juga dikorupsii 😂😂",2025-04-21 01:44:53+00:00,negatif
"75.9 M buat kasih makan anak istri, itu malah bisa buat kasih makan 1 negara indonesia yg miskin. masih juga bisa kasih sembako ke warga yg miskin.",2025-04-21 01:41:26+00:00,negatif
tpi msih ada ajh yg bella keluarga koprupsi di negara konoha ini,2025-04-21 01:40:57+00:00,positif
"konoha dah gk heran
palingan di penjara 6,5 tahun dan denda 10 milyar kan masih banyak sisa itu😂😂😂",2025-04-21 01:40:15+00:00,negatif
ya Allah korup sampah alasan ngasih anak makan uang sampah berarti ya 😭😭😭,2025-04-21 01:37:29+00:00,negatif
"banyak amat buat makan anak istri sampai 75,9 M😌",2025-04-21 00:52:30+00:00,positif
mantaap goodjob kejaksaan tinggi Banten ..💪💪 kejaksaan agung Kejati Kejari dimanapun bertugas,2025-04-21 00:25:29+00:00,positif
"konoha separah ini emang
gak ada bagus bagusnya pejabat konoha
parah",2025-04-21 00:24:59+00:00,negatif
makan apa yaaa 75.9M?? atau istri istri dan anaknya buanyak banget??? 🤣🤣🤣,2025-04-21 00:23:07+00:00,negatif
🤣😂🤣,2025-04-21 00:03:11+00:00,positif
Kasihan... Bebaskxn saja dari alam dunia...,2025-04-20 23:13:46+00:00,negatif
🤣,2025-04-20 22:14:50+00:00,positif
omak ngapain nangis uang segitu dh JD sultan🗿,2025-04-20 22:00:51+00:00,negatif
75 m buat makan? makan apa itu 🙈🙈🙈,2025-04-20 19:50:58+00:00,negatif
ayo.... penjara berapa Tahun kira2..... setelah bebas jadi jutawan..... ayolah mahasiswa.... mana suaranya.... kapan lagi UU perampasan aset di sahkan....,2025-04-20 17:16:04+00:00,negatif
lucu nangis nya🤭,2025-04-20 17:01:59+00:00,positif
kirain kunti yg nangis,2025-04-20 16:53:38+00:00,netral
Judul lagu nya apa sih,2025-04-20 16:52:46+00:00,netral
nangisnya kek keselek sampah😭,2025-04-20 16:18:51+00:00,netral
🤣🤣🤣,2025-04-20 16:04:11+00:00,positif
😂😂😂😂😂😂😂,2025-04-20 15:35:44+00:00,positif
anjir 76 m buat makan apa woy💔,2025-04-20 15:21:42+00:00,negatif
Yg nangis tolong di mute!!,2025-04-20 15:17:15+00:00,negatif
andai aku presidenya,2025-04-20 15:16:18+00:00,positif
kapan giliran kab.subang..jngn smpai subang hanya jd wadah ATM berjalan aja,2025-04-21 05:29:00+00:00,negatif
"penjarakan 25 tahun pak hakim, jangan kasi kendor",2025-04-21 05:24:21+00:00,negatif
"😅😅 kasian tu sama orang miskin yg di tangkap dan di hukum pengadilan,contoh nenek di penjara gr2 ambil kayu",2025-04-21 05:23:39+00:00,negatif
makannya apa bang messi,2025-04-21 05:23:21+00:00,positif
"negara apa ini,tiap hari beritanya klo gak korup ya kekerasan seksu4l,parahnya itu di lakukan oleh ya pengelola yg diatas 🤡🤡🤡🥲",2025-04-21 05:22:28+00:00,negatif
"gak ush nangis pak, anak istri udh kenyang,",2025-04-21 05:08:32+00:00,positif
apa sih yg gak dikorupsi di negeri ini. semua lini di korupsi.orh,2025-04-21 04:54:56+00:00,negatif
"makannya pagi di singapur, makan siang di Dubai dan makan malamnya di Amerika",2025-04-21 04:53:10+00:00,positif
😂😂😂 TIRULAH RRC SIAPKAN REGU TEMBAK 😄😄😄 GILIRAN YANG LAIN.,2025-04-21 04:51:57+00:00,negatif
pantesan badanya subur 😂😂😂,2025-04-21 04:49:26+00:00,netral
🗿🗿🗿🗿,2025-04-21 04:38:41+00:00,positif
🤣🤣🤣,2025-04-21 04:35:19+00:00,positif
"anjay buat makan istri 75m, anak istri keknya ada 100 orang ya wkwkw,",2025-04-21 04:26:48+00:00,positif
Gilakkkkk SAMPAH aja di korup cukkkk astaga gue tinggal di negara yang miskin empati🔥,2025-04-21 04:18:59+00:00,negatif
🤣😂😅,2025-04-21 04:10:33+00:00,positif
sampah juga di makan,2025-04-21 04:07:38+00:00,positif
ini uang sampa blm uang² t!nj4 yg lainnya🤣🤣🤣,2025-04-21 04:04:22+00:00,negatif
malah limit🗿🗿,2025-04-21 03:48:25+00:00,netral
ada sinetron nya gak?.. akibat korup sampah,2025-04-21 03:47:08+00:00,negatif
bagusnih soundnya dijadikan Velocity,2025-04-21 03:39:00+00:00,netral
kinh blayer🙏🏻😁,2025-04-21 03:38:16+00:00,positif
air mtaaaaa maling.. rsanya pht,2025-04-21 03:28:15+00:00,negatif
"lagian melihara landak sih, coba pelihara ani² pasti aman",2025-04-21 03:25:14+00:00,negatif
ya Allah kasih makan anak istri dari sampah...,2025-04-21 03:22:37+00:00,positif
itu suara tangisan siapa sih,2025-04-20 08:14:57+00:00,positif
"kasian banget, pasti anak istrinya lagi kelaparan🥺🙄",2025-04-20 08:12:16+00:00,netral
Pantas sampah ga beres2,2025-04-20 08:12:14+00:00,negatif
"pantes tangsel gitu gitu ajah, yg maju malah pihak swasta nya😭",2025-04-20 08:07:38+00:00,negatif
yg pake uang rame2 tp yg jd korban utk di adili hanya yg mewakili.. hukum yg di kerucut kan,2025-04-20 08:05:36+00:00,negatif
korupsi aja gk mikirin rakyat yg nangis gk bisa makan giliran di tangkap nangis,2025-04-20 07:56:16+00:00,negatif
badan aj besar TPI nangisss🤣🤣🤣,2025-04-20 07:54:27+00:00,positif
buset bansosss aj di korup bansoss cok bansosss...gila GK ini negara/ oknum,2025-04-20 07:50:57+00:00,negatif
"kalo si gemoi lihat ini pasti kasian melihat nya,, bahkan akan di beli in mobil dinas juga😁",2025-04-20 07:50:27+00:00,negatif
"lah ditangkep nangis, waktu korupnya gimana ya😂",2025-04-20 07:44:35+00:00,negatif
"gw mau bikin organisasi untuk reset negara ini dan buat pemerintahan baru,ada yang mau ikut ngk?",2025-04-20 07:44:31+00:00,negatif
Nangis penuh Harta apakah itu,2025-04-20 07:42:01+00:00,negatif
sampah nya buat di kasih makan istri?,2025-04-20 07:34:56+00:00,negatif
SAMPAH DI KORUPSI ? 😳😳😳,2025-04-20 07:33:41+00:00,negatif
pasti presiden gak tega lihat yg seperti ini trus minta dibebaskan. alasan kasihan dia sampai nangis...🤣🤣,2025-04-20 07:33:35+00:00,negatif
#Indonesiasakit,2025-04-20 07:26:01+00:00,positif
"75,9 m itu bukan untuk dia 100%. pasti ada org yg lebih berkuasa yg menyuruh nya. dan beliau dalam tekanan mau gak mau ya korup.",2025-04-20 07:25:34+00:00,negatif
"giliran korupsi nya g nangis
trs gmna nasib rakyat yg nangis tiap hari",2025-04-20 07:24:28+00:00,negatif
Anjirrrrrr semuanya dikorupsi😅,2025-04-20 07:22:41+00:00,positif
Nagisnya kek kartun 🤡,2025-04-20 07:18:57+00:00,netral
75m makan apa pa emg tiap hrinya? Loh saya makan padang 20rb aja udh ngeluh kemhalan loh pa😭🙏🏻,2025-04-20 07:14:35+00:00,negatif
kapok...,2025-04-20 07:13:53+00:00,negatif
baguslah tangkap terus seenaknya aja maling,2025-04-20 07:08:19+00:00,netral
"kasian pak,bebasin aja..nangisnya kyk anak kecil gak di kasih jajan..lgian cm 75,9 miliar koq",2025-04-20 07:04:16+00:00,negatif
ada luthung nagis 😂😂,2025-04-20 07:00:08+00:00,netral
anjai,2025-04-20 06:59:22+00:00,netral
"ini masih wajar korup nya dari pada sebelah, brp taun yaa kira kira",2025-04-20 06:55:12+00:00,negatif
"capek bgt sama negara sendiri,apa2 di korup,,hadehh sampai kpn kahh??😳",2025-04-20 06:53:52+00:00,negatif
UNTUK APA NANGIS?,2025-04-20 11:37:30+00:00,netral
pas nilep duit arwah nya lgi healing jadi pas ketangkep nangis histeris karena gak tau apa yang terjadi kemarin 🗿,2025-04-20 11:28:07+00:00,negatif
hukum seumur hidup 😂😂,2025-04-20 11:27:20+00:00,negatif
bayangin sampe sampah di korup😅,2025-04-20 11:21:44+00:00,negatif
"75 m untuk menghidupkan anak istri? atau memenuhi gaya hedun istri ? kalau puluhan juta mungkin masih masuk akal ,laah ini 75 M cui kurang dikit 76 m",2025-04-20 11:21:35+00:00,negatif
lawak,2025-04-20 11:13:24+00:00,negatif
nangidd beneran apa borongan tuh🤪,2025-04-20 11:07:48+00:00,netral
bijir 76.9 miliar buat makan sekeluarga doang 😳,2025-04-20 10:57:55+00:00,negatif
ari rupa mah kaya manusia tpi rohnya apa y,2025-04-20 10:54:58+00:00,positif
teu cara ngalebok duit ah sia,2025-04-20 10:53:13+00:00,negatif
"271 triliun, 75 miliar, indonesia emang kaya broo 🔥",2025-04-20 10:49:17+00:00,negatif
nangis krn ketahuan🤣,2025-04-20 10:48:25+00:00,positif
🤣🤣🤣,2025-04-20 10:45:03+00:00,positif
"ngambilnya Gak Nangisss,Ketangkep nangis loe 😁.....",2025-04-20 10:34:27+00:00,negatif
😂😂😂,2025-04-20 10:21:58+00:00,positif
😏😏😏,2025-04-20 10:21:56+00:00,positif
waktu pakek duitnya kok gak nangis,2025-04-20 10:21:40+00:00,negatif
🤣🤣🤣🤣,2025-04-20 10:19:58+00:00,positif
sebenarnya negara kita ini kaya sekali bayangkan sampah saja jadi duit gede,2025-04-20 10:14:19+00:00,negatif
🤣🤣🤣🤣🤣🤣🤣🤣🤣🤣🤣🤣🤣🤣🤣🤣🤣🤣🤣🤣🤣🤣🤣🤣🤣🤣🤣,2025-04-20 10:12:15+00:00,positif
"oh ini yang dimaksud prabowo, kasihan nasib anak istrinya, sekarang saja jadi faham😁",2025-04-20 10:08:26+00:00,negatif
"anak koruptor dah pernah ngalamin hidup mewah glamor , sedang kan rakyat kecil ttp dlm kondisi kekurangan , air mata palsu",2025-04-20 10:08:22+00:00,negatif
Sampah pun di korupsi kan udah gawat kali kalian ini,2025-04-20 10:03:13+00:00,negatif
"makan pakai butiran mas mungkin anak istri nya.
bukan makan nasi.
klw beras nggak se bayak itu duitnya😁",2025-04-20 09:55:51+00:00,negatif
OMG sampah aja dikorupsi andaikan t*ai juga bisa mungkin sudah dikorupsi juga 🤣🤣🤣,2025-04-20 09:46:10+00:00,negatif
saat nikmati uangnya nga mewek ke enakan ya makan uang sampah.,2025-04-20 09:41:03+00:00,negatif
Mantaap,2025-04-20 09:37:35+00:00,netral
ihh bapak newbie ya. baru 75M udah nangis. yang 1 Kuadriliun aja santai banget,2025-04-20 09:28:00+00:00,negatif
Yang keren koruptor nahwa umar di kota kendari nih. coba cek aja,2025-04-20 09:24:35+00:00,negatif
astagfirullah..... ngeri denger tangisannya..😂😂😂😂😂,2025-04-20 09:17:28+00:00,negatif
Mantap menikmati duit rakyat kita,2025-04-20 06:37:00+00:00,positif
"🤣🤣🤣.. bentar juga di bebasin .. lawak ..🤣🤣🤣 .. beda sama maling ayam ,, harus di salam olahraga dulu ..",2025-04-20 06:33:57+00:00,negatif
Kok dia yg nangis😭,2025-04-20 06:32:09+00:00,positif
"75,9 untuk makan anak istri .
trus slama ini kita ini makan apa? 🗿",2025-04-20 06:23:31+00:00,positif
ini lebih menjiwai dari pada mony*et curi pisang di tambang timah,2025-04-20 06:18:07+00:00,negatif
kasihan anak dan istrinya jika hrus di tangkap,2025-04-20 06:16:17+00:00,negatif
klo ke tangkap nagis..tapi klo buat makan dan poya poya uangnya ketawa ketiwi...,2025-04-20 06:12:02+00:00,negatif
lucu sekali 😏,2025-04-20 06:11:37+00:00,positif
Lagi apes. 🤣🤣,2025-04-20 06:09:56+00:00,negatif
awalnya gue kira suara nyamuk😭🙏🏻,2025-04-20 06:08:23+00:00,netral
"kacau, parah.",2025-04-20 06:05:29+00:00,negatif
Gemes ih nangisnya😃,2025-04-20 06:03:23+00:00,positif
giliran di tangkap nangis mau heran tapi kenyataannya lu sudah kalap nilep pak,2025-04-20 05:57:16+00:00,negatif
"klo gk ketahuan,si ibu lg flexing tas hermes😁",2025-04-20 05:56:02+00:00,netral
nangis ko di rekam sambil ngaca pulasambil lihatin bibi kayaknya😂😂😂,2025-04-20 05:55:20+00:00,negatif
Tumben tak berMASKER dan di BORGOL.Mantsb👍,2025-04-20 05:48:15+00:00,negatif
opera,2025-04-20 05:46:55+00:00,positif
jadi kalau negara kita ini disebut negara tempat pembuangan sampah jangan baper,2025-04-20 05:34:58+00:00,negatif
jangan sampai pesona indonesia tau🗿,2025-04-20 05:33:26+00:00,positif
😅😅,2025-04-20 05:32:35+00:00,positif
hahahahahahhaa kocak 🗿,2025-04-20 05:24:24+00:00,negatif
tangisan macam apa ini,2025-04-20 05:11:51+00:00,positif
😂😂😂,2025-04-20 05:09:54+00:00,positif
🤣🤣🤣🤣,2025-04-20 05:07:43+00:00,positif
kukira guguk 😂😂 ternyata orang nangis🤣,2025-04-20 05:07:15+00:00,negatif
Yaudah bebasih tapi 75 m di bayar di muka sekarang!!!!!,2025-04-20 05:06:33+00:00,negatif
@pesonaindonesia sound baru min😁😁😁,2025-04-20 05:05:29+00:00,positif
takut aja badannya bau sampah..🥺,2025-04-20 04:59:31+00:00,negatif
😅😅😅😅😅😅😂😂😂😅😅😅,2025-04-20 04:48:00+00:00,positif
makin lama koruptor meraja Lela di konoha,2025-04-20 04:45:46+00:00,positif
negara udah jdi sarang maling,2025-04-20 03:02:24+00:00,negatif
makan birkin bag,2025-04-20 02:59:45+00:00,positif
yeu nangis lo,2025-04-20 02:57:33+00:00,netral
ketangkep nangis giliran mkn duwit nya diem2 loo,2025-04-20 02:57:08+00:00,negatif
kukira sound nye seriosa,2025-04-20 02:56:05+00:00,positif
knalpot apaan itu,2025-04-20 02:55:28+00:00,negatif
maliiiiiiiiing,2025-04-20 02:54:26+00:00,negatif
"75,9milyar kena berapa tahun penjara? dibanding ama yg kemarin?",2025-04-20 02:52:56+00:00,negatif
"parah nih,anak istri kasih yg harom",2025-04-20 02:52:42+00:00,negatif
😅😅😅 bebas,2025-04-20 02:52:25+00:00,negatif
"75,9 M looo itu ko ngasih anak binik mu makan pakai apa anjirrrr😫
kebanyakan nonton ""mari kita cobaa"" anak binik mu😤",2025-04-20 02:50:57+00:00,netral
😂😂😂,2025-04-20 02:45:22+00:00,positif
si to lol,2025-04-20 02:43:37+00:00,netral
coba lihat badan mereka yg banyak uang gemuk beda sama masyarakat pada kurus🤣,2025-04-20 02:42:38+00:00,negatif
berantas dan ganti koruptor era pa bowo😂😂,2025-04-20 02:38:48+00:00,negatif
😞😞,2025-04-20 02:38:43+00:00,positif
nyanyinya syahdu bangeetttt😅,2025-04-20 02:38:04+00:00,positif
itu nyanyi ikutan kontes nyanyi aja😞,2025-04-20 02:37:47+00:00,positif
Kiraiin padus tadi 😔,2025-04-20 02:36:26+00:00,positif
di bantulah kasihan anak istrinya mau makan apa,2025-04-20 02:36:13+00:00,negatif
Ente terima itu dalam bui penjara...😂🤣😂🤭🤭,2025-04-20 02:35:42+00:00,negatif
😂😂😂😂😂,2025-04-20 02:35:39+00:00,positif
😂😂😂😂😂😂,2025-04-20 02:33:12+00:00,positif
🤣🤣,2025-04-20 02:32:39+00:00,positif
tenang aja pk kabid d tangan pk wowo...anda bebas dan aman,2025-04-20 02:32:28+00:00,negatif
ini baru cocok🤣,2025-04-20 02:30:43+00:00,positif
yg nangis kaya lagi nyanyi seriosa😁😂😂,2025-04-20 02:29:43+00:00,positif
@Pesona Indonesia min ada sound baru nih🗿,2025-04-20 03:47:34+00:00,positif
Enak banget minta bebas udah makan duit rakyat ya harus bertanggung jawablah pak.,2025-04-20 03:46:27+00:00,netral
tangisan sandiwRa,2025-04-20 03:45:41+00:00,netral
dari sampah sampai uang haji semua di korup..keren sekali negara ini cokkkkk,2025-04-20 03:45:38+00:00,negatif
"Innalillahi, bisa bisanya akting🤣",2025-04-20 03:43:16+00:00,positif
YaAllah negara ape ini😭😭😭,2025-04-20 03:37:30+00:00,positif
"kapok mu kapan nek wis ngene,e nangis kan",2025-04-20 03:35:35+00:00,negatif
ngent*t,2025-04-20 03:34:39+00:00,negatif
lah ko nangis,2025-04-20 03:32:16+00:00,negatif
SAMPAH DI KORUPSI? AWAS DI KETAWAIN NEGARA LAIN🤣🤣,2025-04-20 03:29:48+00:00,negatif
Waduh apalagi ini? Gk ada habis-habisnya🤦🏻‍♀️,2025-04-20 03:26:20+00:00,negatif
🤣🗿,2025-04-20 03:26:02+00:00,positif
matane,2025-04-20 03:25:59+00:00,netral
"hah untuk makan sampe 75,9 M ,, itu mh buat gaya bukan buat makan pak",2025-04-20 03:25:54+00:00,negatif
Pantesan negara indo skrng lagi krisis 😭,2025-04-20 03:24:33+00:00,negatif
makan apaan sampe miliar? babi premium?,2025-04-20 03:23:03+00:00,negatif
laporkan prabowo kasihan dia korup untuk mensejahterakan anak istrinya kok ditangkap,2025-04-20 03:22:41+00:00,negatif
😂😂😂😂😂😂😂,2025-04-20 03:20:36+00:00,positif
75.9 Milyar dikorup.. Sampah dimakan.. Jorok nyaa...,2025-04-20 03:20:21+00:00,negatif
waduhhhh..anak istri mkn apa pak kok segitu bnyaknya ...😂,2025-04-20 03:15:47+00:00,negatif
"Jangan dikasihani! karna dia, ada orang diluar sana yang ngga bisa makan karna kemiskinan 😡",2025-04-20 03:14:36+00:00,positif
konoha2,2025-04-20 03:12:39+00:00,positif
yg cuman Yuri singkong gimana,2025-04-20 03:12:34+00:00,negatif
kasian hati mungilnya.😭😭😭,2025-04-20 03:12:10+00:00,negatif
banyak banget makan anak istrinya?,2025-04-20 03:12:07+00:00,negatif
"menangislah bu...
biar kami tertawakan",2025-04-20 03:11:38+00:00,negatif
"75,9 M anak istrinya dikasi makan apa sgitu
klo aset koruptor disita kasian anak2nya kata bapak itu",2025-04-20 03:10:11+00:00,negatif
😱,2025-04-20 03:09:45+00:00,positif
"kasian nnti kalau di miskin kan anak istrinya,wkwkwkwkwkwk anyyionbghgg",2025-04-20 03:09:16+00:00,negatif
"yg gajinya dibawah umk aja bisa.buat makan anak istri
lah ini 75,9M 🤣 1kampung dijadiin istri semuakah 🤣",2025-04-20 03:06:35+00:00,netral
nangis karena ketahuan itu,2025-04-20 02:14:24+00:00,negatif
"aduhlah jdi ikutan sedih😭
knpagaditangkapdaridulu🙂",2025-04-20 02:14:14+00:00,positif
"pening lihat negara ini, kapan lah Aceh pisah sama NKRI",2025-04-20 02:12:07+00:00,negatif
sampah pun di korupsi cox‼️‼️,2025-04-20 02:11:27+00:00,negatif
"air mata buaya, enak bgt nangis🤣🤣",2025-04-20 02:11:20+00:00,netral
korupsi hukum seperti di Korea langsung di tiadakan,2025-04-20 02:10:04+00:00,negatif
🤭🤭🤭🤭,2025-04-20 02:08:12+00:00,positif
dnger nangis nya malah makin gedek,2025-04-20 02:07:22+00:00,negatif
anj-r sampah dikorupsi🧐,2025-04-20 02:05:24+00:00,netral
79 m makan apa.. 79rb oke..,2025-04-20 02:00:25+00:00,negatif
alasan klasik untuk bisa diringankan atau dibebaskan,2025-04-20 01:58:23+00:00,netral
"tenang pak berkelakuan baik aja nnti disel, pura² taat....spya bnyak remisi...😊😊😊",2025-04-20 01:52:26+00:00,negatif
"Makan apaan 75,9 M!!!! Makan emas lu ?",2025-04-20 01:50:01+00:00,negatif
anjai kirain suaura tongeret hutan,2025-04-20 01:48:19+00:00,netral
😭😭😭😭😭 terlanjur terlambat 😅😅,2025-04-20 01:47:25+00:00,negatif
"apakah itu tong sampah menangis...
karena sampahnya dah habis dimakan",2025-04-20 01:44:33+00:00,negatif
"76M buat makan istri anaknya, itu mereka sekali makan habis 5 ekor sapi kah? wkwkwk",2025-04-20 01:44:28+00:00,negatif
"kan udah ngerasain makan enak ,foya"" tiap hari pake duit rakyat,, knpa nangis.. 🤭😁",2025-04-20 01:43:25+00:00,negatif
sound nya 😭,2025-04-20 01:42:37+00:00,positif
"aku kira tangisan emak"" rempong 🤭🤭🤭😭😭😭",2025-04-20 01:41:40+00:00,negatif
ngasih makan apa sampe miliaran gituh! ngalebok naon atuh siateh,2025-04-20 01:41:29+00:00,negatif
Saya mengira lg paduan suara😆,2025-04-20 01:40:09+00:00,positif
"minta di bebaskan, trus itu uang bisa di kembalikan full berserta bunganya gak ?",2025-04-20 01:38:26+00:00,negatif
kocak bet nangis yh,2025-04-20 01:38:02+00:00,netral
"nangisnya ko kayak gitu,ngeri dengarnya",2025-04-20 01:37:19+00:00,negatif
"negara lain udah maju, indonesi jg udah maju tapi yg maju korupsix🤣🤣🤣",2025-04-20 01:36:04+00:00,negatif
Nangis takut kere sih 🙏🏻😂@piscesmarch,2025-04-20 01:35:08+00:00,negatif
nyenyenye,2025-04-20 01:31:01+00:00,positif
"kata ketum @gerindra : kasian anak mereka...
😂😂😂",2025-04-20 01:29:15+00:00,positif
mewek geus Kitu mah,2025-04-19 23:32:09+00:00,netral
.Kuraaaaaaaang....Kuraaaaaaang...😭😭😭,2025-04-19 23:24:56+00:00,negatif
🤣🤣🤣,2025-04-19 23:24:32+00:00,positif
sampah pun sampai bs dikorupsi,2025-04-19 23:23:06+00:00,negatif
lagi makan jadi mual denger tangisannya,2025-04-19 23:22:18+00:00,negatif
😁😁😁,2025-04-19 23:20:44+00:00,positif
buseh,2025-04-19 23:19:28+00:00,positif
astaqfirullah nangisnya bikin ngilu,2025-04-19 23:18:20+00:00,negatif
siapa sih yg ngasih backsound kayak gt... 🤔,2025-04-19 23:09:45+00:00,netral
🥰🥰🥰,2025-04-19 22:55:10+00:00,positif
wkwkwkkwkw,2025-04-19 22:52:17+00:00,netral
Too lol,2025-04-19 22:50:44+00:00,negatif
klo distater susah gini masalahnya apa ya?,2025-04-19 22:44:08+00:00,netral
anak istri sy makan juga cuma gocap sehari😭,2025-04-19 22:43:06+00:00,negatif
🤣🤣🤣🤣🤣🤣🤣,2025-04-19 22:42:46+00:00,positif
sy yakin dia d korban kan,2025-04-19 22:37:36+00:00,netral
tangisan species baru nama nya termul tahinensis 💩,2025-04-19 22:34:24+00:00,positif
Lah ngapain nangis minta di bebasin🤣 korupsi smpe segede itu wkwk kocakkk,2025-04-19 22:30:13+00:00,negatif
drama di mulai 👏👏,2025-04-19 22:24:40+00:00,positif
sampah aja dikorupsi begitu bobrok kah pejabat negeri ini😔,2025-04-19 22:18:09+00:00,negatif
"makan anak pamajikan 75,9m makan apa pamajikan na makan Wagyu A5 tiap hari wkwkwk",2025-04-19 22:16:04+00:00,negatif
"lepaskan saja, jangan sampai anak istrinya menderita.. biar rakyat miskin saja",2025-04-19 22:08:08+00:00,negatif
"saya mohon sama bapak"" polisi yg ada disana tolong di bebaskan kasian dia korup ada alesannya, dia buat keluarga 75,9 M,,
saya mohon lepaskan saja pak kasian,, biar warga yg urus pak,,, 😁😁",2025-04-19 21:55:27+00:00,negatif
tangsel lucu,2025-04-19 21:46:15+00:00,netral
😂😂😂😂,2025-04-19 21:41:15+00:00,positif
makannya di kasih mobil rumah motor tanah mungkin😂,2025-04-19 21:35:06+00:00,netral
uang ...uang ...uang. .. gak ada lagi😂,2025-04-19 21:25:18+00:00,negatif
"maksudnya korupsi sampah ini, kek mana ceritanya??",2025-04-19 21:13:27+00:00,negatif
"makan pake apa 75,9 miliar😅😅",2025-04-20 00:21:47+00:00,netral
sampah pun ada koripsinya 😭,2025-04-20 00:21:04+00:00,positif
orang kok makan sampah,2025-04-20 00:18:35+00:00,netral
ampe sampah laahhcoba itu😭,2025-04-20 00:18:31+00:00,netral
Anak istrinya makan emas antam apa gimana? Mahal banget biaya makannya,2025-04-20 00:18:26+00:00,negatif
ditangkap malah paduan suara 🤔,2025-04-20 00:16:43+00:00,negatif
"mending gaji mu kau depo kan,beli scatter, gamungkin busuk terus daripada korupsi",2025-04-20 00:16:12+00:00,negatif
duit segitu bukan buat makan aja tapi buat kawin lagi juga bisa bu bu🤣🤣🤣,2025-04-20 00:14:44+00:00,netral
"ihh kasian bagaimana nasib keluarga nya nanti kalo dia di penjara walaupun sebentar, tp alhamdulillah UU perampasan aset ngga di sahkan paling tidak keluarga di rumah masih sehat dan tidak kelaparan.",2025-04-20 00:13:28+00:00,negatif
"pada rakus amat ya 😩pada ga bersyukur punya jabatan gaji gede, ruangan dingin kerja g seberapa. masih aja kurang manusia apa bukan si",2025-04-20 00:12:42+00:00,netral
korupsi milayaran buat makan anak istri😭😭😭😭😭,2025-04-20 00:12:17+00:00,negatif
masih sedikit itu blum trilyunan,2025-04-20 00:07:04+00:00,netral
"kami didesa nyari 100 ribu aja sangat berat ,ini korup 75,9 miliar cuman tuk makan anak istri, smoga petinggi negri memperbaiki kualitas dan menyingkirkan para korupsi sita Asti dan di miskinkan",2025-04-20 00:06:26+00:00,negatif
kebutuhan makannya byk bgt..sampe 75 milyar,2025-04-20 00:06:10+00:00,negatif
lgi korup enak giliran ketangkep nangis parah,2025-04-20 00:04:49+00:00,negatif
hurung bang🔥,2025-04-20 00:00:37+00:00,netral
🤣,2025-04-19 23:59:38+00:00,positif
jangan dibebasin mending,2025-04-19 23:55:59+00:00,netral
🤣🤣🤣🤣🤣🤣,2025-04-19 23:51:49+00:00,positif
g napsu liat koruptor d tngkap g d apa2in,2025-04-19 23:48:36+00:00,negatif
edaaaan....sampah juga ampe di korupsi..,2025-04-19 23:47:20+00:00,negatif
kalau semua koruptor minta dibebasin enak banget ya 😍 isi penjara apa mau diganti sipil semua kah,2025-04-19 23:44:13+00:00,negatif
🤣,2025-04-19 23:38:20+00:00,positif
"75,9 Buat makan? Makan sayur emas?",2025-04-19 23:37:17+00:00,negatif
Suara apa tuh man !,2025-04-19 23:36:33+00:00,positif
suara supra canstart,2025-04-19 23:36:24+00:00,netral
"super power uang, hidup dan berjaya lah korupsi😀😀😀",2025-04-19 23:34:41+00:00,positif
🤲,2025-04-19 19:33:01+00:00,positif
"percuma tangkap koruptor tiap hari, percuma ungkap ribuan kasus korupsi tiap hari kalau hukumannya cuman bgitu2 saja",2025-04-19 19:29:27+00:00,negatif
Buset buat makan aja masih di korupsi anjirrr negara konoha,2025-04-19 19:24:29+00:00,negatif
kemaren ketawa ketiwi sama 4 LC,2025-04-19 19:23:58+00:00,negatif
PENJARAKAN !!!!!!! 😅,2025-04-19 19:21:41+00:00,negatif
Kayak suara apa ya?😁,2025-04-19 18:50:22+00:00,positif
nha Ng bung koplok,2025-04-19 18:45:55+00:00,netral
astaghfirullah korupsi dari segi apapun di negara ini bisa yaaa. 😢😢😢 kayak gimana ini dosa2 mereka. hukumannya lebih berat lagi tolong 😢,2025-04-19 18:40:14+00:00,negatif
"makan apa 75,9 m ? ngeri kali selera nya",2025-04-19 18:37:52+00:00,negatif
keliatan kl org ini pasti sering main dlm sinetron2 tv....bln dpn pasti dpt kontrak kerja sm stasiun tv.....,2025-04-19 18:37:12+00:00,negatif
🤣😂😅,2025-04-19 18:35:09+00:00,positif
udh kayax suara kunti 😃,2025-04-19 18:31:26+00:00,positif
buat makan anak istri 🤔😱,2025-04-19 18:27:21+00:00,positif
😅😂,2025-04-19 18:25:33+00:00,positif
"Udah lah pak wowo bebasin dia kasian anak istrinya 75 M itu kan cmn bs beli cendol, rakyat indo kan da sejahtera😏😏😏",2025-04-19 18:23:58+00:00,negatif
"khawatir dengan perut istri dan anaknya.. segede apa ya.. sehingga makannya butuh 75,9 Miliar.",2025-04-19 18:20:28+00:00,negatif
"@Selir Lee Do-Hyun oh tangsel, ga kaget",2025-04-19 18:19:18+00:00,negatif
"Banten udh jdi provinsi termiskin pak,jangan dikorupsi juga Napa etdah",2025-04-19 18:17:42+00:00,negatif
pantesan mobil angkut sampah pada ambroll 😂🤣,2025-04-19 18:16:58+00:00,negatif
makannya banyak banget kah,2025-04-19 18:14:26+00:00,netral
"75.9 M buat makan ?
Segede apa perutnya 🙈",2025-04-19 18:12:28+00:00,negatif
"Yg korupsi negara sendiri ya , aku curiga dulu jmn penjajahan Belanda aslinya pke kerja Indonesia di bayar , tapi duitnya di tilep",2025-04-19 18:11:07+00:00,negatif
pantesan sampah2 di setiap pinggir jalan bnyak bgt gk ada yg urus. ujung2 nya jalanan buat pembuangan sampah,2025-04-19 18:08:04+00:00,negatif
makan sampah doyan juga ya... astagfirullah,2025-04-19 18:07:08+00:00,netral
orang² cari uang kok gampang banget ya,2025-04-19 18:02:32+00:00,netral
🤣,2025-04-19 18:01:04+00:00,positif
Kok seram suara tangisannya klo tengah malam🙈🙈🙈🙈,2025-04-19 18:00:15+00:00,netral
sampe sampah pun bisa dikorupsi sebesar 75 M ? sampah ape bende tu 🗿,2025-04-19 17:56:59+00:00,negatif
Ketika korup tdk sedih waktunya ketangkap merengek rengek,2025-04-19 15:57:30+00:00,negatif
suara nangis apa suara mantra yak?,2025-04-19 15:55:54+00:00,negatif
🤣🤣sampahpun klian korup,2025-04-19 15:51:20+00:00,negatif
"Ikhlas in aja bu,suami anda baik2 saja d dalam tahanan.pake duit nya mau masa terima resiko nya gk mau 😅.",2025-04-19 15:50:50+00:00,netral
kok makin marak korupsi ya,2025-04-19 15:49:25+00:00,negatif
@manusia silver 😭😭😭,2025-04-19 15:48:03+00:00,positif
😏,2025-04-19 15:47:49+00:00,positif
anal istri makan apa njirr,2025-04-19 15:47:29+00:00,netral
"jangan di kasihani, mencuri uang",2025-04-19 15:45:08+00:00,negatif
Sampah aja dikorup.... kya nya negara kita mesti direstat ke setelan pabrik deh biar pd hilang semua korup2nya.,2025-04-19 15:38:50+00:00,negatif
makan apa 75 milier 😂 10rebu beli naspad apa bubur jg kenyang itu mh serakah,2025-04-19 15:38:28+00:00,negatif
😂😂😂,2025-04-19 15:37:19+00:00,positif
😂😂😂,2025-04-19 15:37:09+00:00,positif
"Nikmatin duitnya tidak pakai hati nurani, Giliran ditangkap minta diampuni, guendengg",2025-04-19 15:35:28+00:00,negatif
"gara gara koruptor .rakyat susah
bawa sini biar di sekolahin",2025-04-19 15:35:04+00:00,positif
"jangan sampai ini di parodiin sama Agung Karmologi ya, bahaya 🤣🤣🤣🤣🤭🤭",2025-04-19 15:34:37+00:00,positif
"makan apa 75,9M? ko tega sih ngasih makan keluarga pake uang haram?",2025-04-19 15:33:24+00:00,negatif
mamvus,2025-04-19 15:30:34+00:00,negatif
Saat ketauan... Wktu korup rs ny nikmat ya pak,2025-04-19 15:27:20+00:00,negatif
sampah aja sampai dikorupsi,2025-04-19 15:26:51+00:00,negatif
"itu anak istrinya makan apa pak, sampai 75,9M?
itu anak istrinya pasti buang air pasti yg keluar intan atau emas.🤣🤣🤣🤣🤣🤣",2025-04-19 15:26:40+00:00,negatif
hantu blawu,2025-04-19 15:25:12+00:00,netral
naspu dunia....,2025-04-19 15:24:09+00:00,positif
mahal kali makanan keluarganya,2025-04-19 15:24:06+00:00,negatif
makan apaan anjir 75m🗿,2025-04-19 15:22:18+00:00,netral
"kyanya gabisa direstar doang nih negara,harus hard reset nih kyanya",2025-04-19 15:21:42+00:00,negatif
🤣🤣🤣,2025-04-19 15:19:10+00:00,positif
Mohon izin bertanya dengan sopan ini kalau dia di tangkap apakah kita akan naik gaji?,2025-04-19 15:18:23+00:00,negatif
lah dia pas ngelakuin korup gak nangis ko sekarang nangis ih,2025-04-19 15:18:12+00:00,negatif
"Gila, di negara ini apapun bidangnya ada aja yg korupsi, parah",2025-04-19 15:17:52+00:00,negatif
di bawah video ini ada kakek kakek jualan kerupuk ngesot. gakkkk nangissss kek eluuuuuu,2025-04-19 16:18:49+00:00,negatif
bagus ektingnya,2025-04-19 16:18:17+00:00,netral
apa apaan sih sampah pun di korupsiii. apa lagi yg bisa aku percayaaaaa 😭😭,2025-04-19 16:17:29+00:00,negatif
merdu suara nya 😂😂,2025-04-19 16:17:05+00:00,positif
nyenyenye,2025-04-19 16:16:56+00:00,positif
Gwendeng cogh,2025-04-19 16:15:18+00:00,netral
Wkwkwk,2025-04-19 16:14:53+00:00,positif
negara....... part2,2025-04-19 16:12:04+00:00,negatif
Bingung banget ama negara sendiri😭,2025-04-19 16:11:38+00:00,positif
🤣🤣🤣🤣🤣,2025-04-19 16:10:13+00:00,positif
😅😅😅😅😅,2025-04-19 16:10:08+00:00,positif
Panas tiris tamah😭,2025-04-19 16:09:30+00:00,netral
😂😂😂😂😂😂,2025-04-19 16:08:03+00:00,positif
😂😂😂😂😂,2025-04-19 16:07:52+00:00,positif
"saya juga mau pak buat makan 75,9M",2025-04-19 16:07:41+00:00,positif
cengeng banget nich tikus,2025-04-19 16:07:19+00:00,negatif
"kasihan ya,,,kira2 cp yg kasihan ya",2025-04-19 16:05:13+00:00,negatif
jangan kasi ampun🔥,2025-04-19 16:04:36+00:00,netral
"Njirlah semua aja di korup njir, ampe kesampah2 juga astagaaa",2025-04-19 16:04:14+00:00,negatif
"bagus sangat mewek nya,cocu klo di bikin nada dering 😂😂😂😁😁😁",2025-04-19 16:01:56+00:00,negatif
"Gaji nya kan cukup jika hanya buat makan anak istri.
Yg pekerja buruh kasar saja cukup koq jika hanya buat makan.
apa lagi ini kabid.",2025-04-19 15:58:25+00:00,negatif
🤣😭😭🤣,2025-04-19 13:13:46+00:00,positif
😂,2025-04-19 13:13:02+00:00,positif
negara korup fixx,2025-04-19 13:10:48+00:00,negatif
banyak bener makannya 😂😂,2025-04-19 13:10:32+00:00,positif
maling kok nangis 😂,2025-04-19 13:10:22+00:00,negatif
Aku kira sound nya editan😭,2025-04-19 13:10:19+00:00,positif
"paan 75,9 milliar buat makan anak istri, 1 jt 5 jt cukup kali🗿",2025-04-19 13:07:41+00:00,negatif
"Makan apaan sampe 75,9 M 😭",2025-04-19 13:07:39+00:00,negatif
ang ang ang ang ang ang,2025-04-19 13:07:32+00:00,netral
🤣🤣🤣,2025-04-19 13:04:31+00:00,positif
😂😂😂,2025-04-19 13:01:51+00:00,positif
🤪🤪🤪,2025-04-19 13:01:25+00:00,positif
coba cek aja di kota kota lain😁...,2025-04-19 13:00:52+00:00,negatif
"pye iki sampah loh pdhal😭@Risolmayo bisa""ny smpahpun ditelen😭",2025-04-19 12:58:16+00:00,negatif
😃😃😃 mirip suara di film misteri,2025-04-19 12:58:06+00:00,netral
Buat makan istri dan anak?? wkwk org tua gue aja susah bgt nyari duit buat anknya hadehh,2025-04-19 12:56:51+00:00,negatif
klau sudah ketangkap baru nangis pak2,2025-04-19 12:56:04+00:00,netral
jadi mulyono sebelum nya ngapain aja sih?,2025-04-19 12:55:19+00:00,negatif
Calon Sound Meme nih,2025-04-19 12:52:34+00:00,netral
"blm ktangkap ketawa bahagia..
udh ketangkap nangis..😅",2025-04-19 12:52:19+00:00,negatif
"makan apa sampe 75,9 M ?. buat beli nasi padang bisa 1 truk itu mah",2025-04-19 12:51:07+00:00,negatif
klo kata dedi mulyadi mah buat pemprov jabar 40M mag kecil apa lg ini buat negara y tambah ga ngaruh,2025-04-19 12:47:59+00:00,negatif
tangisan nya bikin gue ngakak 🤣,2025-04-19 12:47:27+00:00,netral
sampai ke sampahpun di korupsi ? 😭😭😭,2025-04-19 12:47:24+00:00,negatif
anak istinya makan sampah kah?,2025-04-19 12:46:09+00:00,netral
75milyar bs bli pabrik tahu n tempe bs buka pabrik,2025-04-19 12:43:50+00:00,negatif
... AIR MATA BUAYA DARAT ... 😂😂😂,2025-04-19 12:42:43+00:00,netral
intinya apa? untuk kasih makan pribadi atuhh sama aja kecuali dia bilangnya untuk di bagi²kan ke masyarakat kecil,2025-04-19 12:40:55+00:00,netral
nasi padang 10 rb,2025-04-19 12:40:53+00:00,positif
segitu bnyak duit ... kgak bagi2 sh 🤣,2025-04-19 12:42:22+00:00,negatif
😀😀😀😀😀🙈,2025-04-19 12:40:20+00:00,positif
🤨🤨🤨🤪🤪🤪🤪🤪🤪🤪,2025-04-19 12:40:07+00:00,positif
"Warga itu pada bayar iuran sampah lo.. dan Pemda jg punya anggaran. Koq bisa sampah numpuk di sungai. Petugasnya males kerja. Kalau di kerjakan , yg kerja di bayar dgn bener pasti bersih sampahnya",2025-04-19 12:39:20+00:00,negatif
pantesan lampu ciputat mati terus,2025-04-19 12:37:58+00:00,negatif
banyak amat kasih makan 75 miliyar,2025-04-19 12:37:54+00:00,negatif
hah,2025-04-19 12:35:33+00:00,negatif
Era2 korupsi paling byk selama indonesia merdeka,2025-04-19 12:00:50+00:00,negatif
assiik istrinya kawin lagi,2025-04-19 11:57:17+00:00,positif
"kan bapa prabowo mah sayang sama koruptor mah asetnya g bakal di sita, masa tahanannya banyak potongan ,tinggal sogok sana sini asal ga ketauan bebas",2025-04-19 11:53:53+00:00,negatif
negara ko isinya para korupsi semua... mau jadi apa ini negeri😭😭,2025-04-19 11:52:46+00:00,negatif
😂😂😂😂😂😂😂,2025-04-19 11:52:44+00:00,positif
"sampe uang sampah juga di korup ngeri kali negara kita,pantes GK maju maju",2025-04-19 11:50:04+00:00,negatif
dapat duit banyak kok nangiss🤣,2025-04-19 11:50:03+00:00,positif
drama apa ini😁😁😁,2025-04-19 11:49:57+00:00,positif
sdh salah berik kin telinga aja,2025-04-19 11:46:48+00:00,negatif
jago main dramanya,2025-04-19 11:40:34+00:00,positif
suara nangis nya berasa di orchestra🩰,2025-04-19 11:36:19+00:00,netral
🤣🤣,2025-04-19 11:36:02+00:00,positif
@pesonaindonesia cocok soundnya min😭,2025-04-19 11:34:27+00:00,positif
"itu mah cuman pura pura spik,kalau lagi banyak duit mah maenan nya diskotik.🤣😃",2025-04-19 11:32:06+00:00,negatif
tujupulu milyar buat makan apa pak?! tiang listrik?😌,2025-04-19 11:31:31+00:00,negatif
😳😳😳😳😳,2025-04-19 11:29:18+00:00,positif
😮😲,2025-04-19 11:26:36+00:00,positif
sadis itu. pak hhh,2025-04-19 11:25:15+00:00,negatif
gini amat negaraa gue🙂‍↔️,2025-04-19 11:24:51+00:00,positif
bagus bagus hhh,2025-04-19 11:23:52+00:00,netral
udah gk ada harapan lg konoha ini,2025-04-19 11:20:11+00:00,positif
"Makan mah 100k juga cukup setiap hari anak istri, itu mah makan gengsi",2025-04-19 11:17:23+00:00,positif
mudah mudahan segera dapat hidayah biar cepet tobat !,2025-04-19 11:17:05+00:00,positif
Anjirr badan aj gede🙃😳,2025-04-19 11:15:42+00:00,positif
bagus ni buat nada dering...,2025-04-19 11:14:33+00:00,negatif
uang apapun dikorupsi 😭 capek bgt konoha ini 😭😭😭😭,2025-04-19 11:13:44+00:00,negatif
"Lu makan apa anj 75,9M emak gua noh 100rebu dibawa kepasar bisa buat seminggu dirumah ada 4orang😒",2025-04-19 11:11:15+00:00,negatif
🤣🤣🤣,2025-04-19 09:59:55+00:00,positif
makan emas kali ya anak istrinya 😭 sampe sebanyaak itu korupnya buat makan aja,2025-04-19 09:58:45+00:00,negatif
🤣🤣🤣🤣🤣,2025-04-19 09:57:38+00:00,positif
sampah aj dikorupsi...😭🤦🏻‍♀️,2025-04-19 09:55:57+00:00,negatif
nangis pas udh ketauan wkwk😂,2025-04-19 09:54:18+00:00,negatif
🤣🤣🤣,2025-04-19 09:54:09+00:00,positif
harus distelan pabrik negara ini...jika ga mampu lewat manusia ...maaf alam saja yg menyempurnakan...pasti ga ada terikan ham...tangisan gagu...😂😂😂😁,2025-04-19 09:53:29+00:00,negatif
jangan kok enak saja dibebaskan 75m itu nggak sedikit,2025-04-19 09:53:03+00:00,negatif
maneh kunaon 😂😂😂,2025-04-19 09:52:41+00:00,netral
Sekalian aja semua korup di maaf kan kalo gitu semua juga butuh makan emng lo aja dah lah pantes buat main sinetron indosiar🤣,2025-04-19 09:52:21+00:00,negatif
"@Lazaret` tak masuk akal, sampah pun di korup bejir😹",2025-04-19 09:52:04+00:00,negatif
entr siapa yg mau ngabisin duwitnya 🤣🤣🤣,2025-04-19 09:49:57+00:00,negatif
🤣🤣bapak ny doraemon lgi nyanyi lagu apa ya,2025-04-19 09:49:31+00:00,positif
😁🤣,2025-04-19 09:48:39+00:00,positif
Nangisnya kaya bocah minta ice cream...😅😂😅,2025-04-19 09:47:58+00:00,netral
hahahhahaha.....tangisnya lucu,2025-04-19 09:44:49+00:00,negatif
Gimana negara gak Mo mundur apa2 dikorupsi itu akibat dr hukum yg tdk tegas,2025-04-19 09:44:28+00:00,negatif
@Fhania,2025-04-19 09:44:10+00:00,positif
bahahaha nangis karna takut miskin gabisa korup lagi wkwkkek🤣🤣,2025-04-19 09:43:00+00:00,negatif
dia ngomong apa sih,2025-04-19 09:41:32+00:00,negatif
ke sampah sampah di korup ya allah indonesiaa🙂,2025-04-19 09:41:31+00:00,negatif
suara burung apa itu kak,2025-04-19 09:40:53+00:00,negatif
"ngapain2 nangis2,, ga ada kerjaan",2025-04-19 09:40:27+00:00,netral
Sampe sampah pun di korup 😭,2025-04-19 09:38:30+00:00,negatif
lah ko nangis,2025-04-19 09:37:41+00:00,negatif
hahahahihihuhuhhu nangisnya gitu banget hahhaa,2025-04-19 09:36:25+00:00,negatif
Bener2 negara penuh tikus di mana2 korupsi sampai duwit sampah pun di kurupsi ngeri sekali negri ini😭,2025-04-19 09:36:12+00:00,negatif
"gk ngerty, kan sampah biarin aja biar bersih lingkungannya...",2025-04-19 09:32:58+00:00,positif
dana masjid aja bisa di korupsi apalagi yang lain pikir aja sendiri di negara konoha tercinta ini😂,2025-04-19 09:32:17+00:00,negatif
nangis pula 😂,2025-04-19 09:31:58+00:00,netral
Di akhirat mereka yang korupsi di apakan sama tuhan ya gaes,2025-04-19 10:09:46+00:00,negatif
yang belom di korupsi mungkin penimbunan limbah tai,2025-04-19 10:09:22+00:00,negatif
😂😂😂,2025-04-19 10:09:17+00:00,positif
pantes aku ga kaya kaya ternyata aku bukan anak koruptor😂🙏🏻,2025-04-19 10:08:16+00:00,negatif
korupsi sampah maksudnya?,2025-04-19 10:07:36+00:00,negatif
kita semua jg bakalan korupsi cm blm ada kesempatan aja.,2025-04-19 10:07:29+00:00,negatif
kejamm negara inii,2025-04-19 10:06:29+00:00,positif
😂😂😂😂😂😂,2025-04-19 10:06:22+00:00,positif
"75,9 Miliar Buat Makan Apa Seneng Seneng😹😹",2025-04-19 10:05:08+00:00,negatif
😅😅😅,2025-04-19 10:04:53+00:00,positif
"jutaan rkyt menangis kau g perduli,,,,,bahkn tertawa senang "" di atas darah rkyt",2025-04-19 10:02:11+00:00,negatif
Dasar manusia sampah aja di korup,2025-04-19 10:01:54+00:00,negatif
PEMERINTAH ISINYA MAYORITAS BAJINGAN SEMUA(MENURUT SAYA 93%),2025-04-19 10:01:23+00:00,negatif
😅yaelah pas korupsi saja kaga nangis . . .Ko pas ketangkap mewek,2025-04-19 10:01:19+00:00,negatif
hee heee hee heee🐶🗿,2025-04-19 10:01:18+00:00,netral
pertanyaannya makanan apa yang dimakan anak dan istrinya bapak tersebut?,2025-04-19 08:49:27+00:00,netral
nenek moyang ku seorang pelaut ✖️nenek moyang ku seorang koruptor ✅,2025-04-19 08:46:39+00:00,positif
yg bener aja 🗿,2025-04-19 08:45:15+00:00,positif
Pakah yg bgni yg ngaku berijazah 😂😂😂,2025-04-19 08:43:52+00:00,negatif
"ga ngerti gw, yg dh bnyak duit masih aja korup😩",2025-04-19 08:42:52+00:00,negatif
"buset 75,9 m pgin apa"" keknya tingal beli ya enak bner hidupnya",2025-04-19 08:41:51+00:00,negatif
negara apasih😭😭😭😭,2025-04-19 08:40:30+00:00,positif
lah anaknya makan brati tangkap jg dong😏,2025-04-19 08:40:11+00:00,netral
teu kudu leweh jirrr rujit🤧,2025-04-19 08:38:19+00:00,negatif
lah kocak,2025-04-19 08:36:54+00:00,negatif
"wkwkkwk dr haji, zakat sampe sampah di korupsi, t*i doang yg ga di korupsi🤣",2025-04-19 08:36:10+00:00,negatif
et girang amat pak😂,2025-04-19 08:36:07+00:00,positif
astaga..... sampah kok di korupsi 😏😏,2025-04-19 08:35:03+00:00,negatif
nagis itu 😂😂😂😂😂😂😂😂😂😂😂😂😂😂😂😂😂😂😂😂😂😂😂😂😂😂😂😂😂😂😂😂😂😂😂😂😂😂😂😂😂😂😂😂😂😂😂😂😂😂😂😂😂😂😂😂😂😂😂😂😂😂😂😂😂😂😂😂😂😂😂😂😂😂😂😂😂😂😂😂😂😂,2025-04-19 08:31:58+00:00,negatif
sandiwara...drama kolosal...🤣🤣🤣,2025-04-19 08:31:27+00:00,netral
😂,2025-04-19 08:31:26+00:00,positif
itu suara nangis atau ngeung ngeung motor?🤣🤣,2025-04-19 08:29:48+00:00,negatif
"enak bgt minta di bebasin,klo gitu suruh bayar ganti rugi nya skrg juga",2025-04-19 08:29:47+00:00,negatif
kocak bgt nangisnya🤣🤣,2025-04-19 08:29:40+00:00,netral
nanges di jejeli telepong mah,2025-04-19 08:28:39+00:00,negatif
tangis bahagia,2025-04-19 08:26:29+00:00,positif
🤣🤣🤣🤣🤣🤣🤣,2025-04-19 08:25:49+00:00,positif
🤣🤣🤣🤣🤣🤣,2025-04-19 08:23:43+00:00,positif
"ini beneran nangisnya kayal gt, 😂😂😂 lawak bgt sumpah",2025-04-19 08:22:50+00:00,negatif
Makan apa anak sm istrinya 75m?,2025-04-19 08:21:15+00:00,netral
Yg nangis jejelin sampah 😒,2025-04-19 08:20:46+00:00,netral
😂😂😂😂😂,2025-04-19 08:20:45+00:00,positif
"belum juga 100 miliar, minimal 1 T lah, dikit bet",2025-04-19 08:20:36+00:00,negatif
sekali-kali angota DPR diperiksa lah,2025-04-19 07:24:58+00:00,negatif
untung gk dikasih makan belatungnya,2025-04-19 07:24:57+00:00,negatif
gaji kabid emg kurang ya?? gimana yg bagian lapangan ya klo kabidnya aja merasa kurang😅,2025-04-19 07:24:55+00:00,negatif
baca caption wahai orang paling ngebet komen tanpa mikir,2025-04-19 07:24:45+00:00,negatif
"makan ap tu anak istri mu sampai 76,9 milliar.makan emas atau mutiara kan..brrti memang rakus anak istrimu😂😂",2025-04-19 07:23:53+00:00,negatif
bedalah pengangkut sampah mah urusan orgnya sama warga2nya. KLO pngangkut sampah dinas gajinya 3 juta,2025-04-19 07:23:19+00:00,negatif
Duit segitu buat kasih makan anak istri? Buat ngasih makan gundik yg disetiap provinsi ada kali,2025-04-19 07:23:14+00:00,netral
Nanges ae pakkkkkk 😭 anakku ya bisa,2025-04-19 07:23:12+00:00,netral
Masya Allah 😭😭,2025-04-19 07:23:01+00:00,positif
🤣🤣🤣🤣,2025-04-19 07:22:11+00:00,positif
tangisan penuh uang haram😅,2025-04-19 07:22:04+00:00,positif
. padahal tunjangannya 23 juta. gajinya 5-6 jutaan .,2025-04-19 07:21:35+00:00,negatif
aturlah... gua udah bosen liat beritanya... di beritain doang ga ada efek jerahnya 🤣🤣🤣,2025-04-19 07:21:23+00:00,negatif
Badan doank gede..😂,2025-04-19 07:21:22+00:00,netral
75.9 M untuk makan??? apalah kita yg mati² an uang 20 rb kudu cukup bkn cmn buat makan doang! tolong lah!!!!! capek! alasan nya ga masuk!,2025-04-19 07:19:19+00:00,negatif
"76 Miliar mah bukan Makan, tapi MAKAN!!!",2025-04-19 07:18:47+00:00,negatif
kok nangis pak 😂lucu,2025-04-19 07:18:40+00:00,netral
"uang utk kemaslahatan kota dan daerah pun di embat utk nafsu, benar2 b###$@t",2025-04-19 07:18:38+00:00,negatif
memang kasihan anak-anak nya. bebaskan aja. #prabowokasihananakkoruptor 😳😳😳,2025-04-19 07:18:33+00:00,negatif
😂😂😂😂😂😂😂,2025-04-19 07:18:19+00:00,positif
"sedih x tangisannya buk, lebih sedih lagi anak bangsa merantau kekamboja sampai diambil ginjalnya",2025-04-19 07:18:05+00:00,negatif
@Pesona Indonesia,2025-04-19 07:18:00+00:00,positif
Dia nangis karna takut disita asetnya 😅,2025-04-19 07:16:55+00:00,negatif
Kaya suara rubah😂,2025-04-19 07:15:27+00:00,positif
😂😂,2025-04-19 07:15:23+00:00,positif
"emang makan anak dan listrinya pasti lobster alaska dan caviar. yang bener aja buat makan 75,9M",2025-04-19 07:15:14+00:00,netral
kenapa harus di pnjara ..KASIAN TAU PAK,2025-04-19 07:15:11+00:00,negatif
sampah nya yg mana,2025-04-19 07:15:01+00:00,positif
Aaiiirrrr mata buayaaa👹,2025-04-19 07:14:37+00:00,negatif
"temennya ga ada apa pak
makan doang milyaran",2025-04-19 07:29:55+00:00,negatif
ibk maaf waktu ibk ambil untuk makan senang jalan ibk tdk terkejut tdk menangis marah bertanya klu saya terkejut tibah mendadak banyak dapat uwang setelah ketauwan baru ibk nangis karna tdk bisa enk2,2025-04-19 07:29:22+00:00,negatif
Suara tikus kejepit😅,2025-04-19 07:28:01+00:00,positif
anak istri cenah,2025-04-19 07:26:19+00:00,negatif
"Inilah lirik lagu ciptaan Leo Waldy,Tak ada gunanya menangis lagi, buang air mata yang tiada arti🤣🤣🤣🤣🤣🤣",2025-04-19 07:25:50+00:00,negatif
giliran di tangkep aja nangis nangis 😒,2025-04-19 07:25:45+00:00,netral
nangisin apa coba😶😶,2025-04-19 07:25:22+00:00,positif
HAHAHAHAHAHAHAHAHAHHAHAHAHAHAHAHAHAHHAHAHHAHAHA😂😂😂🤣🤣🤣🤣🤣,2025-04-19 07:25:19+00:00,positif
dikit banget korubsi nya😹😹😹,2025-04-19 07:25:06+00:00,negatif
makanya apaaan smpe segitu banyak,2025-04-19 06:59:28+00:00,netral
semua dana dibidang apapun mudah dan semua dikorupsi TDK ada yg selamat sangkin boubrouknya indo,2025-04-19 06:59:15+00:00,negatif
"ketauan nangis2
trikk bandit dr lahir🤣🤣🤣",2025-04-19 06:58:49+00:00,netral
"YG BIKIN JUDUL SIAPAA, GUA TANYA?!!! . Masa gue reflek ""diih ngapain k*r*psi sampah, ambil nih di rumah gue banyaaak""",2025-04-19 06:58:43+00:00,negatif
🤣🤣🤣🤣,2025-04-19 06:58:33+00:00,positif
ini menunjukan orang Indonesia tingkat kreatifitas nya tinggi bgt .... sampah pun BS JD ladang korup 😂😂😂,2025-04-19 06:58:24+00:00,negatif
anak istrinya makan mercy?,2025-04-19 06:56:55+00:00,negatif
🤣🤣🤣,2025-04-19 06:56:48+00:00,positif
"Capek bgt tinggal di negara ini yaallah setiap hari harus nonton banyaknya kasus korupsi, pngen pindah negara tp aku hanyalah butiran debu😭😭",2025-04-19 06:56:42+00:00,negatif
gliran di minta pertanggung jwaban nangis luh minta blaskasihan.. dlu bringas makan uang haram.. 😁,2025-04-19 06:56:27+00:00,negatif
"ga heran, masyarakatnya juga gitu, ayah saya punya mesin pengolah sampah, sudah disediain tinggal rutin kasi uang sewa buat biaya perawatan mesinnya, hasilnya? u know lah negeri konoha",2025-04-19 06:55:48+00:00,negatif
buat makan anak istri ye,2025-04-19 06:55:26+00:00,positif
🤣,2025-04-19 06:55:20+00:00,positif
"75.9 milyar buat makan anak istri doang, buat makan doang ya, apa gk sakit perut anak istrinya tuh makan duit hasil korup 🙂🙂",2025-04-19 06:53:53+00:00,negatif
heran bgt kalau udh jelas terbukti kok masi ngemis dibebasin😌,2025-04-19 06:53:39+00:00,negatif
"trus yang terpaksa nyuri untuk makan keluarga hingga ada yang sampai dimasa gimana kabarnya pak, anda korupsi segitu banyak lo",2025-04-19 06:53:18+00:00,negatif
waduh 75 m.....curi ayam harga 500 ribu babak belur,2025-04-19 06:53:16+00:00,negatif
kasian njirrr,2025-04-19 06:52:49+00:00,netral
🤣🤣🤣🤣🤣🤣🤣,2025-04-19 06:51:57+00:00,positif
"sdh giliran di tangkap nangis...🤔
waktu makan uang ya...ketawa ketiwi... shoping tujuh keliling..😅",2025-04-19 06:51:54+00:00,negatif
pantes kalo lewat Tekno arah pasar Serpong banyak mobil sampah pada ngantri ternyata duit nya di korupsi,2025-04-19 06:51:32+00:00,negatif
75 M utk mkn itu ga hbis 7 turunan pak,2025-04-19 06:51:26+00:00,positif
🤣🤣🤣🤣🤣🤣🤣🤣,2025-04-19 06:51:11+00:00,positif
😭😭😭😭😭😭😭,2025-04-19 06:50:58+00:00,positif
hadeuhh,2025-04-19 06:50:48+00:00,netral
😅,2025-04-19 06:50:24+00:00,positif
oh jadi dia orangnya,2025-04-19 06:49:18+00:00,positif
Sudah cape ..liat berita korupsi...,2025-04-19 06:14:23+00:00,negatif
buang sampah aj kira2 gmn ya biar adil... bikin susah rakyat aj org kyk gini,2025-04-19 06:13:58+00:00,netral
🤣🤣🤣,2025-04-19 06:13:42+00:00,positif
kata nyah priseden kita mau rubah indonesia yang haus korupsi tapi mana sampe skrng masih ajj banyak tikus” yang porupsi,2025-04-19 06:12:29+00:00,negatif
kaya ada sura tuyul nangis,2025-04-19 06:12:16+00:00,netral
🤣🤣🤣,2025-04-19 06:12:09+00:00,positif
soundnya boleh nih di custom😜 yok ahh @ekagustiwanaputra,2025-04-19 06:11:56+00:00,netral
duitnya ga sedikit boss....gimana ini hukuman terlalu ringan klr juga masih kaya,2025-04-19 06:11:56+00:00,negatif
seperti hrs di perbaiki ahlak deh banyak banget pd korupsinya,2025-04-19 06:11:54+00:00,negatif
😂😂😂,2025-04-19 06:11:45+00:00,positif
"hikssss tangisan nya itu punya arti...g gak bisa shoping makan enak gak bisa jelong"" ke luar negeri lagi paaaaaaaa😂😂😂😂😂",2025-04-19 06:10:50+00:00,negatif
@pumyyy sampah kantor mahal ya dek🤔,2025-04-19 06:10:29+00:00,positif
🙃🙃🙃🙃🙃,2025-04-19 06:10:18+00:00,positif
mungkin kalo .. sarapan dia ke Singapura..nanti mkn siang nya ke jepang ..mkn MLM nya di Belanda 😂,2025-04-19 06:09:49+00:00,negatif
"sampah doang sih wkwkwkww
negara gak kekurangan duit bos
pantes negara gak maju maju
sampah aja diurusin
nebang kayu 3 tahun
maling ayam 5 tahun
protes kepresidenan 7 tahun
awokawok
negara sakit apa dh sampe begitu nya",2025-04-19 06:09:32+00:00,negatif
"padahal lu punya uang lu aman bro disini ,kan biasanya suka di siap upp",2025-04-19 06:09:31+00:00,netral
75.9M buat makan? aing makan sebulan less than 500k bisa 😭😭😭,2025-04-19 06:09:05+00:00,negatif
kalau didaerah kami sei sikambing hrs byr 20 ribu KL nambah orang nambah uang sampah,2025-04-19 06:09:03+00:00,negatif
Ya Allah … biasanya yg d angkat jd pejabat yg jago2 korupsi kali ya… biar bisa setoran 🙏🤣🤣,2025-04-19 06:08:56+00:00,negatif
saat korupsi adem Ayem... giliran di tangkap glarongan....😎,2025-04-19 06:08:51+00:00,negatif
nangisnya kyk kuntilanak 😭😭😭😭,2025-04-19 06:08:28+00:00,netral
Kok ga takut ya ngasih makan keluarga dri hasil korup,2025-04-19 06:07:54+00:00,negatif
"China udah nyiptain Kawasaki corleo, disini koruptor makin makin",2025-04-19 06:06:44+00:00,negatif
mungkin cuma petir dan puting beliung dan badai yg ga bisa di korup diindo🤭,2025-04-19 06:05:47+00:00,negatif
"wahh klo pak pres lihat pasti langsung bebas ini ,
karna undang undang kasian dan belasungkawa",2025-04-19 06:05:24+00:00,negatif
"75M buat makan sekeluarga?😳😳😳
makan sate megalodon kale🦈🦈",2025-04-19 06:04:03+00:00,negatif
emas x dimakan atau uranium 🤣🤣,2025-04-19 06:03:59+00:00,positif
saking bahagia sampai nangis,2025-04-19 06:03:58+00:00,positif
"untuk sebuah bangsa,darahnya halal... maka laksanakan",2025-04-19 06:03:50+00:00,negatif
ahahaha nangess kan,2025-04-19 06:03:38+00:00,netral
75M itu sudah bisa makan enak dan kenyang tiap hari,2025-04-19 06:03:31+00:00,positif
sampah aja di korup apalgi taik ya nnt,2025-04-19 06:02:52+00:00,negatif
Gan.. kasian Gan.. 😔🫴🐊,2025-04-19 06:02:30+00:00,netral
"ga mungkin sampah dikorupsi, uang hasil dari sampah deh kayaknya, masak sih doyan sampah 🧐",2025-04-19 06:02:30+00:00,negatif
ko bisa sampah korupsi sampah?,2025-04-19 06:02:01+00:00,negatif
kasian kalo buat anak istri bebasin aja 😔,2025-04-19 06:00:49+00:00,netral
air mata buaya....,2025-04-19 05:59:57+00:00,netral
sampah yg di korupsi apanya?? mohon penjelasan,2025-04-19 05:58:34+00:00,negatif
"75,9 miliar buat makan😕",2025-04-19 05:57:09+00:00,negatif
😂😂😅,2025-04-19 05:56:23+00:00,positif
Negara lain sibuk atur strategi dagang Konoha masih sibuk bersih² koruptor,2025-04-19 05:55:54+00:00,negatif
🤣🤣 lucunya,2025-04-19 05:55:05+00:00,positif
"75,9 miliar hanya tuk makan anak & istri..... ?? maling nangisin maliing 😂😂😂😭😭😂",2025-04-19 05:55:00+00:00,negatif
"nangis krn ketahuan, kl blm ketahuan masih keyawa😃😃😃😃",2025-04-19 05:53:51+00:00,netral
🤣🤣🤣🤣🤣🤣🤣🤣😅😅,2025-04-19 05:53:48+00:00,positif
🤣🤣🤣🤣🤣😅😅😅🤣🤣🤣,2025-04-19 05:53:45+00:00,positif
"koq nangis ? nyesel ya knpa cuma ngambil cuma 75 M? coba 180 T gitu ya .toh hukumannya juga g beda"" jauh sm yg ngambil ratusan T..😁😁",2025-04-19 05:45:12+00:00,negatif
😂😂😂😂😂,2025-04-19 05:45:04+00:00,positif
udh habitat tikus ditempat sampah,2025-04-19 05:44:47+00:00,negatif
negara peringkat 99 dari 100 😅..,2025-04-19 05:44:43+00:00,positif
🤣🤣mewah,2025-04-19 05:44:24+00:00,positif
PANTESAN HAMPIR SEMUA PASAR DI TANGSEL SAMPAHNYA SAMPAI MENGGUNUNG YAA.. TERNYATA DANANYA OLEH KABID KEBERSIHAN NYA BUAT MAKAN ANAK BHINI NYA 👏👏👍👍,2025-04-19 05:44:09+00:00,negatif
Mirip sinetron di INDOSIAR 😅,2025-04-19 05:43:34+00:00,netral
Awalnya gua Kirain suara penyanyi orchestra anyingg😭🗿,2025-04-19 05:42:48+00:00,netral
kirain bukan suara nangis😭,2025-04-19 05:42:07+00:00,negatif
🤣🤣🤣🤣🤣🤣🤣,2025-04-19 05:41:23+00:00,positif
@˃ᴗ˂ @Mey @lulu🍭 @0% @Nisa Maulida @AL_Yapindo 😌,2025-04-19 05:40:47+00:00,negatif
Sampah korupsi sampah jadinya sampah,2025-04-19 05:40:26+00:00,negatif
"pantes Tangsel kotor banget, di korupsi dana nya 🗿",2025-04-19 05:39:47+00:00,negatif
"siapa itu yg nangis si? segala nangis, kmrn pas make duit nya anteng2 aja ☺️",2025-04-19 05:39:44+00:00,negatif
banyak bngt koruptor di negara kita😩 kapan bisa ky negara lain yg smua dijamin..korupsi aja bnyk bngt bisa utk kemakmuran rakyat,2025-04-19 05:38:53+00:00,negatif
🤣🤣🤣🤣🤣🤣🤣🤣,2025-04-19 05:38:28+00:00,positif
😂😂😂😁😁😁😁😁😁😂😂😂😂😂😂😂😂😂,2025-04-19 05:38:09+00:00,positif
wkk,2025-04-19 05:38:00+00:00,positif
😂,2025-04-19 05:37:41+00:00,positif
"maka nya jgn banyak nuntut sama suami ,biar suami nya ga gragas cari nafkahnya ,suami agek Meleng dikit ingatin
pak pulang bawa uang halal ya bilang gitu ,klu dah gini nangis ajj
ingat Bu keburukan itu pasti ketauan , semua tidak ada yg abadi , kebohongan akan menghancur kan hidup selama nya",2025-04-19 05:37:20+00:00,negatif
9M tak ganti,2025-04-19 05:36:41+00:00,positif
"75,9 miliar itu duit yah",2025-04-19 05:36:10+00:00,negatif
semoga diberikan kekuatan untuk ybs & kluarga,2025-04-19 05:35:48+00:00,positif
tenang buuu uang masih bnyak d bank biar bpk d bui asal ibu n anak terjamin duit banyak😅😅😅,2025-04-19 05:35:36+00:00,netral
yang korupsi sampah melebihi sampah,2025-04-19 05:34:59+00:00,negatif
"pejabat2, kita rakyat susah payah, jungkir balik, kehujanan kepanasan cr uang, byr pajak . malah kalian embat uangnya.eh...payah.tau kah kalian, kalian sdh nikmati keringat org2 susah.",2025-04-19 05:34:53+00:00,negatif
Nangiss air mata buayaa y emak,2025-04-19 05:34:48+00:00,netral
makan duit ny ketawa tawa..ketauan korupsi di tangkep nagis.. 😂,2025-04-19 05:34:28+00:00,negatif
ksh sound dawai biar cocok 🗿,2025-04-19 05:34:19+00:00,netral
menuju Indonesia terlelap,2025-04-19 05:33:48+00:00,negatif
🤣🤣🤣🤣,2025-04-19 04:42:54+00:00,positif
"75,9m buat makan 😂😂😂😂, orang biasa aja 2.5jt masih bisa 1 kluarga/bulan, alasan buat makan ckckckx",2025-04-19 04:42:24+00:00,negatif
betapa rakusnya pejabat konoha sampai sampah aja di korupsi 😏,2025-04-19 04:41:11+00:00,negatif
pasti pak presiden sedih Karna anak istri koruptor terlantar kata nya🤩🤩🤩,2025-04-19 04:41:08+00:00,negatif
@thedarkpage666,2025-04-19 04:40:37+00:00,positif
Sampah?? Dikorupsi apanya sih guys? 😱 duhh negaranya mau dibawa kemana??😭,2025-04-19 04:40:17+00:00,negatif
75m🗿,2025-04-19 04:38:24+00:00,positif
bagaimana anak istri nya apa pantas menderita,2025-04-19 04:38:24+00:00,positif
Uang segitu bisa buat pltsa pak 😂,2025-04-19 04:38:10+00:00,positif
😁😁😁😁😁,2025-04-19 04:37:37+00:00,positif
"pantes 💩 kuning mulu makan'nya aja sekelas 75,9 M😌",2025-04-19 04:37:34+00:00,negatif
sampah gpp x kan biasanya di buang KLO sampah #😂kta gw yg ga ngerti😂,2025-04-19 04:37:17+00:00,netral
"korup kalau aman ketawa"" giliran ketangkep nangis...anjirrr",2025-04-19 04:37:14+00:00,negatif
ini yg bener tulisannya SAMPAH atau SAMPAI ?,2025-04-19 04:36:18+00:00,negatif
makan emas batangan kah,2025-04-19 04:36:02+00:00,netral
ngeri kali bah,2025-04-19 04:35:35+00:00,negatif
"75,9 M coyyy itu buat makan anak istri 100 tahun? 🗿",2025-04-19 04:35:32+00:00,negatif
Wah parah niii....ujung2nya mewek niihh... 🙄🙄🙄,2025-04-19 04:33:54+00:00,negatif
astagaaa sampe Dana Sampah pun dikorupsi 😀😀😀. ini manusia apaaaaa cobaaaaa 😂,2025-04-19 04:33:01+00:00,negatif
klo hp kudu di reset ulang ni negara,2025-04-19 04:31:23+00:00,negatif
makanan apaan njir segitu? batu bara?,2025-04-19 04:31:06+00:00,netral
sound nya gak asing 😁,2025-04-19 04:30:48+00:00,negatif
sampah aja bisa dikorupsi 😭😭👍,2025-04-19 04:30:43+00:00,netral
kukira suara burung hantu ternyata suara manusia 🤣,2025-04-19 04:30:34+00:00,negatif
cup cup😆😆😆😆,2025-04-19 04:30:30+00:00,positif
"😭😭😭😭😂😂😂😂😂😭😭😭😭😂😂
dia nangis apa ngakak??",2025-04-19 04:30:17+00:00,negatif
"Bebaskan pak kasian cuman 75m doang kok, kasian anak istrinya gada yg nafkahin lagi",2025-04-19 04:29:46+00:00,negatif
"75,5 miliar untuk ngasih makan anak istri, anak istri elu nyemilin kayu jati?",2025-04-19 04:28:47+00:00,negatif
"coba cek DLH nya kalsel, siapa tau juga korup soal nya sampah membludak😂😂",2025-04-19 04:28:09+00:00,negatif
makan emas kali tu orang sampai 75M🤣,2025-04-19 04:27:41+00:00,positif
😌,2025-04-19 04:27:04+00:00,positif
makan apa dia anj* 75.9 M!,2025-04-19 04:26:57+00:00,negatif
kasian bangaatt🥺🥺,2025-04-19 04:26:48+00:00,netral
ibu knp nangis? kmaren pas lg menikmati.uangnya hrs nya nangisnya,2025-04-19 04:26:35+00:00,negatif
waktu korupsi bahagia hidup serba kecukupan gilaran ke tangkep nangissssss,2025-04-19 04:26:18+00:00,positif
ang ang ang angg,2025-04-19 04:25:40+00:00,netral
sound baru ini,2025-04-19 04:25:28+00:00,positif
"makanyA knp manusia itu hrs bnyk bersyukur . jgn takut gak makan pak,hidup kita udah ada yg atur rejekinya",2025-04-19 04:25:14+00:00,negatif
ang ang ang😭,2025-04-19 04:25:04+00:00,positif
dikit lagi 💯 tuh,2025-04-19 04:23:43+00:00,negatif
kata Prabowo lepaskan saja kasihan anak anaknya,2025-04-19 04:23:33+00:00,negatif
"syahadat,shalat sama puasa doang kyknya yg blm dikorupsi sma negara kocak ini",2025-04-19 04:23:31+00:00,negatif
sampah bener2 sampahpun dikaraupsi konohaa😂😂😂😂😭😭😭,2025-04-19 04:23:15+00:00,negatif
mirip kuntilanak suara nangisnya 🗿,2025-04-19 04:23:04+00:00,netral
coba cek kab sukabumi,2025-04-19 04:22:22+00:00,netral
pantesan persampahan di Banten ga prnah beres,2025-04-19 04:22:16+00:00,negatif
kek hasto waktu nangis wkwk,2025-04-19 04:22:15+00:00,netral
"75,9m makan apaan? wagyu a5 tiap hari gitu?",2025-04-19 04:21:53+00:00,negatif
Makan apatu sampai miliaran 🫣,2025-04-19 04:21:50+00:00,negatif
🤣🤣🤣🤣🤣🤣🤣🤣🤣🤣🤣🤣,2025-04-19 04:18:29+00:00,positif
Min bisa di coba soundnya @Pesona Indonesia,2025-04-19 04:04:32+00:00,positif
habis ini sound nya dipake ya min 😌 @pesonaindonesia,2025-04-19 04:03:49+00:00,netral
"bagi"" pak 😅",2025-04-19 04:03:00+00:00,netral
"makan apa ya sampe 75,9M",2025-04-19 04:02:57+00:00,netral
boti 🗿,2025-04-19 04:02:26+00:00,positif
@elsa/a @🦢,2025-04-19 04:00:23+00:00,positif
"mkn uangnya enak"" kan giliran suaminya di pegang nangis seluruh dunia denger nangisnya pas seneng"" mkn duit negara ko ga gemeter ga namgis bu pak hadeeeeeeeeeeeehhh kelakuan emamg pejabat 🤪😇🙃",2025-04-19 04:00:16+00:00,negatif
Gimana mau makmur NKRI😡bny koruptornya☝️,2025-04-19 04:00:07+00:00,negatif
@ꦨꦃꦠꦶꦲꦂ,2025-04-19 03:58:11+00:00,positif
ihhhhh,2025-04-19 03:57:13+00:00,netral
🤣🤣🤣bebaskan tapi di masa mau gk..enak aja SDH makan uang rakyat minta bebas...,2025-04-19 03:56:40+00:00,negatif
bagus kasih @pandawaragroup duitnya🙂🔥,2025-04-19 03:55:58+00:00,positif
berrti imbas dari SAMPAH sangat hebat..maka itu..kita harus peduli dgn sampah,2025-04-19 03:55:32+00:00,negatif
😂😂😂😂😂,2025-04-19 03:54:08+00:00,positif
"75,9 M....🥺🥺🥺",2025-04-19 03:53:51+00:00,negatif
gw yg makan pake paket ceban sampe kaget 😣🤧,2025-04-19 03:53:38+00:00,negatif
nangis apa seriosa😳,2025-04-19 03:53:25+00:00,netral
tutorial makanin anak istri pake uang🗿,2025-04-19 03:53:16+00:00,positif
nyanyian bukan sekedar nada 😂😂😂,2025-04-19 03:52:15+00:00,negatif
nangisssssssssss,2025-04-19 03:51:58+00:00,netral
"sampe sampah pun dikorup anying, semuanya aja dah dikorup ini mah😂😂",2025-04-19 03:51:07+00:00,negatif
"anak istrinya makan apa Sampek 75,9 miliar 😭😭",2025-04-19 03:48:21+00:00,negatif
Ya Allah Ya Rabb 🌍,2025-04-19 03:47:48+00:00,negatif
buang Nusa Kambangan,2025-04-19 03:47:28+00:00,positif
Halaaahhh bobrok!!,2025-04-19 03:47:19+00:00,negatif
🤣🤣🤣🤣,2025-04-19 03:47:04+00:00,positif
udah di ciduk mewek.waktu makan uang haram nyitir😡😡😡,2025-04-19 03:45:56+00:00,negatif
duit bisa kl kasih ke anak yatim duafa makmur kehidupan nya. hukuman munyg layak 50 tahun,2025-04-19 03:45:54+00:00,positif
"lg nunggu anak kecil nyebrang jalan, jd bs diselamatin trus pindah isekai😂",2025-04-19 03:45:51+00:00,negatif
"kasian pak kalo d tangkap...mereka kan tulang punggung keluarga,,,kalo dia d tangkap,anak istrinya nanti mkn apa??? 😌😌",2025-04-19 03:45:12+00:00,negatif
tenang pa anak bapa d lindungi istana kata bapak perabowo 😁😂😁,2025-04-19 02:48:15+00:00,positif
koruptor miskin kan,2025-04-19 02:47:36+00:00,negatif
😂😂😂..makan lumpur Lapindo paling 😂😂,2025-04-19 02:47:14+00:00,positif
"yoalah melase....,,😏",2025-04-19 02:47:01+00:00,negatif
Yg nangis berisik deh diem dulu,2025-04-19 02:46:31+00:00,negatif
menyala banget indonesiaku 🥰,2025-04-19 02:46:28+00:00,positif
untuk makan 50rb ckup,2025-04-19 02:45:17+00:00,positif
busyet istri nya makan caviar ama trouffle trus tu +daging wahyu🗿,2025-04-19 02:44:11+00:00,negatif
🤣🤣🤣,2025-04-19 02:44:03+00:00,positif
kecil banget 75 miliar🗿 minimal 1 T,2025-04-19 02:43:49+00:00,negatif
Ok gas ok gas🤣🤣,2025-04-19 02:43:38+00:00,netral
🤣🤣🤣🤣🤣,2025-04-19 02:43:28+00:00,positif
"teryata utang negara buat d korupsi pejabatnya ,bukan untuk menyejahterakan rakyat😭😭😭",2025-04-19 02:43:25+00:00,negatif
mm gusti,2025-04-19 02:42:20+00:00,positif
kasian anaknya kalau beliau di tangkap 😅,2025-04-19 02:41:51+00:00,netral
sampah aj bikin kaya,2025-04-19 02:41:23+00:00,netral
pake gih sound nya @Pesona Indonesia,2025-04-19 02:41:20+00:00,positif
definisi ngasih duit makan keluarga pake sampah 😅,2025-04-19 02:41:15+00:00,netral
So what Happen,2025-04-19 02:40:55+00:00,netral
😂😂😂😂😂😂😂😂😂😂😂,2025-04-19 02:40:42+00:00,positif
Ini kayak nangis pgn beli balon gasih,2025-04-19 02:40:10+00:00,negatif
😁😁😁😁,2025-04-19 02:39:46+00:00,positif
Waktu menikmati uang 76 Miliar pasti ketawa2 terus bersama semua keluarganya 😅 Bisnis Sampah di LN juga sangat besar dari segi Uang. Makanya bisa dikorupsi besar2an,2025-04-19 02:37:47+00:00,negatif
"Ku kira tadi suara emak"" yg nangis🤣",2025-04-19 02:37:29+00:00,negatif
sydih bwanget 😭😫😫,2025-04-19 02:37:22+00:00,negatif
apa yg ngak korup ternyata semua ladang cuan. kalo asli orang kerja sampah /rosokan jijik dipandang sebelah mata padahal halal drpd maling,2025-04-19 02:36:35+00:00,negatif
"wkwkwkwk., komedian sepertinya😅😅",2025-04-19 02:35:56+00:00,positif
"buset untuk makan anak istri 75,9 miliar, itu buat 7 turunan tanjakan sama tikungan juga cukup😅",2025-04-19 02:35:39+00:00,negatif
badan besar suaranya gitu 🤭,2025-04-19 02:35:06+00:00,negatif
keluarga makan uang haram gak boleh,2025-04-19 02:34:18+00:00,negatif
🤣🤣🤣oleng oleng korupsumu mendengarkan rakyat indonesia khususnya prop banten,2025-04-19 02:34:12+00:00,negatif
hidup ini kadang 2 senang kadang2 sidih .. sabar ya,2025-04-19 02:32:52+00:00,negatif
"kocak pas korupsi gak nangis ,pas d tangkap nangis heran gwe",2025-04-19 02:32:20+00:00,negatif
kasihan 😭😭😭,2025-04-19 02:31:41+00:00,netral
ditangkep nangis ga ditangkep juga abis tuh duit wkwk,2025-04-19 02:31:16+00:00,negatif
"sampah pun dikorupsi, apalah",2025-04-19 02:30:39+00:00,negatif
@derainy @Ilovedonaldtrump 😂,2025-04-19 02:30:37+00:00,negatif
lagi berdoa itu 😁,2025-04-19 02:29:53+00:00,positif
"tombol pilih negara ini d reset ulang. pejabatany sudah PDA salah langkah. berlomba"" ingin menjadi pejabat tapi niatnya untuk saling korup.",2025-04-19 02:29:22+00:00,negatif
sound nya bikin ngakak di pojokan 🙈🙈😅,2025-04-19 02:29:08+00:00,netral
dikira td suara nyamuk 😅,2025-04-19 02:28:37+00:00,negatif
Bukan maen,2025-04-19 02:28:28+00:00,negatif
waduh🧐,2025-04-19 02:28:16+00:00,positif
dia malah yanyi melody 🤣,2025-04-19 02:26:22+00:00,netral
sampah aja dikorupsi ?? 🤣🤣🤣bner2 melebihi tikus😌😌😌,2025-04-19 02:25:42+00:00,negatif
"Demi Gengsi Kluarga dalam kehidupan bermasyarakat seorang Ayah harus Rela menanggung Resiko,dunia & Akhirat.",2025-04-19 02:25:29+00:00,positif
cup cupp cuup udah jangan nangis ya paak cup cup,2025-04-19 02:25:23+00:00,netral
sampah aja di korup jir 🙈🙈🙈,2025-04-19 02:24:59+00:00,negatif
air mata buaya🐊🐊🐊 biar kesannya menyesal prettt,2025-04-19 02:24:59+00:00,positif
bnyak pengangguran merajalela,2025-04-19 02:23:22+00:00,negatif
harus ada ketegasan hukum .klo mau indonesia sejahtera ..,2025-04-19 02:23:08+00:00,negatif
hadeuhhhhhh,2025-04-19 02:22:52+00:00,netral
baru sampah..coba perijinan perijinan yg udah terbit dicek juga..pejabat2 sampah ngeruk banyak duit dari perijinan..,2025-04-19 02:22:14+00:00,negatif
ni negera di reset jd mode pabrik bs ga si,2025-04-19 02:22:04+00:00,netral
menangis bahagia kah😁,2025-04-19 02:22:03+00:00,positif
makan apa sampe 75.9 miliar 😅😂🤭,2025-04-19 02:21:31+00:00,negatif
kasihan anak istri nya yang tak berdosa 🗿,2025-04-19 02:21:30+00:00,negatif
😂😂😂,2025-04-19 02:15:43+00:00,positif
"buseh 75,9, itu perut anaknya sekelas paus biru kah?",2025-04-19 02:14:16+00:00,negatif
😂😂😂,2025-04-19 02:13:28+00:00,positif
Anjrr soundnya 🤣,2025-04-19 02:13:08+00:00,positif
"anjir 75,9m bukan ribu😂😂buat makan keluarga 😂😂 terus rakyat yang sampe nyuri pisang gimana kabarnya 😂😂",2025-04-19 02:12:19+00:00,negatif
tangisanmu penuh arti...,2025-04-19 02:12:01+00:00,positif
"75 milliar BUAT MAKAN?
buat berapa turunan itu?",2025-04-19 02:11:55+00:00,negatif
"Sumpah makan apaan 75,9M ?",2025-04-19 02:11:28+00:00,negatif
hadeh,2025-04-19 02:11:10+00:00,negatif
ikhlaskan aja pak..cuma 75 milyar ngak membuat kita muskin😂😂😂,2025-04-19 02:10:09+00:00,negatif
"makan apa 75,9 miliar",2025-04-19 02:09:14+00:00,negatif
"Mahal ya pak makan anak istrinya , sampe 75,9 miliyar, itu makannya di Luar negeri ya pak ? Sembari shopping",2025-04-19 02:09:07+00:00,negatif
Masih untung cuman dipenjara gak dihukum mati,2025-04-19 02:08:59+00:00,negatif
ibu nangis knapa nangis kemarin nikmatin uang nya ketawa ketiwi,2025-04-19 02:08:12+00:00,negatif
apa gak malu semua anggota keluarga nya kl udah begini 🤭🤭🤭🤭,2025-04-19 02:07:50+00:00,negatif
Ngapain nangis ih,2025-04-19 02:07:40+00:00,negatif
negara isinyaa orang² rusak,2025-04-19 02:07:36+00:00,negatif
nangis kurang lucu😀,2025-04-19 02:06:29+00:00,negatif
yang nangis siapa ya,2025-04-19 02:06:07+00:00,positif
"yaelaah...ada lagi...! INGAT BUAT KALIAN PARA PEJABAT,ALLAH TIDAK PERNAH TIDUR,INILAH DOA DAN TANGIS RAKYAT KEPADA SANG KHALID. SATU-PERSATU ALLAH BUKA PERBUATAN KALIAN.",2025-04-19 02:06:01+00:00,negatif
"maksut nya korupsi sampah gimana, sampah nya di sembunyikan gitu",2025-04-19 02:05:54+00:00,negatif
"kasian ya,,, dengernya,, pak jangan di tangkap pak,, kasian anak2nya🤣🤣🤣🤣🤣🤣😂😂
pokoknya jogetin aja",2025-04-19 02:05:09+00:00,negatif
Indonesia harus ganti pemerintah + sama Rakyat’nya juga,2025-04-19 02:05:06+00:00,negatif
"di arak keliling negri...seperti anak pencuri pisang ...waktu itu
nu mewek ni gandeng",2025-04-19 02:05:04+00:00,negatif
WKWKWK LOL,2025-04-19 02:04:57+00:00,positif
bagus banget anak istri di kasih duit yg halal 🤣,2025-04-19 02:04:49+00:00,negatif
mungkin presiden terenyuh dgn tangisan keluarga jd bikin statement seperti kmrn😁,2025-04-19 02:04:25+00:00,negatif
kenapa mewek...ayo di gundulan,2025-04-19 02:04:02+00:00,negatif
semuanya dikorup,2025-04-19 02:03:50+00:00,negatif
vibesnya nangis org sunda🗿🗿🗿,2025-04-19 02:03:48+00:00,positif
makan apaaah ya mon maaap ampe sgtu😩🙏,2025-04-19 01:00:19+00:00,netral
tangsel ga heran,2025-04-19 01:00:04+00:00,negatif
mewek sprt istri yg di madu,2025-04-19 00:59:47+00:00,negatif
Tangsel terkenal kota sampah disana tidak ada tempat penampungan untuk buang sampah sehingga dibuat bisnis para pejabat setempat... silahkan cek kalo gak percaya,2025-04-19 00:59:02+00:00,positif
@Nana,2025-04-19 00:57:36+00:00,positif
hah SAMPAH ¿ gw ulang lagi dg nada dering sampah? serius😭😭😭😭 gilee bener,2025-04-19 00:57:24+00:00,negatif
Itu korupsi 70M++ ke lilit utang kah?🗿,2025-04-19 00:57:14+00:00,negatif
mewek ketahuan 😀😀,2025-04-19 00:57:11+00:00,netral
sound kunti ini. editan ini 🤣🤣🤣,2025-04-19 00:56:20+00:00,positif
🤣🤣🤣🤣🤣🤣🤣🤣🤣🤣🤣🤣🤣🤣🤣,2025-04-19 00:55:53+00:00,positif
sound nya ngakakkkk 😂😂😂,2025-04-19 00:55:21+00:00,netral
aku kira suara puppie,2025-04-19 00:54:58+00:00,netral
seriu dia nangisnya begitu ?,2025-04-19 00:54:52+00:00,negatif
astagfirul sampah pun di korupsi di negri ini 🤦‍♂️🤦‍♂️🤦‍♂️,2025-04-19 00:53:51+00:00,negatif
@pesonaindonesia,2025-04-19 00:53:11+00:00,negatif
yg busuk aja masih doyan 🤣🤣,2025-04-19 00:52:47+00:00,negatif
anak istrinya cuman bisa makan daging wagyu di restoran bintang 10🥲,2025-04-19 00:52:14+00:00,positif
"sampah ae di gasakkk, kebacut",2025-04-19 00:51:23+00:00,negatif
maling kok nangis,2025-04-19 00:50:39+00:00,negatif
g hnis fikri. sampahpun di korupsi. negara apaan ini cook,2025-04-19 00:50:20+00:00,negatif
Kalian tau kan klo 54*_Pah...,2025-04-19 00:50:19+00:00,negatif
"kalo yang nangisnya sampe begini tuh kek ""tumbal"" gitu gak sih?krna dia paling gak ada nilainya/gak punya ordal ky Angelina sondakh dulu.",2025-04-19 00:50:17+00:00,negatif
bisa gk sehari aja w gk liat berita korupsi 😭,2025-04-19 00:50:08+00:00,negatif
"ketahuan aje nangis, kalo gak ketahuan asik"" aje😂😂",2025-04-19 00:48:50+00:00,negatif
🤣,2025-04-19 00:48:41+00:00,positif
nangis karena gak dpt duit lagi dari sampah,2025-04-19 00:47:55+00:00,negatif
ada ibu2 mewek apa gmna sihh🤔,2025-04-19 00:47:39+00:00,netral
maafin aja kasian....,2025-04-19 00:46:47+00:00,negatif
"gmw di tangkap tp berbuat ulah ,minimal minjam uang jgn korupsi",2025-04-19 00:46:15+00:00,negatif
gue kira sound ajim ga taunya lgi nangis🤣🗿,2025-04-19 00:46:00+00:00,netral
bahkan sampah pun di korupsi. yaampun yaampun.,2025-04-19 00:45:09+00:00,negatif
"Korup 75,9m anak istrinya makan apa ya emangnya 🥹",2025-04-19 00:44:56+00:00,negatif
"gw kalau liat tukang sampah itu kasian, knp masih dikorupsi pak
anak istri kasih makan sampah",2025-04-19 00:44:41+00:00,negatif
Pas banget saund 😁😁😁 badan sehat makan cukup karna krupsi,2025-04-19 00:44:11+00:00,netral
bobrok banget ya Allah Indonesia ini...tolong ya Allah basmi korupsi ditanah air tercinta ini Aamiin,2025-04-19 00:43:40+00:00,negatif
mau jadi hakim kaya kang bitna,2025-04-19 00:43:19+00:00,netral
😂,2025-04-19 00:43:01+00:00,positif
apa makanan anak istrix sampe sebanyak itu 😇,2025-04-19 00:42:43+00:00,positif
kasihani istri dan anaknya... nggak adil... kata bapak kita🤣🤣🤣🤣,2025-04-19 00:42:35+00:00,negatif
🤣,2025-04-19 00:41:48+00:00,positif
Uruk di sampah nya aja pa Pendem,2025-04-19 00:41:39+00:00,negatif
😂😂😂,2025-04-19 00:41:00+00:00,positif
🤣🤣🤣🤣🤣🤣lebih sakit maling ayam Masi di salam olaraga,2025-04-19 00:39:56+00:00,negatif
konoha lg rame menuhankan uang sampai lupa yg bukan miliknya wilayahnya pun diembat juga 😭😭,2025-04-19 00:38:55+00:00,negatif
anak istri nya makan emas berlian tiap hari x 🥺🥺🥺 kasian sampe nangis gitu 🥺🥺🥺😃😃😃,2025-04-19 00:38:13+00:00,positif
Ih. Ngga becus nyari duit halal trus dengan enteng mengkambing hitamkan anak istri.,2025-04-19 00:37:57+00:00,negatif
seumur hidup pak..ayo 😁😅😂,2025-04-19 00:36:59+00:00,negatif
korupsi tambah mgila.......,2025-04-19 00:36:33+00:00,negatif
"hukumannya suruh bersihin dan angkut sampah sampai bersih tanpa gajih bersama anak istrinya,amankan",2025-04-19 00:36:27+00:00,negatif
dikit bener,2025-04-19 00:36:01+00:00,netral
😜😜😜😳😳 uuuuuuuuuuu,2025-04-19 00:35:58+00:00,netral
🤪😂😂😂,2025-04-19 00:35:37+00:00,positif
TINGGAL MAHA GURU KORUPTOR BELUM ADA YANG BERANI TANGKAP...,2025-04-19 00:34:19+00:00,negatif
Mewek kau,2025-04-19 00:33:39+00:00,netral
kan cuma smpah biarkan saja,2025-04-19 00:31:49+00:00,negatif
"pertanyaan gw cuma 1 ajah sih. 75,9 M itu dia kasih makan bininya batu bara ape bagaimana?? 😂😂🤣🤣🤣 eettttdahhhhh",2025-04-19 00:30:06+00:00,negatif
ketawa itu,2025-04-19 00:28:05+00:00,netral
"lah
kok ga senyum sambil lambaikan tangan?
kok beda ni koruptor ya",2025-04-19 00:27:14+00:00,negatif
"Haloo mimin @Pesona Indonesia ada sound baru nih,tinggal di jj aja🤣",2025-04-19 00:25:49+00:00,positif
"parah, semua dikorupsi! anj",2025-04-18 19:40:48+00:00,negatif
"lu korup 75,9m kaga nangis??",2025-04-18 19:34:01+00:00,negatif
🗿,2025-04-18 19:28:10+00:00,positif
"skrng nangis ,kmren2 pas nikmatin duit sampah happy2 aja...",2025-04-18 19:19:25+00:00,negatif
makan sampah donk berarti..😳😳😳,2025-04-18 19:18:39+00:00,netral
"Lah, dia malah gonggong 😏",2025-04-18 19:11:41+00:00,negatif
"kata wowo, nanti kasihan anak istrinya 🤣🤣",2025-04-18 19:01:28+00:00,negatif
"andaikan orang2 ini sekolah tinggi jujur, pasti tidak ada orang2 susah di negara tercinta ini🥹",2025-04-18 18:55:25+00:00,positif
berapah tau pisumnya😁?,2025-04-18 18:53:50+00:00,negatif
Istri dan anaknya banyak ya pak? Harus sampe milyaran gitu ngambilnya,2025-04-18 18:41:55+00:00,negatif
Bahkan sampah pun di korup 😭,2025-04-18 18:35:03+00:00,negatif
Tollllllll,2025-04-18 18:31:27+00:00,negatif
music to my ears ❤️,2025-04-18 18:27:12+00:00,positif
😂🤣 ngeri le,2025-04-18 18:26:40+00:00,netral
PEJABAT LAPAR.. SAMPAH AJA DIKORUPSI... TOLOL... 😡,2025-04-18 18:20:32+00:00,negatif
sampah pun mau di korup 🗿,2025-04-18 18:19:48+00:00,negatif
lindungin pak anak dan istri si bapak si koruptor ini kalau bisa abaknya di tanggung sampai tujuh keturunan,2025-04-18 18:18:40+00:00,positif
terharu ih🥲,2025-04-18 18:15:14+00:00,positif
stres ni negara lama²,2025-04-18 18:14:01+00:00,negatif
maling,2025-04-18 18:12:38+00:00,negatif
"apa cuma di sini, ditiap lapisannya ada aja yg korupsi 😭😭",2025-04-18 18:11:54+00:00,negatif
🤭🤭,2025-04-18 18:08:43+00:00,positif
UDAH DI TITIK MUAK LIAT BERITA🙏🏻💔,2025-04-18 18:04:33+00:00,netral
skrg Indonesia apa yg GK dikorupsi gaes?,2025-04-18 18:04:23+00:00,negatif
😅😅😅,2025-04-18 18:03:07+00:00,positif
"lah kaya bocah minta jajan ga di kasih itu ampe begitu.
kemaren waktu korup anteng ya boss😂",2025-04-18 18:01:41+00:00,negatif
"75,9 miliar untuk makan singa kukus, apa pepes gajah?",2025-04-18 17:55:55+00:00,negatif
Mau percya siapa,2025-04-18 17:53:05+00:00,negatif
Kabar buruk setiap hari dikirim oleh negara,2025-04-18 17:50:48+00:00,negatif
Kaya suara tawon jir,2025-04-18 17:35:36+00:00,positif
gua kira lagi bersenandung😭,2025-04-18 17:34:30+00:00,positif
soundnya kaya suara motor resing mau abis bensin🗿,2025-04-18 17:33:17+00:00,netral
Korupsi miliaran suruh di bebasin sedangkan maling ayam 1 di hajar masa,2025-04-18 17:33:17+00:00,negatif
Wkwkwkw🤣,2025-04-18 17:32:25+00:00,positif
"Kim Jong Un tlng jadi presiden Indo sebulan aja, please.. 😁",2025-04-18 17:30:21+00:00,negatif
😭 sampahh aja di korup adohh negara kocak,2025-04-18 17:28:27+00:00,negatif
semakin keren saja setelah ganti presiden😁,2025-04-18 17:27:44+00:00,negatif
infonya 2030 reset ulang dgn nama baru 👍👍,2025-04-18 17:26:09+00:00,negatif
eeeng eeng eeeng eeeng,2025-04-18 17:21:47+00:00,netral
"suara siapa itu menangis
nangis
kyk Indosiar ku menangis 😭",2025-04-18 17:21:39+00:00,negatif
"MAKAN APA SEBANYAK ITUU😭 KAMI AJA SEKELUARGA BER 4 MAKAN 4,5 JT UDAH CUKUP BANGETTTTT",2025-04-18 17:19:46+00:00,netral
anjing menangis seperti manusia,2025-04-18 17:18:09+00:00,negatif
Hidup cuman liat yg korupsi doang🗿,2025-04-18 17:16:12+00:00,negatif
"korupsi tidak akan pernah habis
kalo hukum nya ngga bisa sadis
😁😁😁",2025-04-18 17:14:08+00:00,negatif
"Makan apa sampe segitu istri sama anak nya,bayar pajak cuman buat kaya gini aja😕",2025-04-18 17:13:29+00:00,positif
😂😂,2025-04-18 17:12:52+00:00,positif
🤣🤣,2025-04-18 17:12:24+00:00,positif
75.9 miliar buat makan? 😳😳,2025-04-18 17:12:17+00:00,negatif
sbenarnya dah bbrp x d usahakan di reset tp balik lagi krn mmg kusta kronis,2025-04-18 17:11:58+00:00,negatif
😭😭😭😭ya olooo kok bisa nangis sih dekkk,2025-04-18 17:11:46+00:00,positif
"kok isooo, ndlogok.",2025-04-18 17:11:14+00:00,negatif
suaranya kek uni bakwan nangis 😭😌,2025-04-18 17:10:23+00:00,negatif
sampah saja di korupsi sampe puluhan miliar. pantas Pertamina di korupsi,2025-04-18 17:09:29+00:00,negatif
"muaaaaak,tiap hari lihat maling",2025-04-18 17:08:54+00:00,negatif
Ini bneran negara gua isinya koruptor semua?? Njir 🥹☝🏽,2025-04-18 17:08:06+00:00,negatif
tag yang nangis siapa min .. penasaran aku 😂,2025-04-18 17:07:54+00:00,negatif
lebih kaget sama suaranya,2025-04-18 17:07:05+00:00,netral
"hahahaha ..
pas di tangkap nangis kayak selayaknya orang tdk bersalah 🤣",2025-04-18 17:05:35+00:00,negatif
buat makan Ampe miliyaran,2025-04-18 17:05:12+00:00,netral
@pesonaindonesia sound baru nih min cocok,2025-04-18 16:01:15+00:00,positif
itulah nasib mu. kalau koropsi,2025-04-18 15:59:36+00:00,negatif
makan apa woy 75miliar 😂,2025-04-18 15:58:54+00:00,negatif
Enak bener sdh korupsi miliaran minta di bebas kan,2025-04-18 15:57:49+00:00,negatif
sampah?,2025-04-18 15:54:48+00:00,negatif
Lo pikir jutaan orang di indo ga ngasih makan anak istri?,2025-04-18 15:52:09+00:00,negatif
@Noor~😭😭,2025-04-18 15:49:38+00:00,positif
jangan di penjara kasihan anak istrinya nanti menderita🤣,2025-04-18 15:48:59+00:00,negatif
giliran seneng aja diem2. giliran ketangkep nangis2😹,2025-04-18 15:48:58+00:00,negatif
@auuuwiik @_angell_163,2025-04-18 15:47:44+00:00,positif
puas lo,2025-04-18 15:44:29+00:00,netral
@pesonaindonesia 🥰,2025-04-18 15:41:09+00:00,positif
kocak,2025-04-18 15:35:20+00:00,netral
buat sampah aje di korup 🙃,2025-04-18 15:35:00+00:00,negatif
wkwkwkwkw negeri paling parah pemerintahan nya di seluruh dunia😂,2025-04-18 15:32:45+00:00,negatif
air mata bawang waud,2025-04-18 15:32:08+00:00,netral
Dramaaa pejabats💀,2025-04-18 15:31:51+00:00,netral
miskin kn...,2025-04-18 15:31:23+00:00,netral
huuuuuuu acian nnn🤣🤣🤣🤣,2025-04-18 15:28:59+00:00,negatif
ngenggg ngenggg,2025-04-18 15:28:59+00:00,netral
kirain suara siapa eh ga tau nya dia,2025-04-18 15:26:15+00:00,netral
makan e emang berapa piring ya,2025-04-18 15:26:08+00:00,negatif
dia yg nangis.. saya yg malu. ncookkkk,2025-04-18 15:25:54+00:00,negatif
"makan apa bu sampe 75,9 Miliar. tolong jelaskan kepada kami!!!!!",2025-04-18 15:25:24+00:00,negatif
mkn tuh yang rakyat,2025-04-18 15:24:57+00:00,positif
"Nerima senang minta ampun,ke atas lubang hidung🤪",2025-04-18 15:24:43+00:00,negatif
"Damnnn, it will be the hottest news for my bestie. But i cant tell him this cz he passed last november ☹️",2025-04-18 15:23:13+00:00,negatif
istrinya kq malah tertawa bahagia 🤣,2025-04-18 15:22:31+00:00,positif
Mungkin istrinya 100 😂,2025-04-18 14:23:54+00:00,netral
negara apa sih ini ya allah :(,2025-04-18 14:23:21+00:00,positif
buset 75m buat makan,2025-04-18 14:22:37+00:00,netral
heran,2025-04-18 14:22:11+00:00,netral
kata Prabowo kasihan kalo dimiskinkan 😊,2025-04-18 14:21:52+00:00,negatif
aer mata buaya🤣🤣,2025-04-18 14:21:41+00:00,negatif
gw kira suara apaan..,2025-04-18 14:21:16+00:00,netral
pengen banget lihat meteor nabrak gedung DPR 🥰🥰🥰,2025-04-18 14:21:13+00:00,negatif
Sampahnya pindahin ke rumahnya woy🪓,2025-04-18 14:21:13+00:00,negatif
jir,2025-04-18 14:21:01+00:00,netral
bagus deh dia nangis... tanda dia menyesal... ada yg udah korupsi malah senyum-senyum menyapa wartawan.,2025-04-18 14:20:26+00:00,negatif
bagus banget vocal nya cocok masuk yg enterteiment,2025-04-18 14:20:10+00:00,positif
Apapun bisa jadi ladang korupsi,2025-04-18 14:20:05+00:00,negatif
jgn kabid yg d tangkp tp boz nya jg,2025-04-18 14:19:32+00:00,netral
halah,2025-04-18 14:17:32+00:00,netral
waktu makan duit korup yakin ngga istrinya nangis2🤣,2025-04-18 14:17:03+00:00,negatif
kaing kaing kaing 🗿,2025-04-18 14:16:24+00:00,positif
😁😁😁,2025-04-18 14:15:59+00:00,positif
"bodor,...",2025-04-18 14:15:48+00:00,negatif
😂😂😂😂,2025-04-18 14:15:26+00:00,positif
"astagfirullah kasian amat ya..
tapi kasian lgi hidupku😭😭😭😭",2025-04-18 14:15:05+00:00,netral
hahahahahaha,2025-04-18 14:14:41+00:00,negatif
mangan opo anak bojone korup semono akeh e joh,2025-04-18 14:13:53+00:00,negatif
badan aja gede 🤣🤣🤣,2025-04-18 14:13:21+00:00,positif
yaelah pake nangis,2025-04-18 14:11:54+00:00,netral
@0%😭,2025-04-18 14:11:46+00:00,negatif
"suaminya masih idup ,nangis udah kaya gitu aja",2025-04-18 14:11:30+00:00,negatif
jujur aja dia yg korup kenapa sih dia yg ngeraung raung nangis.. kan harusnya kami yg sedih sampah aja di korup😌😌😌😌😌,2025-04-18 14:11:20+00:00,negatif
total uang korupsi udah bisa bayar utang negara blm sih kira2?,2025-04-18 14:11:15+00:00,negatif
sampah pun dikorup anjr😭,2025-04-18 14:06:58+00:00,negatif
😂😂😂😂🤣🤣🤣🤣,2025-04-18 14:06:52+00:00,positif
pas tangkap nangis,2025-04-18 14:06:12+00:00,negatif
HAHAHAHA🤣🤣🤣,2025-04-18 14:05:10+00:00,positif
Berarti sekarang pengelolaan sampah ke rumah dia ya?,2025-04-18 14:04:46+00:00,negatif
mau jadi apa negri ini mental maling Kabeh,2025-04-18 14:02:48+00:00,negatif
stress,2025-04-18 14:02:17+00:00,negatif
itu sound asli apa borongan😭😭😭,2025-04-18 14:02:10+00:00,positif
Kalimantan Tengah muara Teweh.di priksa dhongggg,2025-04-18 14:01:38+00:00,negatif
BINATANG,2025-04-18 14:00:52+00:00,negatif
"ketauan nangiss, gak ketauan lanjoot",2025-04-18 14:00:24+00:00,negatif
tumben nangis biasanya pada pose loh,2025-04-18 13:59:10+00:00,netral
"Masya Allah, banyak banget yang pada korupsi nanti penjaranya penuh dong, nambah biaya negara ngasih makannya",2025-04-18 13:59:07+00:00,negatif
Hadeh Pak Pak,2025-04-18 13:58:54+00:00,netral
nangis ekting itu😁😁😁,2025-04-18 13:56:53+00:00,netral
"75m
gw makan 1 bulan 600 rbu🗿",2025-04-18 13:56:06+00:00,negatif
nangis sambil ngomong apa sih pak 🤣🤭 jgn tag admin Pesona Indoneaia ntar di jadiin sound 🤣🤣,2025-04-18 13:55:47+00:00,netral
hahahha ko gua ngakak ya nangisnya lucu🤣,2025-04-18 13:55:06+00:00,negatif
😭😭😭😭,2025-04-18 13:53:56+00:00,positif
makan ny apa ?duit ampe segitu se umur hidup g bakal habis kl buat makan,2025-04-18 13:53:11+00:00,netral
dahar emas 75kg?,2025-04-18 13:52:49+00:00,negatif
kemana lah sampah di korupsi bingung,2025-04-18 13:52:01+00:00,negatif
🤣🤣🤣🤣 ngakak gua mah liat beginian,2025-04-18 13:51:50+00:00,negatif
"uang sampah aja di korupsi,,,binatang",2025-04-18 13:51:36+00:00,negatif
mksudnya sampahnya dimakan dia gitu?,2025-04-18 13:51:23+00:00,negatif
"eeeeeeee 😭 yang bayar arisan saya siapa pak, yang bayar kehidupan saya di sosialita siapa pak 😭 eeeeeeeeee eeeee eeeee",2025-04-18 13:51:11+00:00,positif
mukbang kepiting alaska,2025-04-18 13:51:05+00:00,positif
lucu bangettt nangis nya plisss jangan bebas dulu🥰,2025-04-18 13:50:39+00:00,negatif
"Dana Sampah aja di korup,emg dah kelewatan bener🤣🤣🤣",2025-04-18 13:50:25+00:00,negatif
"enak aja minta d bebasin, udh korup 75,9M lho hey. lawak",2025-04-18 13:50:25+00:00,negatif
"saat menikmati , haha hihi huhu gak gak nyami nyami 😂",2025-04-18 13:23:59+00:00,negatif
"😅😅jatuhan hukuman kok gk tertera y, paling cuma 5 th sedangkan masyarakat kecil hukuman penjara 15-25 th 😅😅hukum negara Indonesia memang anehh😅😅",2025-04-18 13:23:51+00:00,negatif
makan apa cuk,2025-04-18 13:23:48+00:00,positif
suara mau mt,2025-04-18 13:23:01+00:00,negatif
😅,2025-04-18 13:22:02+00:00,positif
"makan duitnya ketawa ngakakkkk, 😇😇😇",2025-04-18 13:21:19+00:00,netral
Pantesan TPA Di Pasar jombang ciputat Sudah masuk ke Los Daging..Kasihan kesehatan para Pedagang di ps jombang ciputat..,2025-04-18 13:21:15+00:00,negatif
apa lgi hbs ini😭,2025-04-18 13:20:27+00:00,positif
😅😅😅😅😅,2025-04-18 13:19:32+00:00,positif
waktu terima duit tertawa bahagia.giliran ketangkap nangis....resiko maling ya ketangkap lah buk.,2025-04-18 13:18:40+00:00,negatif
😂😂😂😂😂😂,2025-04-18 13:18:24+00:00,positif
nangisnya lucuuuu🤣🤣🤣🤣,2025-04-18 13:18:12+00:00,positif
"🤣🤣🤣🤣eettt dahh..
berak dicelana..",2025-04-18 13:18:00+00:00,negatif
air mata kuda bukan air mata buaya lagi ini. mah,2025-04-18 13:17:55+00:00,negatif
tenang kau ad pak prabowo yg kan melindungi mu dm kluarga mu,2025-04-18 13:17:45+00:00,positif
udah gak kaget 🤭,2025-04-18 13:16:39+00:00,negatif
@hikariyuuki~7 sampah dikorupsi sama sampah gimana sih konsepnya 😭🙏🏻,2025-04-18 13:16:37+00:00,negatif
"apakah adil anak istri,a menderita. menurut .....",2025-04-18 13:16:06+00:00,negatif
@ديان 😭😭,2025-04-18 13:14:56+00:00,positif
makan apa die hari2?,2025-04-18 13:14:36+00:00,netral
Tag keluarganya dong wkwkwk,2025-04-18 13:13:33+00:00,netral
🤣🤣🤣🤣🤣🤣🤣🤣🤣🤣🤣🤣,2025-04-18 13:13:14+00:00,positif
😂😂 rata2 DLH bermain di perusahaan,2025-04-18 13:12:55+00:00,netral
kirain hellboy...lah😁,2025-04-18 13:12:31+00:00,positif
kasian anak nya kata Wowo 😁😁😁😁,2025-04-18 13:12:18+00:00,positif
air mata iblis,2025-04-18 13:10:45+00:00,positif
"maaf,, ngakak banget denger suara nangisnya 😂😂😂",2025-04-18 13:10:34+00:00,negatif
malu sama sampah 😭😭😭,2025-04-18 13:10:11+00:00,negatif
Ngasih makan anak istri drr sampah berarti,2025-04-18 13:09:44+00:00,negatif
"ketangkep kok nangis , waktu nikmatin duwet sampai millaran ketawa2",2025-04-18 13:09:08+00:00,negatif
"huh,sampah,dikorup?",2025-04-18 11:47:37+00:00,negatif
cekson,2025-04-18 11:45:49+00:00,positif
"sekarang denger yang jumlah M itu kyk kecil bgt perasaan, sakin byk nya korupsi jdi nganggep kecil banget 🗿🗿🗿🗿🗿",2025-04-18 11:44:29+00:00,negatif
enak nya di apain iya yg kaya gini..,2025-04-18 11:42:25+00:00,positif
Aku yakin Indonesia ini sama kaya nya ky negara maju disana 🙂,2025-04-18 11:42:20+00:00,positif
@Kayang😊 makanan wagyu,2025-04-18 11:41:25+00:00,positif
Makannya apa pak anak istrinya?? Marmer china?,2025-04-18 11:41:18+00:00,negatif
@pesonaindonesia pake ga nih min sound ny😭,2025-04-18 11:41:07+00:00,negatif
bebasin aja pak hakim kasihan suami y gak bisa ngasih makan untuk anak istri y .uang 5.9 m tidak buat negara miskin..,2025-04-18 11:39:14+00:00,negatif
"amit² Ka-Bid aja smp segitu korupsinya🤭😭
Udah bener dah trs tangkepin semua tikus gini dr cere smp kakap seret smua 😅 Reset ulang birokrasi&penerimaan cpns",2025-04-18 11:38:25+00:00,positif
air mata kemunafikan,2025-04-18 11:37:58+00:00,netral
Negara ini terlalu kocak,2025-04-18 11:36:56+00:00,negatif
dan nangis biar kenapa pak? 🤦‍♀️,2025-04-18 11:36:13+00:00,negatif
sampah? dikorupsi?😭😭😭😭,2025-04-18 11:36:09+00:00,negatif
air mata buaya itu,2025-04-18 11:36:07+00:00,positif
"bayar berapa pak dulu pas masuk jadi PNS? terus kemarin naik jadi kabid, kena berapa? wkwkwk",2025-04-18 11:34:59+00:00,negatif
"ga usah nangis, seharusnya gua yg nangis dompet kosong",2025-04-18 11:34:46+00:00,negatif
😂😂😂,2025-04-18 11:32:54+00:00,positif
kaya lamsam motor 😂,2025-04-18 11:31:20+00:00,positif
tangisan palsu🤣🤣🤣🤣🤣🤣🤣🤣🤣🤣,2025-04-18 11:31:20+00:00,positif
"kok nangis kan 75,9 miliar itu lain duit receh",2025-04-18 11:30:54+00:00,negatif
ngapain nangiss waktu nikmatin uang nya ketawa tawa sama rohnya mau keluar,2025-04-18 11:30:53+00:00,negatif
"buat makan?? hadeuh...
paling buat
alphard
moge
xmax
rumah 3 lantai
sama singapor liburan..wkwkk",2025-04-18 11:30:16+00:00,negatif
kayaknya dia perlu selimut ya🤔.kasihan kedinginan sampe menggigil,2025-04-18 11:30:03+00:00,netral
anjir org korupsi make nangis segala🤣🤣🤣,2025-04-18 11:29:43+00:00,negatif
makanya disahkan itu RUU perampasan aset koruptor bukan sita aset rakyat..!!! dari januari sampe skrg aja udh brpa yg ketangkap? udh lumayan kan utk bayar hutang negara/utk bansos?,2025-04-18 11:28:26+00:00,negatif
kasian anak istrinya di kasih makan duit korupsi sampah .yg d makan lebih kotor dari sampah,2025-04-18 11:27:53+00:00,negatif
itu yg korupsi KATANYA di hukum jadi kagak nih min @gerindra 😌,2025-04-18 11:27:51+00:00,negatif
waduh sampai rakus sekali sampah saja ikut di makan apa kurang puas makan nasi uduk,2025-04-18 11:27:35+00:00,negatif
giliran udah ketangkep hiksss hikss hikss utk makan anak n istri? makan emas? makan rumah mewah? makan mobil mewah?.. pas blom ketangkep petantang petenteng.???,2025-04-18 11:26:49+00:00,negatif
Kalo istrinya nangis gueh ketawa paling kenceng biar kyk ngakak soundnya wkwk,2025-04-18 11:26:45+00:00,negatif
eem dah kenyang ya 🤣,2025-04-18 11:26:22+00:00,negatif
"😁😁😁udah kenyang terus ketangkep nangis , pulangin tuh duit rakyat 😁😁😁",2025-04-18 11:24:29+00:00,negatif
pas begini baru mikirin keluarga🗿,2025-04-18 11:23:32+00:00,negatif
"Kasihan anaknya, apa kita tega ??",2025-04-18 11:22:49+00:00,negatif
😂,2025-04-18 11:22:04+00:00,positif
😭😭😭,2025-04-18 11:22:01+00:00,positif
bebaskanlah kasihan kita sama anak dan istrinya,2025-04-18 11:21:56+00:00,negatif
bernyanyi atw metawa nh boz merfu amiy.....buktiin fprngafilan nti ja,2025-04-18 11:20:31+00:00,negatif
ngapain mewek?? apkbar'y kmaren pas wktu maling🤣,2025-04-18 11:19:02+00:00,negatif
Sound bagus nih 😂 @Pesona Indonesia,2025-04-18 11:17:31+00:00,negatif
coba uang sebanyak itu sdh bsa buat bebasin tempat tinggal ortu gw dengan harga yg pantas yg sdh tdk layak buat tempat tinggal air sampah suka masuk di lingkungan rmh klo ga percya coba liat aj rmh ada di bwh ktr cipeucang😢😢,2025-04-18 11:16:38+00:00,negatif
"pak presidenku dan jajarannya, semoga d mudahkan menangkap para koruptor",2025-04-18 11:16:36+00:00,positif
"Enak Udah Ngerasain Kaya, Miskin Gpp Kali Skrg Biar Susah Lagi Kembali Ke Settingan Pabrik",2025-04-18 11:16:34+00:00,negatif
pucky 🙏🏻,2025-04-18 11:15:27+00:00,positif
Ung ung ungggggg,2025-04-18 11:14:20+00:00,negatif
"Mungkin anak istrinya banyak, se indonesia🗿",2025-04-18 11:11:41+00:00,netral
"🤣 giliran ketauan nangesss, coba ga ketauan ketawa dy 🤡",2025-04-18 11:10:38+00:00,netral
"ya allah sampah ae dikorupsi. konoha emg bener"" lu ye. mangkannya sampah"" banyak dimasyarakat sampahnya gak diurusin malah anggarannya yg dikorup hadeh",2025-04-18 11:10:29+00:00,negatif
mb kunti aja insecure denger nangis nya nih bapak bapak,2025-04-18 11:10:07+00:00,negatif
parah,2025-04-18 11:09:39+00:00,negatif
rakyat menangis Lo sekeluarga senang senang.skrg biarkan rakyat melihat gmn tersiksnya kua,2025-04-18 11:09:06+00:00,negatif
🤣🤣🤣🤣🤣🤣🤣🤣🤣🤣🤣🤣🤣🤣,2025-04-18 11:08:13+00:00,positif
di Indonesia pejabat klw ga maling ga kreen 😂apa lagi tuntutan istrinya yg hedon anaknya yg calang 😅😂tp kta pemimpin kita kasian klw di tangkep anak istrinya mau miaan apa😅😂😂😂😂😂😅😂😂😂,2025-04-18 11:06:55+00:00,negatif
😳,2025-04-18 10:09:09+00:00,positif
🤣😂🤣,2025-04-18 10:07:22+00:00,positif
bagaimana yang jual pulau,2025-04-18 10:06:39+00:00,positif
Indonesia makin parah,2025-04-18 10:03:52+00:00,negatif
pejabat sekarang hampir smuanya sampah,2025-04-18 10:03:01+00:00,negatif
"giliran gini ga ad rakyat rame..maling kecil baru rame"" mghakimi",2025-04-18 10:01:46+00:00,negatif
tag @pesonaindonesia biar dipake soundnya 😌,2025-04-18 10:01:14+00:00,netral
🤣🤣🤣,2025-04-18 10:00:42+00:00,positif
Knapa suara nya mirip pudle 🤣🤣,2025-04-18 09:59:28+00:00,netral
jiwa pengecut👎👎,2025-04-18 09:58:11+00:00,positif
lah girang bgt makan duit sampah milyaran anjir,2025-04-18 09:57:25+00:00,negatif
kalau duit lagi di nikmati para koruptor bahagianya selangit giliran di ciduk pasti meweknya luarbiasa,2025-04-18 09:57:02+00:00,negatif
di jadiin dj remix bagus juga 🗿,2025-04-18 09:56:02+00:00,positif
"dlu wktu korupsi seneng"" yah pak sampe gak inget duniaa skrg ditangkep kek ayamm mo brojoll 😂",2025-04-18 09:55:07+00:00,negatif
Jan cuuuu’ nangisnya😆,2025-04-18 09:54:48+00:00,negatif
wktu korup kok ga nangis pa'e 😂,2025-04-18 09:52:01+00:00,negatif
besok² kalo lakinya korupsi jgn didukung buk .,2025-04-18 09:51:20+00:00,negatif
bagus nih buat backsound,2025-04-18 09:50:48+00:00,negatif
Kok bisa sampah di korup???,2025-04-18 09:49:47+00:00,negatif
enak pejabat mah di penjara juga,2025-04-18 09:49:09+00:00,positif
rek komentar kasar tapi percuma 🤣 bakal aya notifikasi pelanggaran 🤣,2025-04-18 09:48:31+00:00,netral
🤭,2025-04-18 09:47:47+00:00,positif
"PARAAAH PARAAAH,, DI MANA-MANA KORUPSI, PARAAAH",2025-04-18 09:44:44+00:00,negatif
buat mkan apa buat memenuhi gaya hidup hedon tuh smpe 75m gak nanggung2😆,2025-04-18 09:43:05+00:00,positif
ya lagian kga kira2 korup nya,2025-04-18 09:41:51+00:00,negatif
"hah korupsi sampah?
sampah di korupsi?????",2025-04-18 09:39:59+00:00,negatif
sampak🤣🤣🤣,2025-04-18 09:38:36+00:00,positif
@callmeleeeennn😭😭🤣🤣,2025-04-18 09:36:37+00:00,positif
@Pesona Indonesia 🗿,2025-04-18 09:36:25+00:00,positif
Drama Walid,2025-04-18 09:34:41+00:00,netral
"bisa ga ya, anak istri ditangkap mereka juga menikmati uang tersebut 😁.",2025-04-18 07:48:12+00:00,negatif
😂😂😂 parah,2025-04-18 07:48:01+00:00,negatif
Sampah korupsi sampah 👻,2025-04-18 07:47:37+00:00,negatif
"ko nangis sih bu, kan demi status sosial megah nya sendiri. kalo berbuat ya nanti harus nanggung akibatnya sendiri bukannya malah nangis. emng dikira nya kita disini sebagai rakyat ga kesusahan.",2025-04-18 07:47:32+00:00,negatif
Makan apa anjir wkwkw,2025-04-18 07:47:30+00:00,positif
kyknya semua yg mau jadi pejabat niatnya korupsi,2025-04-18 07:46:12+00:00,negatif
"itu kabid, periksa juga kadis, kepala wilayah tangselnya sama anggota dewan tangsel, ga mungkin 75 m dipake sendiri",2025-04-18 07:45:04+00:00,negatif
🤣🤣🤣🤣🤣,2025-04-18 07:44:50+00:00,positif
"makan apaan sampe segitu, makan tirek kalih",2025-04-18 07:44:15+00:00,netral
apa aja di korup di indo ini selagi ada celah,2025-04-18 07:43:32+00:00,negatif
"suruh diem ih,bising kali",2025-04-18 07:41:30+00:00,netral
biasa waktu di tangkap di videoin pas di sel mn ga ada😀😀😀😀,2025-04-18 07:40:41+00:00,netral
🤣😂,2025-04-18 07:40:40+00:00,positif
ngomong apa sih dia 😂,2025-04-18 07:37:07+00:00,negatif
Batam kapan yaa untuk di periksa kadis DHL nya,2025-04-18 07:36:59+00:00,netral
iki sing nangis ko kyk suoroe wedok yo 🤔🤣,2025-04-18 07:34:51+00:00,positif
buat anak istri 😂😂😂😂,2025-04-18 07:33:31+00:00,positif
"75,9 miliar makan apaan anjir 😑",2025-04-18 07:32:36+00:00,negatif
sampah aja bisa dikorupsi,2025-04-18 07:31:27+00:00,netral
"Sepertinya negara Indonesia dalam kondisi extra ordinary dalam kasus korupsi. Jadi perlu ""direset"" dengan menggunakan istilah pinjaman dari karyawan pom ""mulai dari nol"".",2025-04-18 07:31:04+00:00,negatif
keren banget pak ektingnya,2025-04-18 07:29:59+00:00,netral
😫boleh maki gk siy,2025-04-18 07:29:19+00:00,positif
"kabeh2 kok dikorupsi ra ketang sampah, mayat nek ada dana ne y dikorupsi jg😭",2025-04-18 07:29:09+00:00,negatif
Makannya apa sampai miliaran .,2025-04-18 07:28:38+00:00,netral
"China aja butuh 60 tahun untuk seperti skrg
jdi jgan menuntut Indonesia harus bergerak secara cpet ya , proses nya panjang",2025-04-18 07:28:09+00:00,negatif
gitu nangess wkwk gak sadar bikin susah rakyat aje wkwk,2025-04-18 07:27:34+00:00,negatif
gpp kan udh ngrasain hidup mewah n makan enak tooo ngapain skrng nangis2,2025-04-18 07:26:32+00:00,negatif
Apa gak malu,2025-04-18 07:26:03+00:00,negatif
🤣🤣🤣🤣🤣🤣dulu kita menangis sekarang mereka yg menangis,2025-04-18 07:25:54+00:00,negatif
kan cuma 75 miliar.. ga akan membuat mu miskin.. bebas kan lah.. kasihan 😭😭😭,2025-04-18 07:25:20+00:00,negatif
bising la waktu terima uang diam2 bae 🤣🤣🤣,2025-04-18 07:22:33+00:00,negatif
nangis kan😞jadinya🥺,2025-04-18 07:20:48+00:00,netral
Makan apa an jirr 75M tugu monas,2025-04-18 07:19:27+00:00,netral
enteng men njalok d bebass noo,2025-04-18 07:18:54+00:00,negatif
KAN UDH RASAIN MAKAN DUIT GEDE KOK NANGIS SIH AH,2025-04-18 07:18:29+00:00,netral
jur ngopo nak nangis ki,2025-04-18 07:16:10+00:00,netral
ekspresi penonton [photo],2025-04-18 07:15:31+00:00,positif
kok ga terharu dengar nangis nya,2025-04-18 07:15:19+00:00,netral
minta dibebaskan 😂😂😂,2025-04-18 07:15:19+00:00,negatif
Gak masuk akal blas🤣🤣🤣 masak buat makan aja sampai segitu banyak …makannya emas batangan di krokoti 🤣,2025-04-18 07:14:53+00:00,positif
definisi makan pake duit sampah,2025-04-18 07:14:48+00:00,netral
Korupsi sampah sampe kembung 🤣,2025-04-18 07:14:00+00:00,negatif
Makan sehari2 nya apa ampe miliaran?,2025-04-18 07:11:32+00:00,negatif
Bahkan sampah saja dikorupsi😳,2025-04-18 07:11:26+00:00,negatif
"menangislah sekeras kerasnya
merataplah sekuat kuatnya",2025-04-18 07:10:24+00:00,negatif
"allahuakbaarr
sampah pun dikorup????
hebat beneeeerrrr pejabat2 konoha ini 👍👍👍👍",2025-04-18 07:09:38+00:00,negatif
maksudnya anak istrinya di kasih makan sampah?,2025-04-18 07:08:43+00:00,negatif
runtah ge menika dikorup ya ampun negri konoha,2025-04-18 07:08:01+00:00,negatif
puluhan milyar buat makan anak istri????????,2025-04-18 07:07:19+00:00,negatif
"pasti sedih banget,,,tapi kenapa saya gembira dan tertawa ya😅😂🤣🤣",2025-04-18 07:06:38+00:00,netral
sekelas dlh korupsi njir,2025-04-18 07:06:21+00:00,negatif
tes vokal,2025-04-18 07:06:14+00:00,positif
🤣🤣🤣🤣🤣proooot,2025-04-18 07:05:55+00:00,positif
Beda dengan copet dipasar.. dapat salam olahraga sampai berwarna lain,2025-04-18 07:05:12+00:00,netral
kasihan ya... bagaimana nasib anak istrinya.....di mana ke Adilan nya.....😏😏😏😏( ini contoh dialog dlm film ),2025-04-18 07:04:07+00:00,negatif
kirain suaranya kuntilanaknya 🤣🤣,2025-04-18 07:03:34+00:00,netral
banten tuh sarangnya. pejabatnya banyak yg korup. provinsi auto pilot bjir. bagus karna developer aja 😂,2025-04-18 07:03:17+00:00,negatif
serius nanya itu suara dia beneran?,2025-04-18 07:02:13+00:00,negatif
bosan lihat korupsi terus kapan negeri ini maju dan terhormat 😎😎,2025-04-18 07:01:57+00:00,positif
Ber arti kluargah nya makan sampah masya rakat,2025-04-18 07:01:45+00:00,netral
"Nah yang di lampung juga tolong priksa dongg paaaaakkkkk, coba cek walikota nya ini 😭😭 14 hektar lahan gada yg di kelolaa @Gibran Rakabuming @gerindra @Rizky Irmansyah",2025-04-18 05:49:52+00:00,negatif
kaLau maLing ayam makin nangis auto ditambahin.,2025-04-18 05:49:39+00:00,negatif
gimana caranya lah wong romusha aja dibayar sm belanda tp ditilep sama bupatinya (akamsi)....bilangnya kerja paksa...eh gongnya si S nya pernah jadi mandornya,2025-04-18 05:47:57+00:00,negatif
saat di brogol menangis saat belanja duit korop ketawa ketiwi sakin enak nya,2025-04-18 05:47:55+00:00,negatif
"Ketauan nangis, pas aman² aja HAHA HIHI sambil ngopi + nyebat",2025-04-18 05:46:13+00:00,negatif
"coba periksa jg itu kadis dan bupatinya, biasanya kalo kabid nya penakut, biasanya nurut trus ama kadisnnya lalu mau disuruh korupsi. padahal dia ga ikut makan duit haram itu",2025-04-18 05:46:09+00:00,negatif
kabid dlh sedang seriosa ... ingin mengimbangi andrea bochelli,2025-04-18 05:44:57+00:00,positif
wkwk🤣,2025-04-18 05:44:16+00:00,positif
"pas megang duit korupsi ketawa ketiwi,giliran di tangkap nangis kejer... ya elah..",2025-04-18 05:43:58+00:00,negatif
klo korup nanggung bakal ketangkep ..,2025-04-18 05:42:40+00:00,negatif
Bandung ada ga kaya gini ya 🤣🤣🤣,2025-04-18 05:42:24+00:00,netral
udah tinggi itu rpmnya,2025-04-18 05:42:20+00:00,negatif
"Lantas bagaimna dgn kasus spele apa lalu d biarkan bebas,lawak indo ,kasus besar M an mnt d bebaskan,tp sdh pastinya sdh d ringankan ,liat aja🤣🤣",2025-04-18 05:41:25+00:00,negatif
"santai aja mbak 271 t aja cuman 6,5 tahun,,bearti mbak paling 4 bulan hukuman nya",2025-04-18 05:40:46+00:00,negatif
buset makan anak istri sampai puluhan milliar,2025-04-18 05:39:57+00:00,negatif
"sampah apaan 75,9M klo operasional wajar ini tulisanya sampah co?",2025-04-18 05:39:44+00:00,negatif
🥺🥺,2025-04-18 05:39:38+00:00,positif
gak kira2 emng tikus berdasi d konoha kl korup,2025-04-18 05:38:39+00:00,negatif
kebangetan setelah berbuat salah minta bebas 😭,2025-04-18 05:38:32+00:00,negatif
lengkap sudah.. di Indonesia negeriku ini.. dari apapun tak luput dari yg namanya KORUPSI..,2025-04-18 05:38:31+00:00,negatif
Orang-orang negara kita miris,2025-04-18 05:38:13+00:00,positif
pejabattt sampahhhh,2025-04-18 05:37:48+00:00,netral
kek suara kambing 😹,2025-04-18 05:37:17+00:00,netral
🏍🏍🏍,2025-04-18 05:37:08+00:00,positif
haduhhh🤣,2025-04-18 05:36:03+00:00,positif
mantap dah ......bahkan uang tinja juga di korup,2025-04-18 05:34:58+00:00,negatif
pas ngelakuinnya gak nangis pak .. Ampe engap itu liat perut bapak makan duit hasil korupsi 😂😂,2025-04-18 05:34:21+00:00,negatif
sekalian tangkap dgn istrinya,2025-04-18 05:34:14+00:00,positif
"oh jadi ini penyebab sampah d pekalongan jadi berserakan d jalan raya, yg menganggu masyarakat.",2025-04-18 05:34:07+00:00,negatif
Gila byk bgt korupsi,2025-04-18 05:33:51+00:00,negatif
giliran di tangkep nangis lo,2025-04-18 05:22:06+00:00,netral
knapa maling motor ayam copet hrs bonyok bahkan ada yg smpek d bakar sedang kn yg sperti ini mulus bnget wajah nya.knapa tuan Robinson tlng jls kn,2025-04-18 05:21:46+00:00,negatif
knp nangis buk udah kenyang kan apa masih kurang,2025-04-18 05:20:52+00:00,negatif
"cuma 75,9 Miliar gk bikin negara miskin, serahkan saja sma rakyat, rakyat tau gimana cara menghukum koruptor.",2025-04-18 05:20:40+00:00,negatif
pantes ajah BDN sgitu kekernya..kenyang trus,2025-04-18 05:20:12+00:00,negatif
negara antah berantah....😅,2025-04-18 05:20:02+00:00,netral
baca komen 😂😂,2025-04-18 05:19:59+00:00,positif
"buat makan apa 75,9 M.😅😅😅.. hadeuh....🤣🤣🤣",2025-04-18 05:19:52+00:00,negatif
wuihh..nangisnya hebat eii... ngalahin kami perempuan😂😂😂,2025-04-18 05:19:52+00:00,negatif
sama kayak di kota ku sayang nya belum ketahuan. 😂,2025-04-18 05:19:41+00:00,netral
😁😁😁😁😁😁😁😁😁,2025-04-18 05:19:17+00:00,positif
nyanyi apaantu paakkkk merdu sekaleeee🤣🤣,2025-04-18 05:17:58+00:00,netral
"nangis udah kaga ada guna..makan duit miliaran enak"" aja pas ditangkep nangis""",2025-04-18 05:17:49+00:00,negatif
pejabat terkorup hanya di Indomaret April-Mei...😂,2025-04-18 05:17:30+00:00,negatif
😂😂😂😂😂,2025-04-18 05:17:24+00:00,positif
Indonesia ini bener2 kuaaaauyaaaaa bgt ya,2025-04-18 05:17:19+00:00,negatif
makan apaan 75 M makan emas batangan? 💀💀,2025-04-18 05:17:08+00:00,negatif
"udah lah jangan di tangkap kasihan lagi toh dia buat untuk mkn ank istri bukan buat foya""😌",2025-04-18 05:16:58+00:00,negatif
"sampah aja bisa di korupsi segitu banyaknya
gileeeee Indonesia ini bener2 ladang uang ya",2025-04-18 05:16:55+00:00,negatif
banyak bngt yg korup,2025-04-18 05:16:51+00:00,negatif
"tangisannya lebih takut penjara daripada dosa... haisss... klo takut dosa, ga mungkin dia korupsi",2025-04-18 05:16:33+00:00,negatif
"OMG
OMG
OMG",2025-04-18 05:16:09+00:00,negatif
tenang aset keluarga aman😁,2025-04-18 05:15:59+00:00,positif
ngaik ngaik ngaik,2025-04-18 05:15:18+00:00,negatif
manusia TK tau bersyukur.. nauzubillahi..,2025-04-18 05:15:10+00:00,negatif
mistis,2025-04-18 05:14:52+00:00,negatif
"mka ny jgn brani2 kurup, akibt ny kn sudh tahu klo ketahuan dihukum....",2025-04-18 05:14:37+00:00,negatif
😂😂,2025-04-18 05:13:39+00:00,positif
🤣🤣🤣anyng,2025-04-18 05:13:18+00:00,positif
😂😂😂waduh,2025-04-18 05:12:40+00:00,positif
"lama2 capek njirr, berita isinya korup mlu. gaada habis2nya yaa negara kita 😭😭",2025-04-18 04:48:33+00:00,negatif
😂😂😂😂😂😂,2025-04-18 04:47:58+00:00,positif
pantesan truk truk sampah pada butut butut,2025-04-18 04:47:32+00:00,negatif
"tuh sampah aja di korup apalagi emas,, upzzzz🤭🤭 🤣🤣",2025-04-18 04:46:43+00:00,negatif
pantesan makin bau aja itu cimanggis,2025-04-18 04:46:30+00:00,negatif
😳😳😳😳,2025-04-18 04:46:20+00:00,positif
emmmmmmmemmmmmem🗿🗿,2025-04-18 04:46:19+00:00,positif
nangis bu smpe bola matamu lepas jga ga akan sebanding,2025-04-18 04:45:53+00:00,negatif
@haramarhara,2025-04-18 04:44:40+00:00,negatif
Aku komen kena pelanggaran mulu 🥺,2025-04-18 04:44:18+00:00,negatif
"sampe sampah2 juga d korup , negara memang sedang tdk baik2 sj ,miris🥺",2025-04-18 04:44:02+00:00,negatif
sesajen buat setan juga kagak sampe 50 rebu ini buat manusia sampe miliaran emang lebih setan,2025-04-18 04:43:47+00:00,negatif
korupsi mau.tapi ga mau dipenjara 😂😂,2025-04-18 04:43:15+00:00,negatif
bertaubat lah sebelum ajal menjemput anda,2025-04-18 04:42:57+00:00,negatif
"itu benar suaranya, masa badan Segede gitu suara kyk kucing kejepit pintu 🤣🤣, sabar aja ntr jg bebas kok🤗🤗",2025-04-18 04:42:05+00:00,negatif
😂😂😂😂😂,2025-04-18 04:41:33+00:00,positif
"gua gila bgt keknya, stres gua dengerin berita kyk gini tiap Minggu.",2025-04-18 04:40:15+00:00,negatif
😳😳😳,2025-04-18 04:39:55+00:00,positif
kok nangis😅,2025-04-18 04:38:33+00:00,positif
banyak bgt yg korup,2025-04-18 04:37:45+00:00,negatif
kalau berani korupsi di tangkap jamgan nangis . tapi ketawa ye,2025-04-18 04:36:58+00:00,negatif
"😂😂😂😂😂giliran d tangkap nagis minta bebas ....enak banget ya,piro hukamane ya n dendane iki....😡😡",2025-04-18 04:36:39+00:00,negatif
enak ajh mau bebas,2025-04-18 04:36:28+00:00,negatif
"hah?anak istrinya makan sampah 75,9 Milyar?😳",2025-04-18 04:36:11+00:00,negatif
"🤣🤣🤣🤣🤣🤣🤣🤣🤣🤣🤣🤣🤣🤣🤣 enak aja di bebasin,,,, pura2 nangis itu woi,, kayak hasto😁😁😁",2025-04-18 04:35:59+00:00,negatif
"laaah..pas blom kliatan orgnya, kirain mak2 yg nangis😁",2025-04-18 04:35:38+00:00,negatif
Alaaah bukan Karena alasan untuk mkn tapi buat Hedon.. nangis2 udh gak bisa lg Hedon hidup mewah,2025-04-18 04:35:04+00:00,negatif
negeri lucu,2025-04-18 04:35:01+00:00,positif
mana nih @pesonaindonesia,2025-04-18 04:34:30+00:00,negatif
ini mah persiapan idul adha 😅😅😅,2025-04-18 04:33:37+00:00,positif
Jogja gimana ya … ada yg berani usut ga?,2025-04-18 03:42:56+00:00,negatif
hah,2025-04-18 03:41:49+00:00,negatif
😂,2025-04-18 03:41:27+00:00,positif
menyenangkan.. 😁😁,2025-04-18 03:40:14+00:00,positif
"kita byr ngankut sampai, eh pas kita motongi ranting pohon sampahnya hrs bayar lagi dgn alasan smph nya byk,jd yg di angkut cm bungkus oreo anakku aja.",2025-04-18 03:39:18+00:00,negatif
😑😑😑😑😑😑😑😑😑😑😑,2025-04-18 03:39:14+00:00,positif
enak sekali di bebaskan,2025-04-18 03:39:02+00:00,negatif
"tenaaaang saja ,,anak istrimu gakan kelaparan ko ,wowo jamin hartamu gakan di sita 🤣🤣🤣",2025-04-18 03:36:14+00:00,negatif
Tega amat pak sampah aja sampe di korupsi 😭,2025-04-18 03:34:46+00:00,negatif
yang nangis siapa anjirrrrr,2025-04-18 03:34:32+00:00,netral
takut sama presiden dikasi keringanan karna prihatin denger suara nangisnya😭,2025-04-18 03:33:48+00:00,negatif
alamak sampah di korupsi,2025-04-18 03:33:43+00:00,negatif
😂😂😂,2025-04-18 03:33:29+00:00,positif
"kalo dah kek gini nangis kau, coba enggak😏",2025-04-18 03:33:23+00:00,netral
badan gede suara tangisannya kayak kunti kejepit pintu🗿,2025-04-18 03:32:49+00:00,negatif
badannya gede cocok nih buat idul adha,2025-04-18 03:32:31+00:00,netral
Yang nangis gak disorot??? 🤣,2025-04-18 03:32:21+00:00,negatif
"bebasin aja pak, ga adil buat anak istrinya",2025-04-18 03:31:08+00:00,negatif
The vibra❤️,2025-04-18 03:30:28+00:00,positif
😂😂😂😂😂,2025-04-18 03:30:27+00:00,positif
makan apa Om... apakabar yg sehari dpt 5rb,2025-04-18 03:30:24+00:00,negatif
nagis itu? apa lg baca naskah,2025-04-18 03:28:14+00:00,negatif
"Dimata Amerika 💸 segitu
sangatlah sedikit 👍👍🥰",2025-04-18 03:27:58+00:00,negatif
ya ALLAH jauhkanlah hambamu ini dari rezki yg tidak halal dan orang2 dzolim aamiin aamiin aamiin ya ALLAH,2025-04-18 03:27:49+00:00,negatif
nangis bahagia paling ganti rugi 5k saja,2025-04-18 03:27:37+00:00,negatif
pak malu di ketawain ponakan q neh udh tua kok nangis..,2025-04-18 03:03:44+00:00,negatif
Yo GK bsh tetep d tahan. bro..Sp blng Negara g Rugi...asal ngomong aja..tegassi bro..😭😭😭😭maling tu.😩😩😩,2025-04-18 03:03:39+00:00,negatif
75 m buat makan anak istri? wew emg mereka makan apaan?...sehari nguyah 3kg emas batangan kah,2025-04-18 03:02:31+00:00,negatif
"tangsel semua aja dari kadis, kabid and lainnya sampai ke atas periksa ! 75 M gtuu loooh . urug di cipeucang seharian sblm d penjara x",2025-04-18 03:02:16+00:00,negatif
😂,2025-04-18 02:59:58+00:00,positif
anjirr cocok ni SMA Mozart,2025-04-18 02:59:36+00:00,netral
"kalian yang pilih kalian yang kecewa
😂#gitu ga si",2025-04-18 02:59:18+00:00,positif
😌😌👍bnr2 sampah ya,2025-04-18 02:59:01+00:00,positif
korupsi 50 milyar ternyata kurang buat makan anak istri,2025-04-18 02:57:06+00:00,negatif
Bersihkan 🤣🤣🤣🤣🤣🤣👍👍👍👍👍,2025-04-18 02:56:34+00:00,positif
menangis menangis 75 miliar coy,2025-04-18 02:55:55+00:00,negatif
korupsi berani pas ditangkep nangis lucu😂,2025-04-18 02:55:22+00:00,negatif
"demi apa,sampah juga dikorup
gimna korupnyaa anjir wkwk",2025-04-18 02:55:20+00:00,negatif
sebenernya Indonesia rakyatnya sdh makmur dari dulu bahkan gak akan ada yg miskin kalau koruptor gak ada.,2025-04-18 02:54:40+00:00,negatif
😁😁😁,2025-04-18 02:54:31+00:00,positif
Kadis tersampah,2025-04-18 02:54:25+00:00,netral
"yang kya gini hanya menting istri dan anaknya sendiri, pake uang negara, terus gmna dgn anak anak bangsa Indonesia yg lain, kelaparan, gk bisa bisa bayar ini itu byangin pak",2025-04-18 02:53:05+00:00,negatif
😁,2025-04-18 02:52:28+00:00,positif
di Tangkap ko malah Nyanyi gmn sich 😏😅😁,2025-04-18 02:52:05+00:00,negatif
"makan apa nyampe 75,9 m?",2025-04-18 02:51:11+00:00,negatif
gua kira nyamuk dikamar🤣,2025-04-18 02:50:30+00:00,netral
korupsi sampah🤣,2025-04-18 02:49:40+00:00,negatif
pak malu ih,2025-04-18 02:49:35+00:00,negatif
🤣🤣🤣,2025-04-18 02:49:32+00:00,positif
😂😂😂😂😂😂😂,2025-04-18 02:49:00+00:00,positif
Indonesia hanya tinggal nama,2025-04-18 02:48:35+00:00,negatif
"😆😄😅😂😄🤣🤣😄🤣😄🤣😄🤣🤣w😂😂😄😂
maling itu jgn di tangisin...
kan keluarga udh pada kenyang..",2025-04-18 02:48:35+00:00,negatif
"anadai aku jadi president tidak ada koruptor yng bernafas di di indonesia,,, gila sampai sampah pun ikut di mbat",2025-04-18 02:47:51+00:00,negatif
Presidenku Jossss 👍👍,2025-04-18 02:47:48+00:00,positif
karasa nya geus ku KPK mah teu siga keur can ka tewak 👍👍👍👍👍,2025-04-18 02:47:27+00:00,negatif
"nangisi apa, nerimanya mah ketawa",2025-04-18 02:10:54+00:00,negatif
😂😂😂,2025-04-18 02:10:53+00:00,positif
kmren diam ja....sekarang dah ketangkap...jaaa...,2025-04-18 02:10:33+00:00,negatif
"lah
makan apaan ampe segitunya?",2025-04-18 02:10:25+00:00,negatif
anjir sampah aja d korupsi parah nih konoha,2025-04-18 02:10:19+00:00,negatif
istrinya brp banyak tu? uang milyaran,2025-04-18 02:10:09+00:00,negatif
Kurang serakahh pak cuman sgtu mah harusnya triliuanan biar bisa bayar hukum sisanya,2025-04-18 02:08:38+00:00,negatif
sampah Masi di korupsi 🙄,2025-04-18 02:07:50+00:00,negatif
buat makan berapa minggu itu sampai miliaran 😅,2025-04-18 02:07:36+00:00,negatif
Loh ko nangis wkwkwkwk. pas korupsinya aja ga nangis ko 😂😂😂,2025-04-18 02:05:44+00:00,negatif
"Coba harta nya di miskin kann,, anak istri nya suruhh tinggal di kontrakan 3x3🙄, pas makann duitt haremm nya gak ada nangis2 bilang khilapee🤣di tangkep mewekk",2025-04-18 02:04:16+00:00,negatif
😁😁😁,2025-04-18 02:03:43+00:00,positif
lagunya bagus AAaaAaAaaaaAhhaaah,2025-04-18 02:03:35+00:00,negatif
"emang gk di gaji ya,kenapa buat makan aja sampe korup",2025-04-18 02:03:17+00:00,negatif
SAMPAHHH DIKORUPPP ANJ 😭,2025-04-18 02:00:59+00:00,negatif
cuih,2025-04-18 02:00:57+00:00,negatif
"makan anak 75 milyar.
makane Oppo",2025-04-18 02:00:33+00:00,negatif
Pas makan uang nya sih senyum2 kan?! Ga ada nangis2nya?!🔥,2025-04-18 01:58:45+00:00,negatif
NKRI = SARANGNYA KORUPTOR 😂😂😂😂😂,2025-04-18 01:58:27+00:00,negatif
HAHAHAAHA,2025-04-18 01:57:36+00:00,negatif
😆😂😂😂😂 gmana ekspresi mrk ketika ngitung uangnya dlu trus belanja2,2025-04-18 01:57:24+00:00,negatif
makanya d jaman udh merdeka katanya dan udh 2025 tp makin bnyk orng pribumi malah makin melarat GK ada lapangan pekerjaan bahkan sulit skrng krisis bngt,2025-04-18 01:57:04+00:00,negatif
"kasihanilah koruptor,mereka orang baik pencari nafkah keluarga, kalau ditahan kasihan anak istrinya tidak bisa makan HALAL
😂😂😂😂😂",2025-04-18 01:56:44+00:00,negatif
isinya sampah sampai sampah juga dikorupsi,2025-04-18 01:56:33+00:00,negatif
kirain suara penampakan 🗿,2025-04-18 01:56:16+00:00,netral
makin miskin dan ancur aja ini negara,2025-04-18 01:56:00+00:00,negatif
😆😆😆😆😆,2025-04-18 01:54:38+00:00,positif
2025 korup korup pada di ciduk,2025-04-18 01:53:42+00:00,negatif
makan apaan Ampe banyak begitu? glonggongan next level sepertinya,2025-04-18 01:53:34+00:00,netral
"75 M enggak percaya kalo buat makan doang, emang anaknya banyak nya satu kabupaten.",2025-04-18 01:53:18+00:00,negatif
😜😜😜😜😜😜😜😜😜😜😜😜😜😜😜😜 pehhhh pejabat kok gragassss semua.,2025-04-18 01:20:20+00:00,negatif
"ada yg punya batu Infinity Stone gk?
pengen reset ulang Konoha, udh bobrok banget",2025-04-18 01:20:16+00:00,negatif
"Koruptor dihukum ringan karena sopan...
Koruptor dibebaskan karena nangis...
😅😅😅",2025-04-18 01:20:16+00:00,negatif
TOLO* Giliran makan duitnya kagk nangis 😂,2025-04-18 01:20:03+00:00,negatif
kukira cuma sound😭😭. pak malu ama badan😁,2025-04-18 01:19:44+00:00,netral
wkwkwkwk,2025-04-18 01:18:55+00:00,positif
😁😁😁 kok nangis ? hadapi sj pak.,2025-04-18 01:18:36+00:00,negatif
Negara agama,2025-04-18 01:18:20+00:00,positif
sampah aja masih bisa dikorupsi. anjir bener bener sampah,2025-04-18 01:17:31+00:00,netral
"Menikmati Uang Korup Prengas Prenges, Keciduk Nangis,..😂😂😂",2025-04-18 01:17:19+00:00,negatif
pas dapet duit nya ketawa pas di tangkep mewek,2025-04-18 01:17:10+00:00,negatif
"Kasihan amat saat ketangkep, saat shophing di mall gimana?",2025-04-18 01:16:47+00:00,negatif
au ah gelap,2025-04-18 01:16:23+00:00,negatif
enakkkk Kan sampai kenyang Kan 🤣🤣,2025-04-18 01:16:03+00:00,positif
pejabat tolo.......,2025-04-18 01:15:45+00:00,netral
Yang setuju mulyono ditangkap ayo tunjukan jari...,2025-04-18 01:15:21+00:00,negatif
sumpah kalau nangis begini di kuburan gw lari terkencing2..😁,2025-04-18 01:14:29+00:00,negatif
ko kenapa nangis😂,2025-04-18 01:14:15+00:00,positif
"korupsi SAMPAH,mereka lebih buruk dr SAMPAH",2025-04-18 01:13:30+00:00,negatif
malah yodeling jir,2025-04-18 01:12:40+00:00,netral
🤣🤣🤣🤣🤣🤣🤣🤣🤣🤣🤣🤣🤣🤣🤣🤣🤣🤣,2025-04-18 01:12:33+00:00,positif
"sy sebagai lapak sampah sedih dgn usaha sekarang,byk pabrik plastik di tutup alasan air nya kotori sungai dll ,dampak nya pabrik di tutup kalau ngga ngurus ke orang dinas ,kalau pabrik ttp otomatis lapak ga bs jual ,kalau lapak ga bs jual pemulung ga bs cari makan, coba sih pikirin rakyat di bawah nya bapak² dinas lingkungan hidup, kalau ga ada pemulung sampah bakal numpuk ga terurai, kadang kita sebagai lapak membantu pemerintah bersihkan sampah plastik di jalan",2025-04-18 01:12:27+00:00,negatif
🤣🤣🤣,2025-04-18 01:11:52+00:00,positif
hahahahaha,2025-04-18 01:11:05+00:00,negatif
sampah aja dikorupsi apalagi yang lain🤔🤔🤦🤦🤦,2025-04-18 01:10:49+00:00,negatif
tenang pak gak akan di sita...anak dan istri dipelihara oleh negara...big boss syg koruptor 😅😅,2025-04-18 01:09:50+00:00,negatif
😂😂😂😂,2025-04-18 01:09:47+00:00,positif
"iya woii di tangsel tuh truck sampah aja cuma ada 1 atau 2 gtu, itu pun udh ga layak pakai, bak angkut nya aja udh hancur. cuma di ikat tali biar ga pada rusak",2025-04-18 01:09:00+00:00,negatif
Sampah korupsi sampah🗿,2025-04-18 01:08:49+00:00,negatif
ini beneran suaranya....🤣🤣🤣,2025-04-18 00:15:17+00:00,netral
"sampah aja di korupsi...apalagi yg lain, emang manusia itu akan di uji dari hartanya, ekonominya, kesehatannya dan yg lainya. tinggal manusia nya saja bisa bersyukur Gk.",2025-04-18 00:14:55+00:00,negatif
😂,2025-04-18 00:14:05+00:00,positif
"pertanyaannya, anak istrinya berapa banyak?",2025-04-18 00:13:00+00:00,netral
"ketangkap nangis, ngasih makan anak istri ampe miliyaran diem dan enak""an pak aja, viralkan anak istri dan keluarga besarnya, biar uang yg buat makan dan dibagi"" uang hasil korupsi",2025-04-18 00:12:53+00:00,negatif
nangis nya kaya baru di putusin pacar. nggak s. 🗿,2025-04-18 00:12:29+00:00,negatif
"suoro tangisanmu loh, medeni anak bojoku😫",2025-04-18 00:12:23+00:00,positif
sampai segitunya makanya lauk nya apa,2025-04-18 00:11:40+00:00,netral
apasih kira² yg aman dari sentuhan koruptor di negeri ini? (keknya ga ada),2025-04-18 00:11:21+00:00,negatif
besok spitenk nih dikorupsi,2025-04-18 00:11:06+00:00,negatif
apa beneran nangisnya kaya gitu apa cuman sound aja,2025-04-18 00:10:45+00:00,netral
sampah di tangsel emang berantakan,2025-04-18 00:09:40+00:00,netral
@Ferry Irawan,2025-04-18 00:09:39+00:00,positif
pasti bebas soalnya koruptor punya ampunan ya itu berkelakuan baik 💀🤣🤣,2025-04-18 00:08:53+00:00,negatif
satu kata buat para koruptor...,2025-04-18 00:08:40+00:00,negatif
Amit2,2025-04-18 00:07:52+00:00,positif
tenang aja nanti dimafkan pak prabowo,2025-04-18 00:05:50+00:00,negatif
ini negara isinya kbnykn tikus,2025-04-18 00:05:09+00:00,negatif
gak bisa sawer LC lagi dong..🤣🤣,2025-04-18 00:05:02+00:00,netral
tapi pas lagi korupsi nya ga nangis inget rakyat tuh,2025-04-18 00:04:47+00:00,negatif
serius gitu nangisnya 🤣🤣🤣,2025-04-18 00:03:41+00:00,negatif
Ko nangis dh menikmati hasilnya bkn nya bahagia,2025-04-18 00:03:37+00:00,positif
buat makan anak istri 🤣🤣🤣🤣..Enak ya makan duit gitu???,2025-04-18 00:02:31+00:00,negatif
"gila nya ini negara, nangkep sabu obat2 an terlarang gampang bgt langsung kasih hukuman, tapi kalo kasus korupsi 🤣🤣 nangkep susah apalagi gak kunjung ada kejelasan putusan hukum , hukum mati kek",2025-04-18 00:02:29+00:00,negatif
🤣,2025-04-18 00:02:27+00:00,positif
"giliran korupsi Lo ktawa"" , pas ktauan trus dtangkep nangis"" Lo ,",2025-04-18 00:02:22+00:00,negatif
"cape w beritanya yg beginian mulu ,ini bangsa sedih amat,kt rakyat termasuk hebat ,tnp pemerintah jg kita rakyat terhebat",2025-04-18 00:00:34+00:00,negatif
"makan apa 76m,,",2025-04-18 00:00:18+00:00,netral
makannya apa banyak amat,2025-04-18 00:00:12+00:00,positif
apaaaa di bebaskan .....,2025-04-17 23:33:53+00:00,negatif
Kirain Ibu yg nangis.,2025-04-17 23:31:43+00:00,netral
😂😂😂😂😂😂😂😂😂,2025-04-17 23:31:19+00:00,positif
"kasihanilah pak, dia nangis kok😀",2025-04-17 23:29:22+00:00,netral
Makan apa sampe 75 miliar 😔,2025-04-17 23:25:34+00:00,negatif
giliran ke tangkep aja luh nangis ampe segitunya..,2025-04-17 23:23:25+00:00,netral
"ini negara segala jenis di korupsiii, BESOK LU MAU KORUPSI APAA LAGIII😭😭",2025-04-17 23:22:22+00:00,negatif
75M makananin anaknya apa,2025-04-17 23:22:20+00:00,positif
Kabid DLH = ternak Mulyono 😅,2025-04-17 23:21:04+00:00,netral
Kalau sudah begini nangis keras-keras minta pengampunan dan katanya di suruh. Kenapa mau kalau disuruh.,2025-04-17 23:20:31+00:00,negatif
75.9 buat makan apa?,2025-04-17 23:20:23+00:00,negatif
apa kagak pecah tu lambung makan segitu banyaknya 😂😂😂😂,2025-04-17 23:19:12+00:00,negatif
lelah banget liat berita kaya gini ya ampun ini orang pada kenapa hidupnya ngak pernah cukup,2025-04-17 23:15:31+00:00,netral
ih kirain efek sound...😂😂,2025-04-17 23:15:16+00:00,positif
honor 11 tahun,2025-04-17 23:15:01+00:00,positif
"masa' skelas KABiD susah kasih makan anak istri , skelas KASi PNS gaji + Tunjangan per Bulan trima 10 juta lebih 😅",2025-04-17 23:13:35+00:00,netral
yg nyuri pisang buat makan di arak keliling kampung .enak bangat mau minta bebas .,2025-04-17 23:10:06+00:00,negatif
wahh yg di Jogja jg harus di cek nih.. masa sampah Jogja bisa di buang ke Klaten..,2025-04-17 23:08:14+00:00,negatif
Kan? Ini negara bobrok sampe ke dalam dasar inti bumi..,2025-04-17 23:07:19+00:00,negatif
🤣🤣🤣🤣🤣,2025-04-17 23:06:02+00:00,positif
dimana2 korupsi tumbuh subut,2025-04-17 23:05:25+00:00,negatif
yaa allah..kenapa tuh orang..benar apa nangis,2025-04-17 23:05:02+00:00,positif
"pusing juga kan duit banyak kebutuhan ga ada, ya dah nangis solusinya",2025-04-17 23:03:33+00:00,positif
untuk makan,2025-04-17 23:02:34+00:00,positif
"kasiannya pekerja yg dibawah, cape, bau ngangkutin smpah, digaji kecil pulak, ternyata tikus kantornya yg kenyang makan duit",2025-04-17 23:02:21+00:00,negatif
siap 2 aj koruptor di tangkap satu persatu..👍,2025-04-17 23:01:45+00:00,negatif
mng Disuru ny git klo kena liatin muka sdih biar aset ny gk di ambil😁😁 nnti kn hati presd tersentuh ..,2025-04-17 22:59:19+00:00,negatif
heyyy.... kembalikan sj secara diam diam uang yg sudah kau nikmati.. biar aman!!! jgn bikin gaduh rakyat... 😂😂😂 ntr... klo dah aman blh brulah lg. kata si boneka mampang,2025-04-17 22:57:03+00:00,negatif
kabid DLH Tangsel kocak banget nih 😂,2025-04-17 22:53:58+00:00,negatif
"emang tiap hari yg di makan keluarganya apa kok korupsi sampai 75,9 M serius nanya nih 😂😂😂",2025-04-17 22:52:49+00:00,negatif
menangis apa menyanyi ? 🙄🤔,2025-04-17 20:49:57+00:00,negatif
Suaranya kek bunyi2an 😜😂🤣😂🤣😂,2025-04-17 20:49:43+00:00,negatif
di bali jg pasti di korup ini masalah sampah,2025-04-17 20:40:51+00:00,negatif
makan apa 70 M,2025-04-17 20:38:38+00:00,netral
gila aj kali sampe sampah aj g d iklasin. malah di bilang korupsi,2025-04-17 20:37:28+00:00,negatif
"sekalian istri nya dipidanakan,kan sudah menikmat/makan uang sampah nya...🥺",2025-04-17 20:29:09+00:00,positif
🤣🤣🤣🤣,2025-04-17 20:25:43+00:00,positif
😂😂😂😂,2025-04-17 20:24:02+00:00,positif
"75,9 M makan apa? makaaan apaaaaa???",2025-04-17 20:20:46+00:00,negatif
Encep ga sih ini yg nangis🤣🤣🤣🤣,2025-04-17 20:20:33+00:00,positif
yg di makan nasi permata x😅,2025-04-17 20:12:09+00:00,positif
🤣,2025-04-17 20:10:15+00:00,positif
kasian anak istri ya nanti GK bisa makan 🤣😂,2025-04-17 20:10:11+00:00,positif
🤣🤣🤣🤣🤣kocaaak,2025-04-17 20:07:32+00:00,positif
"Ehh Busyettt... 75,9M buat makan anak istri.
Kalo boleh nanya itu makanan anak istrinya apa ya ??",2025-04-17 20:04:47+00:00,negatif
"ini rupanya yang buat masalah rumah aku sampen numpuk terus ,udah bayar iuran ngambil aja jarang2 kayak anak kecil lagi nangisnya 🤣🤣🤣",2025-04-17 19:58:15+00:00,negatif
anaknya sekolah di swasta mahal. istrinya bergelimang emas. kalau bawa mobil beeeuh bukan main,2025-04-17 19:58:00+00:00,negatif
 [photo],2025-04-17 19:56:07+00:00,positif
buat makan😭😭 beli ikan sewaduk waduknya kali yak@rxlindxaa,2025-04-17 19:50:07+00:00,negatif
kirain sariosa,2025-04-17 19:49:35+00:00,netral
bebas kan..kasian..istri nangis,2025-04-17 19:48:36+00:00,negatif
kasian anak istrinya ...bantu presiden...🤣🤣,2025-04-17 19:46:17+00:00,positif
korupsi sampah aja merugikan negara gede juga ya apa lagi yg lain,2025-04-17 19:46:02+00:00,negatif
apa solusi buat menghentikan korupsi?,2025-04-17 19:45:30+00:00,negatif
"sound ini jadi keinget main counter strike, mapsnya Italia 😂",2025-04-17 19:43:15+00:00,negatif
@pesonaindonesia,2025-04-17 19:38:48+00:00,negatif
😂😂😂,2025-04-17 19:36:31+00:00,positif
"tak kira aku scroll masuk gedung opera, kek ada yg nyanyi, ehh tibaknya...",2025-04-17 19:33:33+00:00,negatif
😂🤣,2025-04-17 19:33:09+00:00,positif
tuh kan satu persatu para koruptor ketangkap..,2025-04-17 19:32:04+00:00,negatif
🤣🤣🤣🤣🤣🤣,2025-04-17 17:17:34+00:00,positif
walau ibu ini nangis darah hkum tetap tegak lurus. kan enak bu ngabisin uang rkyat wktu anda ngabisin uang ny anda tdak nangis malah anda berfoya2,2025-04-17 17:17:23+00:00,negatif
🤣🤣🤣🤣🤣🤣,2025-04-17 17:17:12+00:00,positif
"hallo para beatmakers, tangisannya mesti di-sampling.",2025-04-17 17:16:27+00:00,netral
"anak istrinya mkn apa smpe 75,9 M?",2025-04-17 17:16:23+00:00,negatif
wes jembud en sek nangis AE...cup cup...,2025-04-17 17:14:04+00:00,positif
😁😁😁😁😁😁ketawanya lucu,2025-04-17 17:13:07+00:00,positif
maafin aj pak cuman segitu kok kl maling ayam harus beratkn.,2025-04-17 17:12:20+00:00,negatif
"ulang2 gua putar , knp istrinya nangis gak di sorot, taunya kabidnya yg nangis😢😩 klw gak ketauan ketawa ketiwi pas ketangkep 😭 rusak bener😢",2025-04-17 17:12:08+00:00,negatif
parah,2025-04-17 17:11:59+00:00,negatif
isi berita korupsi terus,2025-04-17 17:11:16+00:00,negatif
Geus kena mah mewek ari can keuna mah lagu na sebakul🗿,2025-04-17 17:10:58+00:00,positif
"makan apa smpe 75,9 miliar pak🗿",2025-04-17 17:10:19+00:00,negatif
mantap sekali,2025-04-17 17:10:02+00:00,positif
@rika•ﻌ• @Meixordium_art @Firda listiani whattttt,2025-04-17 17:08:51+00:00,negatif
"Lawak, Makan serpihan emas tabur caviar diatas pajero ka tiap hari kykny maknya sampai 75.9 Miliar",2025-04-17 17:08:37+00:00,negatif
😂😂😂,2025-04-17 17:08:12+00:00,positif
"siapa yang nangis si😭😭
ngakak bett guee",2025-04-17 17:08:10+00:00,netral
😁😂😂,2025-04-17 17:07:51+00:00,positif
capek-capek bayar pajak tanah dan motor hasilnya kaya gini🗿🗿🗿,2025-04-17 17:07:24+00:00,positif
😌,2025-04-17 17:05:17+00:00,positif
"besok besok janda yg di korupsi... hati"" yg jd janda",2025-04-17 17:04:49+00:00,negatif
kertas juga aada yg ngorup,2025-04-17 17:04:17+00:00,negatif
"soundnya bikin gemes, cocok dibikin jj",2025-04-17 17:03:59+00:00,netral
anjir korupsi? tapi yang dikorupsi sampah? sampe 75 miliar? sumpah gue baru tau kalo sampah bisa dikorupsi juga😭 stres banget,2025-04-17 17:03:47+00:00,negatif
🤣🤣🤣,2025-04-17 17:03:43+00:00,positif
@inihana💐 dia kenapa?,2025-04-17 17:03:37+00:00,negatif
oalahhh... sampah pun dikoruppp,2025-04-17 17:03:11+00:00,negatif
kira-kira siapa ya pemimpin yang bisa memberantas koruptor,2025-04-17 17:01:41+00:00,netral
🤣🤣🤣🤣,2025-04-17 16:32:49+00:00,positif
kek suara tawon,2025-04-17 16:31:05+00:00,positif
airmata buaya,2025-04-17 16:28:50+00:00,netral
kok nagis pak biar dapat keringanan ya,2025-04-17 16:28:43+00:00,netral
pas makannya jetawa2,2025-04-17 16:27:53+00:00,positif
Ululuuuuu cupcupcup,2025-04-17 16:27:42+00:00,positif
Lampung ne boss...benasin lah...kasih denda 5 m aka,2025-04-17 16:27:35+00:00,negatif
air mata buaya,2025-04-17 16:27:14+00:00,netral
wah KLO pak Wowo tau nti bilang anaknya gmn nasibnyaa...,2025-04-17 16:25:35+00:00,positif
😂😂😂😂😂😂,2025-04-17 16:25:23+00:00,positif
negara emang dari bawah sampe atas pasti ada korupsi nya,2025-04-17 16:25:20+00:00,negatif
🤣🤣🤣🤣.... ada aja..,2025-04-17 16:25:13+00:00,negatif
buset sampah pun di korup??,2025-04-17 16:24:57+00:00,negatif
😂😂😂,2025-04-17 16:24:51+00:00,positif
korupsi sampah maksudnya gimana,2025-04-17 16:24:03+00:00,negatif
🤣🤣🤣,2025-04-17 16:23:46+00:00,positif
"wkwk 75 M untuk makan anak istri, bisa stok bertahun tahun, parah nih alesan",2025-04-17 16:23:13+00:00,negatif
Wkwkwkkwkwkwk,2025-04-17 16:22:02+00:00,netral
udh ketangkep mewek 😌😌😌,2025-04-17 16:21:56+00:00,netral
😂😂😂😂,2025-04-17 16:21:34+00:00,positif
Wah.... Buat ring tone nih.😂😂😂😂😂,2025-04-17 16:21:22+00:00,negatif
😅😅,2025-04-17 16:20:50+00:00,positif
Tangisan apa itu???,2025-04-17 16:19:40+00:00,negatif
🤣🤣🤣🤣🤣🤣,2025-04-17 16:18:06+00:00,positif
benar kata orng tanah kita tanah surga tongkat kayu dan sampah pun jadi duitt,2025-04-17 16:17:51+00:00,netral
"makin parah koroptor gimana si pk prabowo hrsnya yg tegas mebangani naling2, rakyat nakin sengsara ni",2025-04-17 16:17:30+00:00,negatif
Di parab naon mang 75 m,2025-04-17 16:17:22+00:00,negatif
Kasiaan anak Istrinya d ksh makan duit hasil kayak gtu....yg ada jd penyakit,2025-04-17 16:16:54+00:00,negatif
tangsel kaga ada kemajuan dari dulu cuma di daerah swastanya yang keurus,2025-04-17 16:05:48+00:00,positif
"astaga padahal pentingloh menjaga kebersihan , mudahan2 lebih di perhatikan lagi untuk pengangkutan sampahnya dan tempat sampah di seluruh Indonesia",2025-04-17 16:05:07+00:00,positif
air mata ap di namakan yg seperti in,2025-04-17 16:05:01+00:00,positif
75.9m makan apa? kalo makan sapi aja udah dapat sapi se benua eropa,2025-04-17 16:04:05+00:00,negatif
"korupsi skrng gila2an ,ngk ada takut2 nya,,",2025-04-17 16:03:56+00:00,negatif
"Pantes tangsel mobil sampah nya gaada yg layak, membahayakan penggunan jalan lain😏",2025-04-17 16:03:54+00:00,netral
sekarang nangis dulu bahagia,2025-04-17 16:02:56+00:00,positif
😂😂😂😂😂,2025-04-17 16:02:54+00:00,positif
"kasian pak itu dia buat ngasih makan anak istri nya,,,,
mungkin cuma itu mata pencaharian nya,,,,
TAPI 🤔🤔🤔75,9 M,,,,,???",2025-04-17 16:02:35+00:00,netral
kocak lu pak...🤣😂😅😄,2025-04-17 16:02:24+00:00,netral
😡😡😡😡,2025-04-17 16:02:17+00:00,positif
ibunya lagi seriosa😭,2025-04-17 16:00:46+00:00,netral
lah gw kira suara kunti 😂,2025-04-17 16:00:23+00:00,netral
duit 75M buat beli makan apa pak..disini nasi goreng cuma 15rb seporsi,2025-04-17 16:00:00+00:00,negatif
astagaa,2025-04-17 15:59:21+00:00,netral
tak inpoin sound baru min @pesonaindonesia,2025-04-17 15:59:04+00:00,negatif
ngerii ngerii ngerii beritane setiap hari kprupsi... gass poll,2025-04-17 15:58:12+00:00,negatif
tangisan mba kunti 🤣,2025-04-17 15:58:10+00:00,positif
😂😂😂,2025-04-17 15:58:05+00:00,positif
mungkin cuma ngasih makan anak istrinya tp ngasih makannya sambil keliling dunia makanya habisnya banyak😁🔥🔥,2025-04-17 15:57:54+00:00,netral
w kira suara mba kuntiii🤣,2025-04-17 15:57:53+00:00,positif
judulnya bener ini? klo iya penasaran rumahnya dan menu makanan sehari2nya apa smp rela korupsi buat makan anak-istri,2025-04-17 15:57:44+00:00,negatif
76M buat makan anak istri nya?? ada berapa puluh istri itu dia 🤪🤣,2025-04-17 15:57:41+00:00,negatif
malu lah,2025-04-17 15:57:09+00:00,negatif
🤣🤣,2025-04-17 15:56:53+00:00,positif
😜😜😜,2025-04-17 15:56:22+00:00,positif
😂😂😂😂😁👍,2025-04-17 15:55:58+00:00,positif
selamat😂,2025-04-17 15:55:48+00:00,positif
Naikkan Gajinya biar Ga Korupsi 😁,2025-04-17 15:55:47+00:00,negatif
"malu kalau akumah, sayang dia nya gak tahu malu ya",2025-04-17 15:55:32+00:00,negatif
kalau nangis gini berarti dia tidak punya banyak uang biasanya koruptor senyum senyum kalau ketangkap,2025-04-17 15:26:26+00:00,negatif
ikhlaskan saja toh negeri kita negeri kaya😂,2025-04-17 15:26:06+00:00,positif
kasus tanggul bojonegoro 40 M jebol,2025-04-17 15:25:54+00:00,negatif
uda biasa denger ratusan bahkan ribuan triliun kok 75m kedengeran gw receh bgt,2025-04-17 15:25:21+00:00,negatif
"lepasin aja pak, kata presiden kasian anaknya nanggung dosa dan kemiskinan gara-gara bapaknya🤡",2025-04-17 15:25:08+00:00,positif
ini suara si bapak ??,2025-04-17 15:24:53+00:00,negatif
5374n,2025-04-17 15:24:23+00:00,negatif
KORUPSI SAMPE SE SAMPAH SAMPAHNYA,2025-04-17 15:24:11+00:00,negatif
"hampir disemua lini korupsi, artinya mayoritas rakyat memang bobrok cuma beda kesempatan aja🗿",2025-04-17 15:24:01+00:00,negatif
😅,2025-04-17 15:23:58+00:00,positif
bagus banget akting nya....keren,2025-04-17 15:23:46+00:00,negatif
😁😁kaget sy mlm2 sendiri lg,2025-04-17 15:23:35+00:00,positif
dari sekian banyak nya negara kenapa Indonesia tmpt lahir gw😌,2025-04-17 15:23:00+00:00,positif
Asiik nih buat dijadiin sound😂,2025-04-17 15:22:58+00:00,netral
wkwkwk sontoloyo🤣🤣🤣,2025-04-17 15:22:51+00:00,positif
"jangankan sampah, zakat orang saja di sikat, pokoknya kalau di Indonesia tidak ada yang tidak dikorupsi!!!!",2025-04-17 15:22:38+00:00,negatif
sampah ajs di korup..bingung dgn negara ini..,2025-04-17 15:22:18+00:00,negatif
Bersih2 terus Tangerang😍,2025-04-17 15:21:51+00:00,positif
plisss beli lakban hitam,2025-04-17 15:21:45+00:00,negatif
Lagi nyanyi ya😂,2025-04-17 15:21:40+00:00,positif
merdoe sangat suaranja,2025-04-17 15:21:34+00:00,negatif
75 m dibliin mie instan dapet bnyak kyknya,2025-04-17 15:21:16+00:00,negatif
uuuhh kasian banget yaa,2025-04-17 15:21:13+00:00,negatif
mang gk ada audit neraca keuangan ta sampai separah2 itu,2025-04-17 15:21:10+00:00,negatif
pantesan mobil mobil sampah tangsel pada ringsek 😅😅😅,2025-04-17 15:21:08+00:00,negatif
😂😂😂😂,2025-04-17 15:20:57+00:00,positif
ada gituu setan cengeng .....🤣🤣🤣🤣,2025-04-17 15:20:54+00:00,negatif
😂😂,2025-04-17 15:20:39+00:00,positif
"75,9M sakjane ki mangan Yamaha SHS-500 opo pie cak",2025-04-17 14:58:50+00:00,netral
"maafkan saja, kasihan anak dan istrinya 😁",2025-04-17 14:58:41+00:00,negatif
meriang kaya nya,2025-04-17 14:58:37+00:00,positif
"yang mana sampahnya yang di tangkep kah
-serius nanya",2025-04-17 14:58:22+00:00,negatif
Yg nangis siapa sik 😂,2025-04-17 14:58:13+00:00,netral
😭😭😭😭😭,2025-04-17 14:58:12+00:00,positif
😳,2025-04-17 14:57:41+00:00,positif
"aku kira tangisan kuntilanak...
kok mirip bgt hya...
merinding.,",2025-04-17 14:57:14+00:00,negatif
ngakak baca komen😂😂😂,2025-04-17 14:57:11+00:00,negatif
Makan apa pak? Makan kekayaan pak😭,2025-04-17 14:57:08+00:00,positif
jika dosa bs dikorupsi.... pasti habis juga dosa seluruh umat manusia.,2025-04-17 14:57:06+00:00,negatif
😂😂😂😂😂😂😂😂😂,2025-04-17 14:56:33+00:00,positif
"tangisan indosiar....terima duitnya ketawa.....ekting
menangis...🤣🤣",2025-04-17 14:56:32+00:00,negatif
ketawa karir😂,2025-04-17 14:55:36+00:00,netral
diam gak?!!,2025-04-17 14:55:34+00:00,negatif
halah air mata buaya,2025-04-17 14:55:32+00:00,netral
mobil sampah gak layak di tangsel.. apa bener itu mobil sampah yg lewat di bsd,2025-04-17 14:55:17+00:00,negatif
"makan apa 75.9 M itu, makan emas batangan?",2025-04-17 14:55:00+00:00,negatif
sampah pun di korupsi aduhhh 😂😂,2025-04-17 14:54:30+00:00,negatif
"maaf dikonoha ini blm ada satu pun presiden yg bs memperbaiki ahlak para pejabat dan memusnahkan tikus2 negara , yg ada malah kerjasama sm tikus2 biar ttp berkuasa 3 priod eh",2025-04-17 14:54:30+00:00,negatif
🙈🙈🙈🙈🙈,2025-04-17 14:54:01+00:00,positif
"kok ketawa ya...?
luar biasa",2025-04-17 14:53:41+00:00,netral
yang nangis yang mana si,2025-04-17 14:53:36+00:00,netral
75.9M daang naon emngnya mnh doang nu kudu maraban anak istri th,2025-04-17 14:52:58+00:00,negatif
masih liga 2 ini mah,2025-04-17 14:52:51+00:00,positif
@nostferatu 75m makan apa anjr,2025-04-17 14:52:35+00:00,positif
kaget😂😂😂😂😂kirain beneran dia yng mewek😂😂😂😂😂,2025-04-17 14:52:20+00:00,positif
tenang kan ada persiden. ya g kan ngasi kebijakan paling juga 3 THN penjara,2025-04-17 14:51:54+00:00,negatif
🤣🤣🤣,2025-04-17 14:51:22+00:00,positif
coba nonton one piece suara e kayak pica,2025-04-17 14:50:51+00:00,negatif
"pas nikmatin huwahahah, pas gini ....",2025-04-17 14:28:11+00:00,negatif
"butuh Belanda buat regenerasi Indonesia ini , asli dah.",2025-04-17 14:26:19+00:00,negatif
semakin banyak yg tertangkap tangan.,2025-04-17 14:25:10+00:00,negatif
Wkwkkwwk cocoootee,2025-04-17 14:24:46+00:00,positif
"maaf 75,9 milyar untuk makan.. positif aja mungkin setiap makan d resto langsung dibeli SM resto nya sekalian🙃",2025-04-17 14:23:26+00:00,negatif
sedih masih no komen yg di atas,2025-04-17 14:23:24+00:00,negatif
🤣🤣🤣,2025-04-17 14:23:03+00:00,positif
"pas trima duit nya adem ayem cengar cengir.giliran harus tanggung jawab meweek 🤣🤣🤣.
uang bisa membahagiskan dan juga mencelakakan",2025-04-17 14:21:14+00:00,negatif
Dia cuma terharu... biasanya berangkat sendiri.. atau paling mentok pake supir.. sekarang berangkat rame2.. di pegangin pula.. terharu ajah dia..,2025-04-17 14:21:02+00:00,negatif
haaaahhhh😭 luuu kirraa anak istri lu aja yang butuh makann??😭😭😭,2025-04-17 14:20:35+00:00,negatif
koruptor ditangkap tp soundnya mesin ngadat 😭😭😭,2025-04-17 14:18:47+00:00,negatif
kantallll kantaallllll.. haekkk,2025-04-17 14:18:16+00:00,negatif
yah ampun Bu kan udah nikmati,2025-04-17 14:17:15+00:00,negatif
yang gak doyan sampah siapa hayooo🤣🤣🤣,2025-04-17 14:16:50+00:00,positif
"75,9 🗿🗿🗿 @bellabells",2025-04-17 14:16:48+00:00,positif
kasih 1 aja hal apa yang gak di korup di indo😭,2025-04-17 14:16:47+00:00,negatif
busehhhh🤣🤣,2025-04-17 14:16:23+00:00,positif
Knalpot limit,2025-04-17 14:16:14+00:00,negatif
latihan vokal ya?,2025-04-17 14:15:53+00:00,netral
Lagi nangis beliau ya?🗿,2025-04-17 14:15:47+00:00,negatif
🤣🤣🤣,2025-04-17 14:15:33+00:00,positif
korupsi sampah maksud ny gimana ya aq kurang ngerti belom bc komen..,2025-04-17 14:15:13+00:00,negatif
🤣🤣🤣,2025-04-17 14:15:01+00:00,positif
🚗 : eueueueueueuuuu Vrooommmm 💨💨,2025-04-17 14:14:55+00:00,negatif
serius ini tangisan nya .. 😆,2025-04-17 14:14:32+00:00,positif
"yang begini cepet nangkep nya, yang jelas"" merugikan negara masih Ita itu Ita itu",2025-04-17 14:14:14+00:00,negatif
heeehhhhh😂,2025-04-17 14:13:51+00:00,positif
"bebaskan saja, menurut pak presiden juga kasihan anak istrinya mereka punya hak axasi manusia 😁",2025-04-17 14:13:49+00:00,negatif
cus min dibikin sound @pesonaindonesia,2025-04-17 14:13:45+00:00,positif
korupsi sdh merata dan sdh menjadi hal yg lumrah di negri Konoha,2025-04-17 14:13:35+00:00,negatif
ang ang ang,2025-04-17 14:05:31+00:00,netral
Maksud nya apa sih korupsi sampah? 😁😁😁,2025-04-17 14:05:31+00:00,negatif
Paak ya Allah 😌,2025-04-17 14:05:14+00:00,positif
Suara nangisnya keren juga buat nada dering telpon masuk 😂,2025-04-17 14:05:04+00:00,negatif
"75,9 miliar mah bukn cm buat makan anak istri,, tpi buat makan ank cucu, tetangga dn sekelurahan🤣🤣🤣🤣🤣",2025-04-17 14:04:48+00:00,negatif
enak aj luuuu,2025-04-17 14:04:46+00:00,negatif
maluuuu dah gedeee nangeeeessss,2025-04-17 14:04:43+00:00,negatif
cengeng gobelogg siku oge kuaing,2025-04-17 14:04:43+00:00,netral
sampah pun dikorupsii bzirrrr,2025-04-17 14:04:36+00:00,negatif
"ngutelll,,lgi ngutell lgi 🤣🤣",2025-04-17 14:04:34+00:00,netral
cape gue,2025-04-17 14:04:28+00:00,positif
🤣🤣🤣baru kali ini denger orang nagis malah nek ...,2025-04-17 14:04:21+00:00,negatif
"Sekedar informasi buat temen²
Hati2 belanja di alfamart ataupun indomart
Hati hati kalo parkir motor....
Kejadiannya malam kemaren...
Pas saya belanja minum ke Alfamart..
Dan beli kebutuhan lain nya...pas saya keluar biasanya langsung pulang,tapi knapa malam itu saya minum,duduk diluar...
Nah pas itu ada orang datang pakai motor Rx king..dia berdua, yang bawa badan nya besar tinggi itam, yang satu lagi biasa aja tapi tatoan banyak...
Lah pas saya perhatiin dia ngincar motor scopy warna merah.. dan dia lirik kanan kiri.. mondar mandir di area tersebut...
Lalu saya masuk ke dalam alfamart tersebut nanya sama kasir nya...mbak cctv nya hidup gak mbak yg di luar..?
Mbak nya jawab mati mas blm di perbaiki..
Terus saya keluar lagi..
Minjam hp bapak2....mau video in,, malah hp bapak nya nokia 1205.. mana gaada kamera nya. kalo disamperin takut saya orang nya seram.
Jadi jalan satu2 nya saya keluar kan hp saya Samsung 30 Ultraman ram 24 gb nominus fulset kira2 laku berapa yaa???",2025-04-17 14:04:21+00:00,negatif
nangis ekting baxak duit 75 m bisa beli beras sam gudangxa,2025-04-17 14:04:16+00:00,negatif
nangiss ga kluar air mata penjarakan seumur hidup orang2 koplak,2025-04-17 14:04:11+00:00,negatif
makan apaan 75M 😂,2025-04-17 14:04:07+00:00,netral
kerja ditempat yang bersih tapi penghasilan lebih kotor dari yang kerja ditempat sampah.,2025-04-17 14:04:02+00:00,netral
"waktu makan uang nya, nangis nggak...?",2025-04-17 14:04:01+00:00,negatif
🤣🤣,2025-04-17 14:04:00+00:00,positif
"jgn putus sampe Kadisnya aja, setoran itu sampe atas (Walikot)🔥🔥🔥",2025-04-17 14:03:45+00:00,negatif
itu siapa yg nangis kocak banget😭🤣,2025-04-17 14:03:44+00:00,positif
ujung ujung bebas juga,2025-04-17 14:03:40+00:00,negatif
"waktu blm ketahuan asik menikmati uang haram, giliran ketahuan baru nyesel ingat anak istri 🙄",2025-04-17 14:03:38+00:00,negatif
Saha nu nangisna..,2025-04-17 14:03:28+00:00,netral
😂😂😂😂,2025-04-17 14:03:09+00:00,positif
Ho Ho Ho gitu dong,2025-04-17 14:03:02+00:00,netral
anak bini makan apa sampe 75.9 m,2025-04-17 14:02:59+00:00,negatif
lawan ketawa itu ya nangis itulah kehidupan,2025-04-17 14:02:52+00:00,positif
Mangan opo pak anakmu,2025-04-17 14:02:49+00:00,netral
huuuuh,2025-04-17 14:02:43+00:00,negatif
Astagfirlloh ….. pada rakus rakus banget yaaa 😌😌😌,2025-04-17 13:43:17+00:00,negatif
negara ini perlu di restore CTRL + AlT + DEL .. SETELAH ITU F8... pilih Restore... ikuti petunjuknya.. Gas lagi guys... #CyberPrabowoMania08 #PrabowoMania08 #JOMAN #Kajati_Banten,2025-04-17 13:42:59+00:00,negatif
Maluu ihhhhh,2025-04-17 13:42:50+00:00,negatif
bhabhi,2025-04-17 13:42:23+00:00,netral
wkwkwkkwwk ngakak apa suara tangisan ny badan gede suara kek hello Kity 🤣,2025-04-17 13:42:20+00:00,negatif
nangis krn gak bisa foya2 lagu😂😂😂,2025-04-17 13:42:20+00:00,netral
"biaya makan sampai 75. milyar. ,,makan apa. ya. ,,,bnyk.amat. ,,,jujur. pa,,,jujur jgn nangis. ,🤭🤭🤭🤭",2025-04-17 13:42:20+00:00,negatif
Ibu ini tau tangisannya pasti sangat berguna bagi nusa dan bangsa di era presiden yg sangat memikirkan nasib keluarga koruptor.,2025-04-17 13:42:18+00:00,positif
@Yyesmom._. @𝙋𝙖𝙣𝙙𝙪♓ buset 75M buat makan doang? makan apaan mereka 🤣,2025-04-17 13:42:07+00:00,negatif
hmmmm masih hidup ini pak GK bakal mati tenang aja selama BPK masih di indo hukum pasti berbihak sama BPK kok asal cuan ya di transfer yang bener 😌😌,2025-04-17 13:42:00+00:00,negatif
75 JT buat anak istri sisanya foyafoya jajan LC 🤣,2025-04-17 13:41:53+00:00,positif
susah menghentikan koruptor saya yang vokal aja dipecat gaes 😁😁😁,2025-04-17 13:41:47+00:00,netral
"falseto dan vibranya dapet banget ini, cocok banget kalau ikut Indonesia Idol 2025",2025-04-17 13:41:32+00:00,negatif
aduuuh nyeselkan,2025-04-17 13:41:31+00:00,netral
ditangkap nanges,2025-04-17 13:41:31+00:00,negatif
"pantes dulu mantan suami blg, kalau bpjs atau asuransi buat isti melahirkan atau sakit gaada, uangnya jgn jgn dikorup ya, terus kalau ga masuk tanpa keterangan dipotong sehari 400rb😭",2025-04-17 13:41:24+00:00,negatif
seperti nya semua pejabat kalo korupsi ketangkap nanggis pura pura sakit dan ujung ujung suap hakim bebas inilah hukum yang ada di Indonesia untuk pejabatnya.kalo hukum untuk rakyat Indonesia berat banget.,2025-04-17 13:41:07+00:00,negatif
mlm jumat denger suaru bgtu jd merindingggg,2025-04-17 13:40:30+00:00,negatif
😁😁cewek😏😏,2025-04-17 13:40:27+00:00,positif
klu bisa tangkap semua tampa ter kecuali untuk bayar utang negri ini biar NKRI bebas utang malu,2025-04-17 13:40:06+00:00,negatif
pantesan orang yg korupsi perut y bunciitt..makan tidur duduk d meja aja maen catur..duit sampah d lebook..ngerti x bahasa Sunda lebook sampe mm an🤣,2025-04-17 13:40:00+00:00,negatif
ku kira kerasukan diaa😭,2025-04-17 13:39:52+00:00,netral
buat sound kenalpot bagus nih🤣🤣🤣,2025-04-17 13:39:38+00:00,netral
kok nangis,2025-04-17 13:39:28+00:00,netral
kok cuma 1 orang yach.... uang sgtu besar nya 75.9M....☺,2025-04-17 13:39:06+00:00,negatif
sampah aja masih di korupsi 😁,2025-04-17 13:38:34+00:00,negatif
"soudnya ngak asli, td Bru aja lewat ibu ibu yg di genggam tangannya sama suaminya, berdua gandengan make baju orange.
pdhl pingin dengar suara aslinya kahid DLH ini",2025-04-17 13:38:22+00:00,negatif
sampah aja di korupsi… sekali lagi sAmPaHH,2025-04-17 13:38:15+00:00,negatif
sampe ke sampah sampah nyajuga ikut di korupsi juga edan,2025-04-17 13:38:08+00:00,negatif
Nangis krna ga bklan mkn daging lg mereun🤣,2025-04-17 13:38:07+00:00,netral
lagi dapet duit nya ketawa tawa.,2025-04-17 13:29:58+00:00,negatif
kalo di bebasin brarti di suap udah gitu aja,2025-04-17 13:29:56+00:00,negatif
"tangisan seharga 75,9 Miliar 😭",2025-04-17 13:29:51+00:00,negatif
disuruh? berarti yg nyuruh masih ... 😉😉,2025-04-17 13:29:42+00:00,negatif
bnyk bnget yg korup tp knp Bru PDA ktahuan yaaa,2025-04-17 13:29:37+00:00,negatif
tenang kita tuntut semua di akhirat kita masuk surga berjamaah,2025-04-17 13:29:32+00:00,positif
kocak 😂,2025-04-17 13:29:29+00:00,netral
sampah aja di korupsi 🗿,2025-04-17 13:29:18+00:00,negatif
anak istrinya makan apaan pak? nasinya diganti berlian pak tiap hari?,2025-04-17 13:29:11+00:00,negatif
pasar. Ciputat sampah' numpuk,2025-04-17 13:29:01+00:00,negatif
uangnya cukup buat bayar utang dipinjol dan bank...harusnya pinjol dan bi cheking di hapus juga ..agar tidak memberatkan rakyat...jdi rakyat bisa pinjam lagi dan ekonomis berputar...,2025-04-17 13:28:54+00:00,negatif
Kok nangis 🙄🙄🙄🙄🙄🙄🙄🙄🙄🙄,2025-04-17 13:28:50+00:00,netral
dari sutradara nya sdh di informasi kan,2025-04-17 13:28:50+00:00,positif
"kocak 😂😂😂
lagi dapat uang nya ketawa ketawa 😂😂😂",2025-04-17 13:28:46+00:00,netral
beurat ku ngaran euy🤭 meni gagah ngaranna mah,2025-04-17 13:28:17+00:00,negatif
astaghfirullah... kebanyakan orang.. makin kaya... malah Semakin Rakus dengan Duit.. egk mikir Saudara nya yang sebangsa setanah air ini masih Banyak yang.. Belum makmur Ekonomi keluarga nya..,2025-04-17 13:27:55+00:00,negatif
semenjak pak Prabowo jadi presiden banyak banget yg tertangkap yg korupsi ..trus pak lajutn sampe ke akar2 nya biar Indonesian makmur sejahtera,2025-04-17 13:27:44+00:00,negatif
@🦩 @AprilllShop @Maujajanlagi meni raeng,2025-04-17 13:27:34+00:00,negatif
nangisnya gua kira itu bunyi backsoundnya 😑,2025-04-17 13:27:21+00:00,netral
kaya kunkun nangisnya..,2025-04-17 13:27:19+00:00,netral
kasih makan anak istri yg mana itu pertanyaannya,2025-04-17 13:27:08+00:00,negatif
Soundnya oke juga,2025-04-17 13:27:04+00:00,netral
🤣🤣🤣🤣🤣🤣,2025-04-17 13:26:52+00:00,positif
Sebentar lagi jd back sound di tiktok,2025-04-17 13:26:16+00:00,negatif
😁😁😁😁😁😁😁😁,2025-04-17 13:25:57+00:00,positif
Negara ini perlu di istal ulang,2025-04-17 13:25:44+00:00,negatif
"BERANI BERBUAT HARUS BERANI TANGGUNG JAWAB PAK
KOK MALAH NANGIS 😂",2025-04-17 13:25:41+00:00,netral
makan emas apa dia dan keluarganya,2025-04-17 13:25:19+00:00,positif
sabar ya nak sabar....,2025-04-17 13:25:08+00:00,negatif
😂😂😂😂😂,2025-04-17 13:18:47+00:00,positif
itu nangis?,2025-04-17 13:18:42+00:00,negatif
ingat itu baru hukum dunia yah bisa lah ketawa lagi pas udah keluar,2025-04-17 13:18:37+00:00,negatif
"oh ini yg dibilang suami gw, nangis buat hukumannya ringan 😏",2025-04-17 13:18:35+00:00,positif
"mobil dinas msh layak pakai dan mulus sering di ganti ke yg baru, truk sampah smpe bak nya rusak parah air ngucur sepanjang jalan di hiraukan",2025-04-17 13:18:24+00:00,negatif
waktu makan duitnya ketawa ketawa pas ketangkep nangis tersedu sedu.,2025-04-17 13:18:14+00:00,negatif
🤪🤪🤪🤪🤪🤪🤪🤪🤪🤪🤪🤪🤪🤪🤪🤪🤪🤪🤪🤪🤪🤪🤪🤪🤪🤪🤪🤪🤪🤪,2025-04-17 13:18:12+00:00,positif
ITU UANG YA BUKAN BATU!,2025-04-17 13:18:04+00:00,negatif
🤣😂😂,2025-04-17 13:17:57+00:00,positif
udah gila ini gila udah pada korupsi aja ...pemerintah belajar lah dari pak harto ..kalau nerima karyawan...,2025-04-17 13:17:57+00:00,negatif
mmmmmmmmm.....mmmmmmmm....emang enak mmmmmmmm... sedih aku mmmmmmmmm......,2025-04-17 13:17:50+00:00,negatif
🤭🤭🤭 anak istrinya makan apaan sih?,2025-04-17 13:17:33+00:00,netral
yeeu malah ngelenong,2025-04-17 13:17:33+00:00,negatif
😭😭😭😭😭,2025-04-17 13:17:22+00:00,positif
podaran tuman,2025-04-17 13:17:14+00:00,netral
gara2 aanis,2025-04-17 13:17:09+00:00,positif
masih untung banyak,2025-04-17 13:17:06+00:00,negatif
kasih makan anak istri 75m,2025-04-17 13:17:01+00:00,positif
"""pikirin nasib anak istrinya kalau koruptornya dihukum"", kata pejabat negara yang mana ya waktu itu, lupa",2025-04-17 13:16:51+00:00,negatif
"enak gaes biaya makannya 75 miliar, kira"" makanannya Ferrari ga ya dicemilin?🤣🤣",2025-04-17 13:16:35+00:00,negatif
Tangisan suara tikus kejepit pintu persis banget.,2025-04-17 13:16:27+00:00,negatif
"kasian juga sih, buat makan 75 milyarnya... kalau bisa tambahin kasih pesangon buat beli susu anak 10 molyar lagi",2025-04-17 13:16:24+00:00,negatif
Dari Intonasi Tangisannya aja udah keliatan Kek menghina 🤣,2025-04-17 13:16:21+00:00,negatif
😂😂😂😂😂😂,2025-04-17 13:16:19+00:00,positif
"rakuss amett
sampah di makan",2025-04-17 13:16:15+00:00,negatif
paling nanti hukumannya gak sampe 6 thn.,2025-04-17 13:16:02+00:00,negatif
"Jangankan 75,9 Miliar, 1 juta per bln sj utk makan anak istri kami bersyukur, hidup sederhana dan menghindari gaya hidup hedonisme, banyak sabar dan berdoa dan kuatkan iman serta imun, itulah kami",2025-04-17 13:16:00+00:00,positif
😂😂😂,2025-04-17 13:15:58+00:00,positif
🤣🤣🤣,2025-04-17 13:15:52+00:00,positif
"kesian anak isterinya nanti mau makan apa, udahlah dibebasin aja, g usah dipenjara",2025-04-17 12:59:39+00:00,negatif
@Pesona Indonesia laguu baruu nih baguss😘,2025-04-17 12:59:37+00:00,negatif
🤣🤣🤣,2025-04-17 12:59:34+00:00,positif
sumpah cuma negara Indonesia korupsinya besar²an 😭😭,2025-04-17 12:59:25+00:00,negatif
oek....oek....oooohooook😂😂,2025-04-17 12:58:53+00:00,negatif
bebasin pak bebasin siapa tau klo bisa di bebasin dia bisa naik pangkat pak👍👍,2025-04-17 12:58:42+00:00,negatif
kapok,2025-04-17 12:58:35+00:00,negatif
"75,9M buat makan?
beli mie ayam pada punah tuh ayam",2025-04-17 12:58:30+00:00,negatif
🤣🤣🤣,2025-04-17 12:58:18+00:00,positif
😎😎😎,2025-04-17 12:58:12+00:00,positif
ang ang aaaaaang,2025-04-17 12:58:06+00:00,netral
sama ni kab juga blm keliatan anggaran untuk dlh.a ada tapi pekerja a.ga ada,2025-04-17 12:57:57+00:00,negatif
pusing ihhhhhh😌,2025-04-17 12:57:56+00:00,negatif
MAKAN TAUN SAMPE 76M😂😂😂😂😂,2025-04-17 12:57:37+00:00,netral
aduh si ibu ikut aja msk bui biar asyik,2025-04-17 12:57:35+00:00,negatif
kasian kan? kata seseorang.,2025-04-17 12:57:26+00:00,negatif
75m makan apaan😏,2025-04-17 12:57:15+00:00,positif
Sampah apa anjir 75m,2025-04-17 12:57:06+00:00,netral
"kok ada suara org ketawa yakk...
😡😡😡😡",2025-04-17 12:56:47+00:00,negatif
buat makan ap bos kok sampai 75 M😂😂😂,2025-04-17 12:56:42+00:00,positif
hah ? serius ?,2025-04-17 12:56:32+00:00,negatif
kasih makan uang negara tapi itu haram klo bukan milik kita,2025-04-17 12:56:12+00:00,negatif
Pekalongan juga diperiksa,2025-04-17 12:56:05+00:00,positif
75.9M sampe Anak cucu cicit cocot bisa dkasih mkn semua🗿,2025-04-17 12:56:02+00:00,netral
nalarnya itu loh dimana 🤣,2025-04-17 12:56:00+00:00,netral
jangan lupa pak barang bukti nya yg jls pak di kmnain nya pak🙏😁,2025-04-17 12:55:53+00:00,negatif
cuma 75 milyar tak membuat negara miskin,2025-04-17 12:55:49+00:00,negatif
makan apa itu 75m.,2025-04-17 12:55:37+00:00,negatif
ngapa nangis pak,2025-04-17 12:55:27+00:00,negatif
"waktu menikmati uangnya tertawa,giliran ketangkap meraung raung, lucunya...",2025-04-17 12:45:22+00:00,negatif
Mimin Backsoundnya keren.. 👍👍😁😁,2025-04-17 12:45:18+00:00,negatif
😂😅,2025-04-17 12:44:57+00:00,positif
kasian nangisnya sampe gitu. beliau pasti sangat menderita,2025-04-17 12:44:30+00:00,negatif
bebasin aja niat dia baik kok buat makan anak istrinya🥰🥰🥰,2025-04-17 12:44:16+00:00,positif
lebih baik maafkan,2025-04-17 12:44:07+00:00,negatif
msh byk duitx tuk beli hkum,2025-04-17 12:44:05+00:00,negatif
ya Allah Gus Gus kalau sudah ketahuan dan di tangkap petugas nangis dulu waktu melakukan kejahatan gak yang di ambil itu uang siapa dulu waktu sekolah apa di ajari begitu mungkin 🌹,2025-04-17 12:43:57+00:00,negatif
75milyar di beliin nasi padang bisa sampai meledak tuh perut anak istrinya makan gak habis2,2025-04-17 12:43:53+00:00,negatif
"menyalaaaaaaa terus negarakuuuu, liga korup makin seru ajaaaaaa",2025-04-17 12:43:48+00:00,negatif
makan apaan 75.9 miliar? 😂,2025-04-17 12:43:25+00:00,negatif
waktu korup nya ketawa ketuwi pas ketangkap nangis hehee,2025-04-17 12:43:25+00:00,negatif
pas korupsinya ga mikir gimana kalau ketangkep 🤣,2025-04-17 12:43:13+00:00,negatif
Negara TerKORUP ternyata negara kita 🥺🥺🥺,2025-04-17 12:43:00+00:00,negatif
selalu ingatkan suami anda jika d emban jabatan jangan mudah tergiur,2025-04-17 12:42:47+00:00,positif
"jangan terkecoh tangisan koruptor.maling aja diam"" takut ketahuan,begitu ketahuan nangis mintak dibebaskan emang enak",2025-04-17 12:42:42+00:00,negatif
apa adil anak istriya susah nanti kalu di tangkep🤣,2025-04-17 12:42:39+00:00,netral
enteng bgt ngomongnya buat makan anak istri🤣 buat makan aja nyampe milyaran😭 Ampun dahh,2025-04-17 12:42:37+00:00,negatif
🤣🤣🤣🤣🤣,2025-04-17 12:42:36+00:00,positif
😂😂😂 lah..enak aja mominta d bebasin..,2025-04-17 12:42:15+00:00,negatif
🙋☺️👍👍,2025-04-17 12:42:14+00:00,positif
suara ayam🗿,2025-04-17 12:42:08+00:00,positif
"ketahuan nangis nangis,sblumnya gmn",2025-04-17 12:42:06+00:00,negatif
🤣🤣🤣🤣 sampah pun di korupsi,2025-04-17 12:41:58+00:00,negatif
nangis nya estetik,2025-04-17 12:41:56+00:00,netral
pantes aja sampah di tangsel atau di tangerang sekitarnya paling terbaik ya udah pernah didemo ama warga skitar sampe skrg gak pernah ada jalan keluarnya 🗿🗿🗿 eh eh ternyata di korupsi kan anj 🗿🗿,2025-04-17 12:41:46+00:00,negatif
"sampah pun ikut di korupsi,,,🤣🤣🤣",2025-04-17 12:41:44+00:00,negatif
🤣,2025-04-17 12:41:34+00:00,positif
Hukum seberat2nya,2025-04-17 12:41:21+00:00,negatif
🤣🤣🤣🤣🤣🤣🤣🤣,2025-04-17 12:23:43+00:00,positif
lho knp nangis ky anak kecil aja,2025-04-17 12:23:43+00:00,netral
pak nangis,2025-04-17 12:23:25+00:00,netral
astagfirullah......,2025-04-17 12:23:20+00:00,negatif
"awowkwkwk tubagus, turunan jawara banten, familiny atut itu",2025-04-17 12:23:20+00:00,negatif
😂😂😂,2025-04-17 12:23:16+00:00,positif
waduh..napa nagis si om pasti anak istri sama keluarga anda semua bangga apa yg telah anda perbuat,2025-04-17 12:23:10+00:00,negatif
bukan nagis dia lagi senang😂😂😂,2025-04-17 12:22:38+00:00,netral
astagaaa ya Allah korup korup makin banyak,2025-04-17 12:22:29+00:00,negatif
🤣🤣🤣🤣🤣,2025-04-17 12:22:15+00:00,positif
lah mewek,2025-04-17 12:21:57+00:00,negatif
coba pak presiden... kasian anak Ama istrinya... bapak kan peduli,2025-04-17 12:21:57+00:00,positif
mewek lagi Lo.,2025-04-17 12:21:55+00:00,netral
"udh ke sampah2 yg di korup, sampah habis apalagi nnti yg di korup😩",2025-04-17 12:21:54+00:00,negatif
Duit sampah pun di korupsiiiii negara sedang tidak baik baik saja😭,2025-04-17 12:21:48+00:00,negatif
1 istri = 1 ruko Rp 1 melyar + modal usaha Rp 500 juta + tabungan Rp 500 juta = Rp 2 melyar : Rp 76 melyar = 38 istri?? 🤔,2025-04-17 12:21:45+00:00,negatif
tangisan air mata buaya,2025-04-17 12:21:44+00:00,positif
"makanya kalau diperhatikan kadang ada pisik tempat sampah berkarat bolong sampai habis separoh atau yg dari semen amblas ,kadang dlm benak apa ngga ada uang pemerintah memperbaiki gitu !!!",2025-04-17 12:21:43+00:00,negatif
duit korupsi biasanya buat bini simpenan dan lc,2025-04-17 12:21:39+00:00,negatif
waduhhhhhhhhhh,2025-04-17 12:21:33+00:00,negatif
bebaskan saya pak saya bertobat😂😅 bertobat tapi duitnya sudah jadi tai wkwkwk,2025-04-17 12:21:30+00:00,negatif
"senang senang dahulu menangis kemudian,,, inilah kisah hidup orang",2025-04-17 12:21:30+00:00,positif
ya allah sampah juga dikorupsi😭😭😭😭😭,2025-04-17 12:21:28+00:00,positif
"ya ampun uang sampah juga di korup.. anji, bang sad, bang ke, bab 1..",2025-04-17 12:21:05+00:00,negatif
@Pesona Indonesia Req Sound Min,2025-04-17 12:21:02+00:00,positif
kenapa semua kok pada koropsi ya.....munkin enak gurih ...masrakat d bidoh bodohin semua,2025-04-17 12:21:00+00:00,negatif
🗿🗿🗿🗿🗿🗿,2025-04-17 12:20:58+00:00,positif
"Banyak kali makan istri sama anakny smpe 75,9 miliar, bs smpe 7 turunan mah ini",2025-04-17 12:13:31+00:00,positif
😂😂😂,2025-04-17 12:13:18+00:00,positif
kok nangis pak😂😂😂😂,2025-04-17 12:13:13+00:00,netral
😂😂😂,2025-04-17 12:13:13+00:00,positif
kirain backsound😂,2025-04-17 12:13:09+00:00,positif
walah...walah...hancur negeriku.,2025-04-17 12:12:58+00:00,negatif
tegaklh seperti saat menikmati duitnya bro 😎✌️,2025-04-17 12:12:54+00:00,positif
anak istri di kasih makan emas 😂😂,2025-04-17 12:12:49+00:00,positif
😳😳😳😳😳😳,2025-04-17 12:12:44+00:00,positif
udahlah bebasin aja..kasian anak istrinya..75M ga akan bikin Indo bangkrut..🤪🤪🤪,2025-04-17 12:12:39+00:00,negatif
sakno,2025-04-17 12:12:29+00:00,negatif
🤪🤪🤪🤪🤪,2025-04-17 12:12:28+00:00,positif
kirain ada sound musical nya ternyata mewek 😭😭😭,2025-04-17 12:12:27+00:00,netral
😭😭😭,2025-04-17 12:12:21+00:00,positif
haih haih,2025-04-17 12:12:09+00:00,negatif
🤣🤣🤣🤣,2025-04-17 12:12:07+00:00,positif
maksudnya korupsi sampah gimana?,2025-04-17 12:12:03+00:00,negatif
"75,9M buat makan se RW pun gak abis2",2025-04-17 12:11:57+00:00,negatif
kan ada gaaji ?,2025-04-17 12:11:55+00:00,netral
teu hayang ceurik mah entong pak 😂😂😂,2025-04-17 12:11:41+00:00,negatif
kalau korupsi milyaran begitu baikx seumur hdup aja,2025-04-17 12:11:38+00:00,negatif
😂😂😂😂,2025-04-17 12:11:28+00:00,positif
"🤣🤣🤣 waktu makan duit nya happy happy, tenang aja pak bisa diatur, 😝😝😝",2025-04-17 12:11:24+00:00,positif
"ga ada yg lepas dr tangan korupsi,semua penjuru,semua pelosok,sulit mau percya siapa?",2025-04-17 12:11:23+00:00,negatif
makan berapa tahun itu... 7 turunan ngak habis habis...,2025-04-17 12:11:19+00:00,negatif
"makan apaan 75,9 M?",2025-04-17 12:11:17+00:00,negatif
🤣🤣🤣🤣 sound nya bikin kepengen di putar trus,2025-04-17 12:11:16+00:00,netral
salah siapa?,2025-04-17 12:11:06+00:00,negatif
😂😂😂😁😁😁,2025-04-17 12:10:48+00:00,positif
"busyet...makan apaan itu 75,9M??🤣",2025-04-17 12:00:55+00:00,negatif
🤣🤣🤣waktu ngambil tidak mikir kalau ketahuan nanti nangis 🤣🤣🤣,2025-04-17 12:00:54+00:00,netral
"enak""an makan uangnya di tangkap nangis hukum seberat""nya",2025-04-17 12:00:54+00:00,negatif
mantap,2025-04-17 12:00:51+00:00,netral
baru x ini lihat koruptor nangis.. biasa kan senyum senyum aja😁...,2025-04-17 12:00:31+00:00,negatif
selama hukum korupsi blom di rubah... korupsi tetap ada,2025-04-17 12:00:10+00:00,negatif
sampah sj dikorupsi trs di indo apa yg enggak dikorupsi,2025-04-17 11:59:55+00:00,negatif
aku butuh Kim Jong un untuk negara ini,2025-04-17 11:59:52+00:00,positif
klw dipenjara juga kali hanya 5 atau 6 tahun kaya maling ayam😂😂😂,2025-04-17 11:59:42+00:00,negatif
"bekas lurah gw tuh,uang dr perumahan baru jg di embat dy pdhl buat perbaikan jln krn kena imbas mobil proyek",2025-04-17 11:59:41+00:00,negatif
"matanyaaa, 75 milyar buat malam anak istri sampe 7 turunan ga abis itu kalau buat makan aja lo😂😂",2025-04-17 11:59:41+00:00,negatif
"sampah juga dikorup, dasar pejabat sampah",2025-04-17 11:59:34+00:00,negatif
lah koq gtu suaranya 😁,2025-04-17 11:59:30+00:00,netral
uda kaya helokiti🤣🤣🤣🤣.,2025-04-17 11:59:22+00:00,netral
kasihan anak istrinya 😂😂,2025-04-17 11:59:22+00:00,negatif
😅😅😅,2025-04-17 11:59:21+00:00,positif
maaf kirain suara sirine🤣,2025-04-17 11:59:00+00:00,negatif
awalnya kirain lg nyanyi seriosa😅,2025-04-17 11:58:59+00:00,netral
"payah bgt ya negri kita ini,sma apapun yg bisa di korupsi bkl dikorupsi.entah knapa mrk tau halal haram tp seakan² mrk menutup mata dn ht nurani",2025-04-17 11:58:53+00:00,negatif
jgn ksh ampun,2025-04-17 11:58:50+00:00,negatif
sampe sampah aja dikorupsi ealahhhh 🤣,2025-04-17 11:58:50+00:00,negatif
jgn pernah ngasi makan anak istri pake uang haram... klo sudah jadi daging udh wasalam,2025-04-17 11:58:36+00:00,negatif
Ini nangisnya setingan kah?,2025-04-17 11:58:35+00:00,negatif
😂😂😂,2025-04-17 11:58:24+00:00,positif
makan anak istri di mana om duit segitu banyakkkk,2025-04-17 11:58:17+00:00,netral
eleh paling Yo penek kasus ilang Dewe kok,2025-04-17 11:58:15+00:00,negatif
"kmrn² wkt itu menikmati, tanya gak uangnya halal pa haram... 🙏",2025-04-17 11:58:14+00:00,negatif
ludahin woy,2025-04-17 11:58:13+00:00,netral
mau makan apa tuh gaji nggak cukup napa,2025-04-17 11:57:56+00:00,netral
total segt dh berp thn korupsinya,2025-04-17 11:57:42+00:00,negatif
apa aja dikorup ya 😂😂,2025-04-17 11:46:53+00:00,netral
"75,9M pak.. ga di kasih hadiah timah panas kah..??",2025-04-17 11:46:37+00:00,negatif
enak bener luh,2025-04-17 11:46:22+00:00,netral
ahahaaha,2025-04-17 11:46:18+00:00,netral
😂😂😂😂😂 lupa kalo korupsi itu dipidana,2025-04-17 11:46:08+00:00,negatif
waktu mkn duit y ssng2 ajh ea,2025-04-17 11:46:07+00:00,negatif
sampah aja di korupsi wadeeeh,2025-04-17 11:46:07+00:00,negatif
anjooooyyy buat makan 75 miliyar 😂😂😂,2025-04-17 11:46:02+00:00,negatif
😂😂😂,2025-04-17 11:45:57+00:00,positif
mantap,2025-04-17 11:45:53+00:00,netral
Yang nangis istrinya atau Bapaknya sih😂,2025-04-17 11:45:47+00:00,positif
🤣🤣🤣🤣🤣🤣🤣 backsound nya,2025-04-17 11:45:43+00:00,positif
🤣🤣🤣,2025-04-17 11:45:41+00:00,positif
😂😂😂😂klu niklati uang korupsi ketawa2 bangga sm kwn emak2 nya😅😅 tiba ketangkap nangis sampe ngompol2😂😂😂jaman pak prabowo ini wakk😅😅😅 bukn jaman abah anis😂😂😂😂,2025-04-17 11:45:31+00:00,negatif
🔥🔥🔥,2025-04-17 11:45:25+00:00,positif
🥰🥰🥰,2025-04-17 11:45:22+00:00,positif
😅😅😅astagfirullah lucu tp gemesin.pas enak dimkn sndri pas kena ditangisi,2025-04-17 11:45:20+00:00,negatif
nagis sangat menyesal target ny 200 M udah ketauan,2025-04-17 11:45:19+00:00,positif
@pesonaindonesia tolong jadika sound keren ini,2025-04-17 11:45:13+00:00,netral
🤦‍♂️🤣🤣 minta di kasihani,2025-04-17 11:44:47+00:00,positif
😂😂😂😂😂😂,2025-04-17 11:44:45+00:00,positif
"itu Anak istrinya di Makanin Apa...?
75.9 Miliar😬😬😬 Emas dan Permata kah...!!",2025-04-17 11:44:44+00:00,negatif
"jangan khawatir pak presiden tak tinggal diam,akan ada pembelaan kasian anak istri mu",2025-04-17 11:44:38+00:00,negatif
tangisan bahagia,2025-04-17 11:44:38+00:00,positif
gw yg penghasilan di bawah UMR kebelet boker jadi nya,2025-04-17 11:44:29+00:00,positif
ya alloh sampah juga d korupsii negara apa ini🙄,2025-04-17 11:44:13+00:00,negatif
"duit segitu buat mkan, tu mkanan pke toping emas kh😒",2025-04-17 11:43:54+00:00,positif
Semoga beliau dan keluarga diberikan kekuatan mental baja,2025-04-17 11:43:54+00:00,negatif
Lho kok nangis giliran ketangkep pak,2025-04-17 11:36:40+00:00,netral
ternyata negara kita ga miskin jir,2025-04-17 11:36:37+00:00,negatif
😂😂😂,2025-04-17 11:36:20+00:00,positif
"makan sehari 3x , orangnya ada berapa sampe harus korupsi segitu",2025-04-17 11:36:19+00:00,negatif
"ada sound baru nih 😅,",2025-04-17 11:36:11+00:00,netral
maaf kok agak ngeri2 ya denger suara tangisnya kyk tangisan mbak kun😭,2025-04-17 11:36:08+00:00,negatif
kenapa nangis tooo...kan udah menikmati kemarin2😌,2025-04-17 11:35:58+00:00,negatif
@Muchlis BookTok @BacaInDra📚,2025-04-17 11:35:51+00:00,positif
😁😁😁,2025-04-17 11:35:49+00:00,positif
😅🤣,2025-04-17 11:35:32+00:00,positif
🤣,2025-04-17 11:35:25+00:00,positif
pasti pendukung abah,2025-04-17 11:35:19+00:00,negatif
habis terang terbitlah gelap😁😁,2025-04-17 11:35:15+00:00,negatif
😭😭😭😁😁,2025-04-17 11:35:14+00:00,positif
sampahpun di korup dong wahhh gak kaget lagi sih😌,2025-04-17 11:35:13+00:00,negatif
"anak istrinya makan apa sampai harganya 75,9 Milyar 😭",2025-04-17 11:35:13+00:00,negatif
Pak masak nangis sih ..😁,2025-04-17 11:34:59+00:00,negatif
"kalau udah ada sound nya , saya mau dong. biar bapak itu selalu dikenang",2025-04-17 11:34:54+00:00,negatif
🤣🤣🤣🤣😝😝😝😝,2025-04-17 11:34:39+00:00,positif
"wah kasian neh nanti yg omon"" ikutan nangis..",2025-04-17 11:34:11+00:00,negatif
"berita sambo aja entah bagaimana, disusul berita lain yang menutup... kesel rasanya ngikutin berita tanpa plottwist😌",2025-04-17 11:34:11+00:00,negatif
🤣🤣🤣🤣,2025-04-17 11:34:08+00:00,positif
"75,9...kalau buat beli beras seumur hidup gak habis",2025-04-17 11:33:58+00:00,negatif
😂enak banget wkkkkkk,2025-04-17 11:33:57+00:00,negatif
tangis bahagia@😅😅,2025-04-17 11:33:50+00:00,positif
na ai NU maok Hayam maok motor nepika baronyok. ai NU maok duit gede mah. aman🤦🏻,2025-04-17 11:33:38+00:00,negatif
"Hukumannya ringan , santai aja",2025-04-17 11:33:36+00:00,netral
🤣,2025-04-17 11:33:28+00:00,positif
dia nangis atau apa sih 🤣,2025-04-17 11:33:22+00:00,negatif
ku bantuin nangis ya pk 😭😭😭😭😭,2025-04-17 11:22:34+00:00,netral
"giliran blm ketauan makan yg enak"" hilling ke mna"" ,shoping yg wah !!! giliran dah ketengkong meraung- raung",2025-04-17 11:22:26+00:00,negatif
Mayoritassss,2025-04-17 11:22:21+00:00,netral
"Kasihan Anak"" dan Istrinya..kata P Prabowo",2025-04-17 11:22:16+00:00,negatif
pekalongan juga perlu dicari tahu nih kenapa sampah dimana mana. jangan jangan...,2025-04-17 11:22:12+00:00,netral
rakyat menangis karena banyak korupsi,2025-04-17 11:22:12+00:00,negatif
kmp nangis,2025-04-17 11:22:11+00:00,netral
kupikir td suara nyanyi.... lagu korea.,2025-04-17 11:21:53+00:00,positif
dia ingat makan tuk istri dan anak terus istri dan anak yg lain kamu tidak ingat butuh makan juga.. dasar kalo sdh salah senjatanya air mata nda dia liat kami yg di bawah butuh makan juga..,2025-04-17 11:21:24+00:00,negatif
"75 miliar makan, gw di rumah aja beli indomie kalo darurat, masa iya makan segitunya",2025-04-17 11:21:17+00:00,positif
itu beneran nangis apa ketawa sih,2025-04-17 11:21:14+00:00,negatif
besaran suaranya nangis tersangka ikutan mau nangis tadinya biasa aja tersangkanya,2025-04-17 11:21:11+00:00,negatif
ko nangis,2025-04-17 11:20:58+00:00,netral
🤣,2025-04-17 11:20:49+00:00,positif
eeee bujang!,2025-04-17 11:20:46+00:00,positif
guwa kira suara engsel pintu kayak fyp kemarin,2025-04-17 11:20:38+00:00,negatif
"yg kutunggu2 🙏, hampir tiap hari berada di belakang truk sampah bobrok reyot baknya ,karena rute sekolah anak kebetulan dilewati truk2 yg udah busuk ini",2025-04-17 11:20:33+00:00,negatif
anjay wkwkwkw,2025-04-17 11:20:26+00:00,positif
😂😂😂😂😂😅😅😅,2025-04-17 11:20:18+00:00,positif
@pesonaindonesia,2025-04-17 11:20:18+00:00,negatif
@pesonaindonesia halo min,2025-04-17 11:20:08+00:00,positif
paling dihukum 2 thun,2025-04-17 11:20:06+00:00,negatif
sagala dikorup abong di konoha😏,2025-04-17 11:19:48+00:00,negatif
malu njjiirrrr,2025-04-17 11:19:45+00:00,negatif
Uhe uhe 😂,2025-04-17 11:19:41+00:00,negatif
🤣🤣🤣kalian tega sama anaknya menderita.. kata wowo gemoy,2025-04-17 11:19:33+00:00,negatif
"masak 1saja kena 😜, terus yang lain gimana?",2025-04-17 11:19:17+00:00,negatif
sampah aja di korupsi y,2025-04-17 11:19:14+00:00,negatif
kalau gua malu tu 😂,2025-04-17 11:19:05+00:00,negatif
di tangkap malah ketawa...,2025-04-17 11:18:50+00:00,negatif
🤣🤣🤣🤣🤣... lebih lucu dari lawak,2025-04-17 11:13:42+00:00,netral
Indonesia yg gak dikorupsi cuma satu langit pemerintah nya jajal semua,2025-04-17 11:13:25+00:00,negatif
negra ini perlu di reiset DRI atas sampe bawah,2025-04-17 11:13:23+00:00,negatif
🤣🤣🤣🤣🤣🤣🤣🤣🤣,2025-04-17 11:13:22+00:00,positif
tinggal tunggu DLH kab sukabumi nih😁😁 banyak yang ga bener,2025-04-17 11:13:16+00:00,positif
pas nikmatin happy2 pas ditangkap nangis2,2025-04-17 11:12:59+00:00,negatif
🤣🤣🤣,2025-04-17 11:12:57+00:00,positif
giliran ketangkap baru nagesss,2025-04-17 11:12:52+00:00,netral
untuk makan 75M?????,2025-04-17 11:12:37+00:00,negatif
😁😁😂😂,2025-04-17 11:12:31+00:00,positif
gak lama lagi sound ini rame.🤣,2025-04-17 11:12:27+00:00,negatif
🤣🤣🤣🤣🤣🤣🤣,2025-04-17 11:12:23+00:00,positif
"makan apaan Ampe 75,9M🤔.",2025-04-17 11:12:18+00:00,netral
"serukan hidup di sini, sekolah tinggi - masuk ke instansi negara - korupsi yang banyak - penjara 3 tahun - keluar kaya raya - sedekahin duit - tobat - nikmatin hidup",2025-04-17 11:12:17+00:00,negatif
"Hampir semua Lini ada korupsi, masih yakin Negara kita baik baik saja?😱",2025-04-17 11:12:05+00:00,negatif
bebasin dia . kasihan anak.y ..ya kan yah guys ..,2025-04-17 11:11:55+00:00,negatif
sound nya kocak anjiirr😂😂,2025-04-17 11:11:53+00:00,netral
preettt,2025-04-17 11:11:45+00:00,positif
"Indonesia ada secuil jabatan tetap korupsi Rungkat,,,,",2025-04-17 11:11:43+00:00,negatif
Laahh nangis macam apa ini 😂😂,2025-04-17 11:11:39+00:00,positif
"maaf ini suara apaan y gess.. ""ngngngngng""( bertanya dg nada lembut keraton)",2025-04-17 11:11:38+00:00,negatif
hahahahahah,2025-04-17 11:11:37+00:00,negatif
"tak kira sound🤣nyari2 yg nangis mana, eh dia yg nangis🤣 kenceng banget suaranya pak🤣nangisnya ada nada nya🤣🤣🤣😜",2025-04-17 11:11:22+00:00,negatif
"gara gara reformasi***ing,negara hancur..Amin Rais harus tanggung jawab.",2025-04-17 11:11:21+00:00,negatif
kirain suara kunti😅,2025-04-17 11:11:08+00:00,positif
"Kenapa mewek alias nangis pak ??? kan sudah kenyang makan duit yg begitu besar ,,,berani berbuat berani bertanggung jawab paaak 😳",2025-04-17 11:11:02+00:00,negatif
😅😅😅😅😂enak kali,2025-04-17 11:10:59+00:00,positif
"75.9 m
.1 pejabat x brp pejabat yg korup",2025-04-17 11:10:58+00:00,negatif
ini yg di sebut TERTAWA DI ATAS PENDEEITAAN ORANG LAIN🤣🤣,2025-04-17 11:10:54+00:00,negatif
75M buat makan 😂👍,2025-04-17 11:10:34+00:00,positif
gurih ....gurih ....gurih,2025-04-17 11:00:54+00:00,negatif
Apa si yang ga dikorupsi astaga 😩,2025-04-17 11:00:42+00:00,negatif
Bapaaaaaak makan bebek di pinggir jalan gak sampe 7 milyar pak bapak kasih makan apa anak istrinya??? Lempengan baja?,2025-04-17 11:00:36+00:00,negatif
kasihan anak istrinya kata si itu😂,2025-04-17 11:00:34+00:00,negatif
"potong keringanan karna istri dan kluarga menangis saat penangkapan.
(klo yg lain saat penangkapan kn brontak)",2025-04-17 11:00:17+00:00,negatif
loh kirain suara tangisan cewek 😭,2025-04-17 11:00:16+00:00,netral
sampah aja di korupsi eh y ampun...,2025-04-17 11:00:16+00:00,negatif
"yang kayak gini masih mikirin Keluarga Korupsi....Astagfirullah....
nah uang Korupsinya juga buat kasih makan Keluarga......
Semoga Pak Presiden tidak salah dalam mengambil Keputusan",2025-04-17 11:00:15+00:00,negatif
menu apa buat anak istri sampai milyaran?,2025-04-17 11:00:10+00:00,negatif
"memang luar biasa indonesia, sampai sampah aja d korupsi 😄 gak lama lg bisa2 sampah dr mobil tinja d kuropsi",2025-04-17 10:59:51+00:00,negatif
Gimana caranya bikin sound ini jadi nada dering hp,2025-04-17 10:59:43+00:00,negatif
😅😅,2025-04-17 10:59:37+00:00,positif
gampang punya dwit mh..sidang sx jg bebas,2025-04-17 10:59:35+00:00,netral
😂😂😂😂😂😂😂😂😂😂😂,2025-04-17 10:59:33+00:00,positif
waw..boleh ditiru cara mainnya,2025-04-17 10:59:33+00:00,netral
udh pak bebasin aja kasian saya😂,2025-04-17 10:59:27+00:00,netral
bingung kan kenapa banyak kasus korupsi yg terungkap sekarang? karena kemarin aparat yg berwenang macan ompong😅,2025-04-17 10:59:26+00:00,negatif
nangis to aku kira suara nyamuk 😂😂😂,2025-04-17 10:59:12+00:00,positif
75.9 m buat makan anak istrinya makan apa anj hahhhh,2025-04-17 10:59:05+00:00,positif
kirain yg nangis istrinya ga taunya suara pelaku🤣🤣🤣,2025-04-17 10:59:03+00:00,netral
trus uwang korupsi itu di kmanakan,2025-04-17 10:59:01+00:00,negatif
🤣🤣🤣,2025-04-17 10:58:55+00:00,positif
"baru kali ini ada koruptor nangis , biasanya senyum2 karna jackpot bnyk",2025-04-17 10:58:51+00:00,netral
"yakali duit segitu buat makan doang, buat jajan baru bnr😂",2025-04-17 10:58:31+00:00,positif
TANGISAN BAHAGIA 🤣🤣🤣,2025-04-17 10:58:11+00:00,positif
"semakin parah sdh negri ini,,apa saja yg ada jika mereka ada peluang di sektor apapun bakal di korupsi,,",2025-04-17 10:58:00+00:00,negatif
"Jumlah istri dan anaknya berapa?, banyak sekali makannya?",2025-04-17 10:57:50+00:00,netral
yg di sidang korupsi tidak terbukti ..malah hakimnya yg jadi tersangka ...hebat hebat,2025-04-17 10:57:41+00:00,negatif
tenang aja pak nanti pasti di kasi kamar VIP koq,2025-04-17 10:57:37+00:00,negatif
Koq lucu ya korupsi 75 M alasan buat makan anak istri... Itu mah bisa buat MBG... 😂,2025-04-17 10:57:28+00:00,negatif
🤣🤣🤣🤣🤣🤣🤣,2025-04-17 10:38:35+00:00,positif
😌 sampah pun di makan pula,2025-04-17 10:38:25+00:00,netral
sound nya duh ..seriosa banget😇,2025-04-17 10:38:20+00:00,netral
proses,2025-04-17 10:38:18+00:00,positif
Kuasa Pengguna Anggaran (KPA) dan Pejabat Pembuat Komitmen (PPK),2025-04-17 10:38:14+00:00,positif
lumayan korup 7.9M penjara 3 tahun potong 1tahun jalani 1.5 tahun keluar masih ada uang 5.5 M,2025-04-17 10:38:13+00:00,negatif
Ya elah.. 300T aja metro tv masih bisa nglawak.. ini malah nangis,2025-04-17 10:38:09+00:00,negatif
parah bgt nangisnya kok gitu.. sakitnya tak berdarah,2025-04-17 10:38:03+00:00,negatif
tukeran pak GPP saya yg gantiin paling juga 3 tahun dapat 75m 🤣🤣🤣,2025-04-17 10:37:57+00:00,negatif
ko gue 😄😄😄😄,2025-04-17 10:37:45+00:00,netral
"kok nangis,",2025-04-17 10:37:43+00:00,netral
😂😂😂😂😂😂😂😂😂,2025-04-17 10:37:16+00:00,positif
"gw yang ganteng dari lahir aja sedih liatnya , apalagi kalian yang biasa biasa aja 🥺",2025-04-17 10:37:13+00:00,negatif
😂😂😂,2025-04-17 10:37:08+00:00,positif
😂😂😂😂,2025-04-17 10:37:06+00:00,positif
sampah pun bisa di korup. Negara macam apa ini!🗿,2025-04-17 10:37:02+00:00,positif
"Vangkeeee, 75,9 M dipake makan apa ituuuuu? 🙈",2025-04-17 10:37:00+00:00,negatif
😂😂😂😂😂😂😂😂😂😂,2025-04-17 10:36:57+00:00,positif
"anjas, sampe sampah pun dikorupsi",2025-04-17 10:36:47+00:00,negatif
gw kira cwe yg nangis eh pas nongol cwok??kaget,2025-04-17 10:36:45+00:00,negatif
😁😁😁😁😁😁😁😁😁😁😁😁😁😁😁😁😁😁,2025-04-17 10:36:40+00:00,positif
@YS_72💋 🤭🤭,2025-04-17 10:36:40+00:00,positif
Kirain suara apa😭😭,2025-04-17 10:36:35+00:00,positif
😂😂😂,2025-04-17 10:36:32+00:00,positif
penakmen,2025-04-17 10:36:21+00:00,netral
mantap 🔗🔗,2025-04-17 10:36:19+00:00,positif
Wasyuu wasyuuuu... kek gini di bilang jangan ganggu anak anaknya??,2025-04-17 10:36:09+00:00,negatif
"75,9M, kira² makan apa ya🙄😩",2025-04-17 10:36:03+00:00,positif
75.9 milliard buat kasih makan anak istri sekebon...njir anak istrinya ada dimana-mana nih...,2025-04-17 10:35:53+00:00,negatif
nangisnya kaya film cecep😁,2025-04-17 10:35:52+00:00,positif
🤣 bahahaha buat makan katanya,2025-04-17 10:27:21+00:00,positif
anak istrinya makan apa bjir 🤣,2025-04-17 10:27:13+00:00,positif
ya Allah,2025-04-17 10:27:03+00:00,positif
🤣🤣🤣🤣,2025-04-17 10:27:03+00:00,positif
negara macam apa ini.,2025-04-17 10:26:35+00:00,positif
😂😂😂 pasti bilangnya ini cobaan dari allah,2025-04-17 10:26:35+00:00,positif
😂 merinding,2025-04-17 10:26:34+00:00,positif
paling sebagian duit nya sewa lc 🤣🤣🤣,2025-04-17 10:26:24+00:00,negatif
"beneran itu nangis, nangisnya kayak orang kesurupan gitu",2025-04-17 10:26:22+00:00,negatif
"modal air mata dapet 75,9M y gak rugi lah,yg disita jg gak bakalan semuanya 🤣🤣",2025-04-17 10:25:50+00:00,negatif
75 miliar makan apaan pak,2025-04-17 10:25:50+00:00,negatif
limit yaa,2025-04-17 10:25:49+00:00,negatif
🤣🤣🤣,2025-04-17 10:25:40+00:00,positif
Istri nya nangis2 untuk di bebaskan karna berjuang kasih makan ank istrinya.. lah dia ngk tau.. di belakang itu banyak LC enong2 yg di biayain tnpa spgthuan istri nya 🤣🤣,2025-04-17 10:25:32+00:00,negatif
kasian anak nya loh gak bisa makan lagi,2025-04-17 10:25:22+00:00,netral
Njir kirain sound tiktok 🤣,2025-04-17 10:25:20+00:00,netral
terus aku harus tinggal dmna di indo apa2 dikorup😭😭,2025-04-17 10:25:16+00:00,positif
sedih nya sampe ke ubun2😂😂😂,2025-04-17 10:25:10+00:00,negatif
🤣🤣🤣,2025-04-17 10:25:04+00:00,positif
"Bebaskan tapi dimiskinkan, taruh di rusun, kasih kerja di kelurahan jadi pekerja pembersih jalan supaya tetap ada penghasilan",2025-04-17 10:25:02+00:00,negatif
🤣😭,2025-04-17 10:24:55+00:00,positif
dia nangis bahagia itu bukan nangis sedih,2025-04-17 10:24:33+00:00,netral
wekk... 76M buat makan... daharnaon eta jeleuma,2025-04-17 10:24:19+00:00,negatif
beli nasi kuning berapa bungkus tu,2025-04-17 10:24:06+00:00,negatif
76 milyar kok buat makan doang 🤣🤣,2025-04-17 10:24:06+00:00,negatif
negri Konoha yg bobrok pejabatnya,2025-04-17 10:24:03+00:00,netral
😂😂😂😂😂,2025-04-17 10:23:59+00:00,positif
"tenanga pak, presiden Konoha bijaksana kok klrganya dilindungi",2025-04-17 10:23:57+00:00,netral
itumah masih mending bahkan uang zakat aja di korup🗿,2025-04-17 10:23:55+00:00,negatif
kawussss,2025-04-17 10:23:51+00:00,positif
Yang nangis perempuan apa laki sih,2025-04-17 10:10:18+00:00,negatif
Kasian anak sama istri sekarang udah gak bisa flexing 😢,2025-04-17 10:10:04+00:00,positif
Astaqfirullah,2025-04-17 10:09:57+00:00,positif
menyala negriku,2025-04-17 10:09:37+00:00,negatif
"Kadang dia tersenyum dalam tangis
Kadang dia menangis di dalam senyuman
Wo-oh, apa yang terjadi, terjadilah",2025-04-17 10:09:36+00:00,netral
😂😂😂😂,2025-04-17 10:09:33+00:00,positif
kaya gini DpR Prabowo diem aja😁😁😁,2025-04-17 10:09:26+00:00,positif
"iya kasihan dia pak bebasin ajak pak
presiden ajak enggak mau meresmikan perampasan aset pak gara2 enggak mau melihat keluarga koruptor menderita",2025-04-17 10:09:15+00:00,negatif
"dari kemaren nangkep yg korupsi,tapi kemana uangnya???",2025-04-17 10:09:06+00:00,negatif
air mata buaya njeer,2025-04-17 10:09:04+00:00,netral
sampah di korup apa lagi yang lain,2025-04-17 10:08:56+00:00,negatif
penasaran sama menu makanan anak isterinya,2025-04-17 10:08:42+00:00,netral
🙃,2025-04-17 10:08:42+00:00,positif
d tangkap ko mlh bernyanyi 🤭,2025-04-17 10:08:40+00:00,netral
padahal negara kita ini agamis tapi korupsinya kok merajalela ya ???😞,2025-04-17 10:08:30+00:00,negatif
gimana kalau anak yatim piatu nebang pisang di kebun orang untuk makan adik.nya?,2025-04-17 10:08:18+00:00,negatif
"😂😂😂😂😂😂kocak bngt BP ini...dapet jalan"",shoping...sekarang mewek...",2025-04-17 10:08:11+00:00,negatif
ya ampunnn sampah ajh di korupsi,2025-04-17 10:07:40+00:00,negatif
Halah,2025-04-17 10:07:28+00:00,netral
"@_BobamilkTea🧋 makanan apa 75,9 miliar itu... pernah lihat kah kamu🤣🤣🤣",2025-04-17 10:07:06+00:00,negatif
Tenang 1 tahun penjara keluar Tabungan Banyak Aman Bos,2025-04-17 10:06:53+00:00,negatif
🤣🤣🤣,2025-04-17 10:06:42+00:00,positif
makanya jangan asal mau disuruh2 pimpinan,2025-04-17 10:06:41+00:00,negatif
tangis bahagia,2025-04-17 10:06:21+00:00,positif
kuntilanak nangis🗿😭,2025-04-17 10:06:09+00:00,positif
astaghfirulloh....,2025-04-17 10:06:03+00:00,negatif
gausah nangis pak,2025-04-17 09:58:16+00:00,netral
😂🤣,2025-04-17 09:58:15+00:00,positif
jangan sampai pak presiden mendengar tangisan si bapak ini😁😁,2025-04-17 09:58:13+00:00,positif
"makanya jgn 76M, kalau bisa 20T",2025-04-17 09:57:58+00:00,netral
ditangkep kok ketawa ya.,2025-04-17 09:57:45+00:00,netral
"75,9 kata ny utk mkn ank istri kira"" mereka itu tiap hari mkn ny opo tho,ak yg 1 hari 50 k di mkn sklga aj dh mewah",2025-04-17 09:57:43+00:00,negatif
"dimaafkan,kata mereka,
nikmati aja prosesnya,",2025-04-17 09:57:33+00:00,negatif
Baru kali ini denger orang nangis ga kesian,2025-04-17 09:57:33+00:00,positif
negara ini kok makin banyak koruptor,2025-04-17 09:57:28+00:00,negatif
Oooooooo hiks hiks hiks,2025-04-17 09:57:28+00:00,netral
😂😂😂,2025-04-17 09:57:19+00:00,positif
"nangisnya nakutin, dan wow fantastis",2025-04-17 09:57:10+00:00,positif
pantes truck sampai dari jaman Ki benen kaga di ganti2 🙄,2025-04-17 09:57:08+00:00,positif
"😒😒😒75,9M bli mkan apaan ??? gagal paham akoh niy",2025-04-17 09:57:07+00:00,negatif
75M buat makan anak istri?perut anak istri nya sebesar apa pak?,2025-04-17 09:57:05+00:00,negatif
sedihnya 🥺,2025-04-17 09:57:04+00:00,negatif
laki-lakinya menahan ketawa mendengar bininya menangis (karena pas dirumah lakinya yang sering nangis),2025-04-17 09:57:03+00:00,negatif
di maaf kan saja kasihan sampai nangis,2025-04-17 09:56:57+00:00,negatif
"🤣😂🤣😂nangis""🤣waktu bagi"" uang ketawa lebar🤣🤣",2025-04-17 09:56:44+00:00,netral
🤣🤣🤣,2025-04-17 09:56:43+00:00,positif
emng gunannya apa dpr,2025-04-17 09:56:35+00:00,positif
mohon mangap nih yg nangis sound kah 😭,2025-04-17 09:56:24+00:00,negatif
segera bebas kan dari dunia,2025-04-17 09:56:02+00:00,negatif
🤣🤣🤣,2025-04-17 09:55:57+00:00,positif
makan apaan sampe 75 milyar😭,2025-04-17 09:55:55+00:00,netral
😄😄😄😄,2025-04-17 09:55:47+00:00,positif
kalo dkumpululin seluruh hasil korupsi yg sudah ditangkap...kira2 kemana alurnya ya?,2025-04-17 09:55:34+00:00,negatif
enak x,2025-04-17 09:55:23+00:00,netral
😭😭😭😂😂😂,2025-04-17 09:55:23+00:00,positif
kata pak jendral ... kasia anak dan istrinya... wkwkwk,2025-04-17 09:55:18+00:00,positif
sangat banyak sekali keburukan di negri ini,2025-04-17 09:46:28+00:00,negatif
ditangkap nangis...pas nyuri ketawa,2025-04-17 09:46:09+00:00,negatif
ha ha ha haha ah,2025-04-17 09:46:06+00:00,negatif
orang tangsel tp soundx logat sulsel..😂,2025-04-17 09:45:58+00:00,negatif
koq nangis ngabisin nya happy²,2025-04-17 09:45:53+00:00,positif
Innalilahi wainna lilahi rojiun,2025-04-17 09:45:52+00:00,negatif
pasti sound nya bakalan rame di meme🤣🤣,2025-04-17 09:45:51+00:00,netral
😂,2025-04-17 09:45:39+00:00,positif
tenang z bu pak prabowo memaf kan ko asal blkin uang da insaf,2025-04-17 09:45:38+00:00,negatif
kasihan y negara ini,2025-04-17 09:45:38+00:00,positif
😂😂😂 nii parah ni😂😂😂,2025-04-17 09:45:34+00:00,negatif
Perlu di reset ulang deh keknya.. gmn para warga +62??,2025-04-17 09:45:33+00:00,negatif
"kL ke tangkep pura pura nya mewek, coba ending nya perLihat kan para tikus tikus Lain nya yg ngga di tangkep, berani nggak ngeLiat in kL ngga ke tangkep....mewek apa ngakak ngakak.....",2025-04-17 09:45:20+00:00,negatif
😁😁😁😂😂😂,2025-04-17 09:45:14+00:00,positif
waktu dpt uang tertawa riang giliran ketahuan nangis ndring ae,2025-04-17 09:45:10+00:00,negatif
"Sampe safety tank di korupsi, aslii ga BAB gua 🗿",2025-04-17 09:45:08+00:00,negatif
hmmmhhhmmmnhhhh.......,2025-04-17 09:44:57+00:00,negatif
"istrinya pura"" nangis",2025-04-17 09:44:55+00:00,negatif
😒😒😒,2025-04-17 09:44:54+00:00,positif
😇😇😇,2025-04-17 09:44:49+00:00,positif
😂😂😂😂,2025-04-17 09:44:35+00:00,positif
kocak,2025-04-17 09:44:21+00:00,netral
yg gk dikorupsi cuma 💩💩,2025-04-17 09:44:20+00:00,negatif
😂😂😂,2025-04-17 09:44:06+00:00,positif
kasihan anak istrinya nanti makan apa?,2025-04-17 09:44:04+00:00,negatif
keren bgt kakak nya gita gutawa,2025-04-17 09:44:02+00:00,positif
"75,9 M MAKANAN APAAAN BJIRR😔",2025-04-17 09:43:42+00:00,netral
pas korup kok gak nangis pak😫,2025-04-17 09:43:40+00:00,negatif
makan anak istri ko 75milyar makan apa itu?,2025-04-17 09:43:38+00:00,positif
indah bener🥰🥰🥰🥰🥰🥰🥰🥰🥰,2025-04-17 09:43:36+00:00,positif
😁😁😁 Indonesi GANTI presiden biar basmi korupsi malah kasian keluarga korupsi 🤦 😁😁🤣 🤣,2025-04-17 09:32:07+00:00,negatif
makanan apa yg sampe 75.9m,2025-04-17 09:32:06+00:00,negatif
bisa bisanya nangis bu....75.9 milyar loh,2025-04-17 09:31:59+00:00,negatif
"🤭Mmm kok bisa y... besar anggaran nya berpa si kok bisa sampai pernyataan korupsinya. 75,9 milliar... besar juga cuuuu... hmmm cari untung nya berjemaah sih jdnya begitu total nya di bagi berpa kepala tuh?? 🤭. hmmm. anggraan emng berp Sih?? 😊",2025-04-17 09:31:59+00:00,negatif
"😁😁😁😁😁😂😂😂😂😂,akhirnya keluar airmata buaya,di bebasin tetap ja di ulang lagi",2025-04-17 09:31:58+00:00,negatif
kayak mau di kebumikan ajh tu suami padahal cuma kuliah lagi ya,2025-04-17 09:31:56+00:00,negatif
"berperan sebagai pria melankolis ya pak, 👍.",2025-04-17 09:31:54+00:00,positif
😂😅 giliran di tangkap nangis,2025-04-17 09:31:43+00:00,netral
😂🤪,2025-04-17 09:31:40+00:00,positif
wkwkwkw,2025-04-17 09:31:38+00:00,positif
makan nya di Dubai kali selama 5 tahun 😭😅,2025-04-17 09:31:32+00:00,positif
Ko nangis? Bukan uangnya enakk yaa untuk memperkaya keluarga 😅😂,2025-04-17 09:31:23+00:00,negatif
😂😂😂,2025-04-17 09:31:21+00:00,positif
kalm saja ga usah panik tinggal tanya dendanya brp tebus beres,2025-04-17 09:31:10+00:00,negatif
rakyat indo menanggapi tentang korup:Silahkan😹😹 udah capee jirr,2025-04-17 09:31:08+00:00,negatif
"asal lu berkelakuan baik , tar juga d bebasin",2025-04-17 09:31:04+00:00,positif
nanti dibagi bagi kan lumayan. 😑..,2025-04-17 09:30:55+00:00,netral
the cipluk Abc,2025-04-17 09:30:54+00:00,positif
harusnya sampah yg dibantar gembang aj yg di korupsi jangan uangnya,2025-04-17 09:30:51+00:00,negatif
"sedikit 75 milyar,,,, semoga semua kebagian yaaa...",2025-04-17 09:30:46+00:00,negatif
bapak presiden tolongin beliau. bebasin beliau. kasian anak intri di rumah mau makan apa kalo gx ada beliau. masa iya makan sampah nya 😂,2025-04-17 09:30:45+00:00,negatif
"naikin gajinya sebesar mungkin seperti di inggris
biar nggk korupsi",2025-04-17 09:30:41+00:00,negatif
enteng bnget mau bebas,2025-04-17 09:30:38+00:00,negatif
air mata buaya,2025-04-17 09:30:36+00:00,netral
"anjir, buat makan sampe 75.9 M
makan mobil tesla kek nya 🤣",2025-04-17 09:30:28+00:00,negatif
😂😂😂,2025-04-17 09:30:24+00:00,positif
😂😂😂😂😂nangis 😜😜😜😜,2025-04-17 09:30:23+00:00,positif
MATA DUITAN SEMUA!!,2025-04-17 09:30:17+00:00,negatif
gue fikir sound ny buat meledekkk. gk tau nya serius 😭😭,2025-04-17 09:30:13+00:00,negatif
"kayaknya Indonesia klw g ada korupsi berkah makmur ga ada lagi rakyat miskin, saking lumrahnya dana haji aja buat ibadah dikorupsi miris sekali 😌",2025-04-17 09:24:20+00:00,negatif
sudah gak aneh kalau di konoha,2025-04-17 09:24:15+00:00,negatif
"kasihan pak, dia cuma korupsi 75m, ga banyak kok. dia cuma mencari nafkah untuk anaknya, bebasin aja kasihan banget anaknya ga bs quality time bareng bapaknya lagi🙄 lagian 75m ga buat negara miskin",2025-04-17 09:24:09+00:00,negatif
tak bisa berkata kata lagi ...ibu Pertiwi menangis pilu meratapi nasib negeriku,2025-04-17 09:24:06+00:00,negatif
sampah bisa dikorupsi yh,2025-04-17 09:23:52+00:00,netral
KAGET AQ SAYA KIRA SUARA ANJING TADI 🤣🤣🤣🤣,2025-04-17 09:23:46+00:00,netral
😂😂😂😂😂😂,2025-04-17 09:23:45+00:00,positif
disini,2025-04-17 09:23:44+00:00,negatif
WKWKWKWKWKWK,2025-04-17 09:23:43+00:00,netral
"eeh, kok nangess 😁",2025-04-17 09:23:37+00:00,netral
njiirr gua banana smpe tk ulg2..kuropsi smpah kok smpe milyaran,2025-04-17 09:23:27+00:00,negatif
"kasian anak istrinya, jadi ga bisa makan....😂🤣",2025-04-17 09:23:25+00:00,positif
anjir sesegukan,2025-04-17 09:23:18+00:00,netral
nanti uang apalagi gaiss,2025-04-17 09:23:13+00:00,negatif
sampah aja di korup ampuuun daahh negri ku sakiiitt nya uda nympe ke tulang sumsum,2025-04-17 09:23:10+00:00,negatif
"Kasian bgt dia, klo di hukum pasti keluarganya menderita.
Klo sampe prabowo tau pasti langsung di bebasin bpk ini",2025-04-17 09:23:08+00:00,negatif
75 Miliar buat beli makan apa? 😂 sehari makan 3x juga udah kenyang,2025-04-17 09:23:07+00:00,negatif
🤪🤪🤪,2025-04-17 09:23:00+00:00,positif
wkwkwkwkwkwkwk...... 😜😜😜,2025-04-17 09:23:00+00:00,negatif
🤣🤣🤣🤣 75m senyum2,2025-04-17 09:22:59+00:00,positif
"mangan opo 75, milyar 😂",2025-04-17 09:22:58+00:00,negatif
Bapak nangisnya serius gak sih ???,2025-04-17 09:22:52+00:00,negatif
"mulai dr yg berhubungan dgn keagamaan sampe sampah pun mereka korupsi, gk ngerti lg sama penjabhat² di negara ini 😭😭😭",2025-04-17 09:22:42+00:00,negatif
lahhh nangisss,2025-04-17 09:22:39+00:00,negatif
"kasihan njirrr duit 75,9 Miliar tidak akan membuat kau miskin. Yuk mari kita bikin open donasi buat si bapak dan si ibu 😭😭",2025-04-17 09:22:26+00:00,negatif
kirain yg nangis emak2 😂,2025-04-17 09:22:26+00:00,netral
ladusing : karna berkelakuan baik besok pagi boleh bebas,2025-04-17 09:22:25+00:00,positif
Ngasih makan anak istri 75.9 m emang anaknya makan truk? Istrinya makan kontainer?,2025-04-17 09:22:24+00:00,negatif
hebatnya 😆😆😆,2025-04-17 09:21:52+00:00,positif
"""capek2 saya ngumpulin nanti istri saya nikah lagi pak.."" 😭",2025-04-17 09:21:46+00:00,negatif
😂😂😂,2025-04-17 09:14:09+00:00,positif
waktu korupsi mereka ketawa2 🗿,2025-04-17 09:13:59+00:00,negatif
ternakan mulyono....,2025-04-17 09:13:58+00:00,negatif
sampah apa yg di korup emang 😁,2025-04-17 09:13:54+00:00,negatif
"ya pak bebaskan saja kan cuman puluhan milyar, kasian anak istrinya 😢😢😢",2025-04-17 09:13:51+00:00,negatif
"Dimaafkan kan masih bisa pak, dia melakukan itu juga buat ngidupin anak istri nya 🥺",2025-04-17 09:13:47+00:00,positif
"pasti di bebasin sama Prabowo, apelagi sampe nangis"" gitu. "" apakah adil dia sudah nangis"" masih dipenjara ""😭😭",2025-04-17 09:13:44+00:00,negatif
😩😂🤣,2025-04-17 09:13:30+00:00,positif
"sekelas Kabid bisa korupsi 75 milyar,,???? (bertanya dengan nada heran)",2025-04-17 09:13:27+00:00,negatif
indonesia darurat korupsi hampir semua bidang d korupsi,2025-04-17 09:13:27+00:00,negatif
"bukan menangis karena menyesal, tetapi menangis karena ketahuan",2025-04-17 09:13:23+00:00,negatif
Dia nyanyi,2025-04-17 09:13:22+00:00,positif
aura aura 24% 🤭,2025-04-17 09:13:19+00:00,negatif
itu serius rintihan tangisan dia 😂😂,2025-04-17 09:13:19+00:00,positif
😅,2025-04-17 09:13:10+00:00,positif
negara sampah sampai sampah pun bisa di korupsi ....anjiirrrrr,2025-04-17 09:13:02+00:00,negatif
dia sedih keinget anak istrinya makan sampah,2025-04-17 09:12:55+00:00,negatif
waduh😁😁,2025-04-17 09:12:52+00:00,positif
"waah enak banget ya minta bebas,,,besok ya pak ☺️",2025-04-17 09:12:46+00:00,negatif
😂😂😂😂😂,2025-04-17 09:12:29+00:00,positif
🤣🤣🤣🤣,2025-04-17 09:12:27+00:00,positif
😂😂😂,2025-04-17 09:12:11+00:00,positif
karena dia berkelakuan baik dan sudah nangis ..maka hukuman akan dipotong jadi 5 bulan saja !! 😁😂,2025-04-17 09:12:10+00:00,negatif
ini baru sampah aja ya..gimana yg belum jadi sampah😂,2025-04-17 09:12:05+00:00,positif
korupsi 75.9miliar modal nangis kalo sampe bebas sih gua mao ikutan nangis juga🤣🤣🤣,2025-04-17 09:12:02+00:00,negatif
75 miliar itu bentuk uang apa daun....kok cuma buat makan,2025-04-17 09:11:49+00:00,negatif
priksa semua pejabat👍,2025-04-17 09:11:39+00:00,positif
nangis ta iku,2025-04-17 09:11:31+00:00,netral
Itu suara dia nangis? 🤣🤣🤣,2025-04-17 09:11:30+00:00,negatif
@pandawaragroup meringis melihat ini 🤭,2025-04-17 09:11:17+00:00,positif
"ASTAGFIRULLAHALAZIIM...koruptor kok gak ada henti-hentinya negeri ini ya Rabb... apa yg merasuki para pejabat RAKUS ini
.. NAUDZUBILAHIMINDZALIK",2025-04-17 09:01:36+00:00,negatif
"giliran di tangkap nangis
giliran dana cairr
gimna pak nangis juga gaa",2025-04-17 09:01:36+00:00,negatif
🤣🤣🤣🤣🤣🤣🤣🤣,2025-04-17 09:01:33+00:00,positif
kirain cwk yg nangisnya 😂,2025-04-17 09:01:26+00:00,netral
"makan apa sampe 75,9M gong dungong, *salfok bunyi nya kayak putu bumbung keliling",2025-04-17 09:01:25+00:00,negatif
😂😂😂😂,2025-04-17 09:01:25+00:00,positif
tolong jelaskan korupsi sampah?,2025-04-17 09:01:23+00:00,negatif
"wow, geleng geleng dah buat pejabat negeri ini",2025-04-17 09:01:23+00:00,positif
"maafkan lah beliau pa Wowo, mohonlah kasihan anak anak nya tr sengsara,, dan akan tumbuh generasi korup berikutnya yg berkualitas",2025-04-17 09:01:20+00:00,negatif
Korupsi sampah mksdnya gimana ya???,2025-04-17 09:01:18+00:00,negatif
buset kaga kelelep nasi itu 75M haha bisa buat makan sekelurahan 🤣 kali lebih. ya kalo buat sekluarga sisanya ya foya foya lah 🤣,2025-04-17 09:01:15+00:00,negatif
klu dh 78.m...bukan lgi buwat makan,2025-04-17 09:01:03+00:00,negatif
🤣🤣🤣🤣🤣😂,2025-04-17 09:01:01+00:00,positif
"disyukurin aja.....
SOKOR",2025-04-17 09:00:50+00:00,negatif
nangisnya kek suara motor saya klo lg keabisan bensin🗿,2025-04-17 09:00:45+00:00,netral
kalau d kasi 75 M .lalu di penjara 5 thn..aku mau pak,2025-04-17 09:00:42+00:00,negatif
"yang sabar buk,, koruptor penjaranya enak ko,, mandi shower mereka disana😅",2025-04-17 09:00:41+00:00,negatif
Bagus juga sinetronnya😂🤣😁,2025-04-17 09:00:34+00:00,positif
sampe pns tukang sampah bisa korupsi..,2025-04-17 09:00:28+00:00,negatif
"sedih bgt kasian bgt😭😭😭😭😭,,,",2025-04-17 09:00:27+00:00,netral
skelas sampah sj di korupsi????,2025-04-17 09:00:12+00:00,negatif
?,2025-04-17 09:00:11+00:00,negatif
Rx King taon brapa itu bng.suaranya kek aneh gitu..,2025-04-17 08:59:54+00:00,negatif
yg sopan yah nnti jg di bebaskan KY GK tau aja cuma si koruptor yg paling ringan hukuman nya mau berapa milyar bentuk korupsi nya kuncinya sopan Rama pasti cepat bebas 😅,2025-04-17 08:59:51+00:00,negatif
75.9 miliar .. makan apa ya? 😄,2025-04-17 08:59:46+00:00,negatif
"makan apa anj sampe 75,9 milyar?",2025-04-17 08:59:41+00:00,negatif
😂,2025-04-17 08:59:39+00:00,positif
lah...,2025-04-17 08:59:33+00:00,negatif
"preeet, pas ketangkep nangiiis...GK ketahuan...aaaah nikmati aja lah...🤣",2025-04-17 08:59:30+00:00,negatif
👍👍👍👍💪,2025-04-17 08:51:42+00:00,positif
😢🥺,2025-04-17 08:51:34+00:00,positif
kirain nyanyi,2025-04-17 08:51:34+00:00,positif
agus lagi agus lagi🗿,2025-04-17 08:51:31+00:00,positif
jadi dikasih makan kebo sm kandangnya ???? beras sm sawah2nya😳 ????😳,2025-04-17 08:51:31+00:00,negatif
"semoga pak wowo denger tangisan beliau,ga tega ama keluarga serta anak²nya😁",2025-04-17 08:51:25+00:00,positif
pasti makan nya enak2 dan sambil ketawa-ketawa.. giliran di tangkep nangis-nangis 😂,2025-04-17 08:51:19+00:00,netral
😂😂😂😂😂,2025-04-17 08:51:16+00:00,positif
pertanyaan org awam itu istri makanannya tiap hari apa ya 😊😊😊ada2 ajaaaa,2025-04-17 08:51:15+00:00,negatif
😂😂😂😂,2025-04-17 08:51:14+00:00,positif
sedih bantu aja keluarganya cuma 75 milyar,2025-04-17 08:51:06+00:00,negatif
Astaga sampah pun di korupsi.,2025-04-17 08:51:04+00:00,negatif
Tubagus? yakin itu bagus?,2025-04-17 08:51:00+00:00,negatif
makan anak istrinya banyak amat,2025-04-17 08:50:59+00:00,positif
"rasain, sdh mkn samoah.",2025-04-17 08:50:50+00:00,netral
"HAHAHAHAHAHAHAHHAHAHAHHAHAHA.....
ENDINGNYA NANGIS 🤣🤣🤣🤣🤣",2025-04-17 08:50:47+00:00,negatif
siapa ini yg nangis keramennya,2025-04-17 08:50:42+00:00,negatif
"sebagai negara kaya raya, semua dikorup. tp masih tersisa langit masih blm terbit sertifikatnya 🤪",2025-04-17 08:50:39+00:00,negatif
😂😂,2025-04-17 08:50:34+00:00,positif
"Kasihan banget ya bapak itu, bisanya ngasih sampah buat makan anak istri",2025-04-17 08:50:29+00:00,negatif
iye lepasi duluh kasihan pak krna target nya belum tercapai maksud nya nanti dpt 200T baru di tangkap pak jadi bisa kerja sama semua pak🤣😁,2025-04-17 08:50:29+00:00,netral
"ada saatnya MEWEK.
ada saatnya tertawa..",2025-04-17 08:50:26+00:00,negatif
"😅😅😅 kasian kali, 75,9miliar paling cukup buat ngasih makan kluarga, makan sama telor,tempe aja bukan mewah kali ,sedih ya",2025-04-17 08:50:23+00:00,positif
wkt mkn uang yg bkn milik nya seneng buk ya giliran di borgol mewek🤣,2025-04-17 08:50:18+00:00,negatif
Kocak bgt😭,2025-04-17 08:50:08+00:00,netral
liat video ini mau ketawa tp gmn..🤪,2025-04-17 08:50:07+00:00,negatif
"bisa diam sebentar ndk,,,,, ndk konsen baca nih",2025-04-17 08:50:07+00:00,negatif
😂😂😂😂,2025-04-17 08:49:59+00:00,positif
pas korupsi? nya gak nangies kaya gini?,2025-04-17 08:42:48+00:00,negatif
Nauzubilah ya allah😔,2025-04-17 08:42:37+00:00,negatif
"75,9 milyar pak 🗿🗿🗿🗿🗿🗿",2025-04-17 08:42:33+00:00,negatif
jiah🤣,2025-04-17 08:42:28+00:00,positif
saya kira sudah ga ada lagi yg korupsi 😅,2025-04-17 08:42:28+00:00,negatif
"🤣🤣🤣🤣..mau ktwa takut dosa,mau heran ini konoha..dh pasrah ajlah",2025-04-17 08:42:18+00:00,negatif
dr nm ny msih keluarga atut.,2025-04-17 08:42:11+00:00,positif
@kkang143 tah wo 😅,2025-04-17 08:42:09+00:00,positif
enak bnr JD istri nya diratukn SM suami 😁,2025-04-17 08:42:08+00:00,negatif
😁👍,2025-04-17 08:41:57+00:00,positif
"🤣🤣🤣🤣🤣🤣
air mata buaya 🤣",2025-04-17 08:41:55+00:00,positif
kalian mau tau air mata raja buaya? ini lah..,2025-04-17 08:41:54+00:00,negatif
bisa bgtu nangisny y laki2,2025-04-17 08:41:47+00:00,netral
yakin dia doank... gg ada yg lain...?? setelah ni berita korup apaan lagi ya. ada yg bisa nebak,2025-04-17 08:41:37+00:00,negatif
gw kira lagi peragain orkestra 😂😂,2025-04-17 08:41:11+00:00,netral
lah setelah dpt uang nya GK nangis Bu..skrng di mintai pertanggungjawaban nangis..🙄,2025-04-17 08:41:10+00:00,negatif
"ngapain ditangisi Bu?, di dalam kan enak, cuma berapa bulan kan?, uang 75,9 dah ditangan",2025-04-17 08:41:08+00:00,negatif
target nya 1T sudah keburu di tangkap,2025-04-17 08:41:04+00:00,negatif
itu suara istrinya ketawa ...wkt mkn duitnya gk kedengeran suaranya...😂😂😂,2025-04-17 08:40:58+00:00,negatif
soundnya beda kasus ya,2025-04-17 08:40:57+00:00,netral
"Bu @hj.ananda tangisan lucu lho Bu, klo ae di Banjarmasin ada jua yg kyk ini.. 🤣",2025-04-17 08:40:50+00:00,negatif
jng menangis . bisa dikembalikan koq.yg penting diam 2. itulah Baiknya pemimpin kita. ..,2025-04-17 08:40:48+00:00,negatif
herannya kenapa DPR tidak mengesahkan UU perampasan aset koruptor,2025-04-17 08:40:39+00:00,negatif
100% komposisi tubuhnya dari uang korupsi semua wee,2025-04-17 08:40:36+00:00,negatif
"😭😭😭😭😭😭enak aja lu,, keluarga lu enak2 rakyat derita",2025-04-17 08:40:31+00:00,positif
anj.....,2025-04-17 08:40:25+00:00,netral
ada lagi tangisan yang cocok 🤣,2025-04-17 08:40:17+00:00,positif
😌😌😌😌banyaknyaaa😌😌😌apakah bisa hukuman utk korup dj perberat?? Hingga tak ada yg berani utk korup lagi??,2025-04-17 08:40:10+00:00,negatif
ayo kapan UUD Perampasan aset disahkan lama bet dah🙃,2025-04-17 08:40:08+00:00,negatif
huhuhuhu nyerii huntuuuuuuuu😂,2025-04-17 08:40:00+00:00,netral
Kasihan yach anaknya kata wowo.....,2025-04-17 08:27:54+00:00,negatif
buat makan anak istri ampe segitu ya gmna kalau sama cucu nya,2025-04-17 08:27:40+00:00,positif
😂😂😂😂😂😂,2025-04-17 08:27:23+00:00,positif
Sandiwara Indosiar 😁,2025-04-17 08:27:19+00:00,positif
tenang masih d maafkan ini yg penting d balikin duitnya kan gtu kmren d sampekan 🤣😂anak istrinya ga salah ngalad negri dagelan,2025-04-17 08:26:57+00:00,negatif
"kasian..pak..korupsi cuma 75miliar bebaskan saja....
500triliun baru....bebaskan lagi..😁",2025-04-17 08:26:54+00:00,negatif
😁😁😁😁,2025-04-17 08:26:53+00:00,positif
"buat makan sampai 75,9m ????
waduhhhhhhh.....alesan aja",2025-04-17 08:26:53+00:00,negatif
kasian lho .. bebaskan ajalah cuma 75 M aj kok,2025-04-17 08:26:50+00:00,negatif
🤣🤣🤣🤣,2025-04-17 08:26:50+00:00,positif
untuk makan kok sampai 75M,2025-04-17 08:26:49+00:00,positif
itu yg nangis istrinya?? 😅,2025-04-17 08:26:49+00:00,negatif
"Dia tidak menyesal, yang dia pikirkan hanya harga dirinya sendiri",2025-04-17 08:26:47+00:00,negatif
"biarkan aja udah kasihan dia
apa itu uang segitu...
bebaskan aja lah
yang lebih gede sante sante aja kok
🤣🤣🤣🤣🤣🤣",2025-04-17 08:26:27+00:00,negatif
seandainya rakyat yg menghukum mungkin cepet selesai.,2025-04-17 08:26:26+00:00,negatif
kasian buat yg jadi pembersih ga di kasih apa apa,2025-04-17 08:26:25+00:00,netral
aku sedih 😂😂😂,2025-04-17 08:26:21+00:00,positif
menyala negara KONOHA +62,2025-04-17 08:26:21+00:00,positif
buat makan nya sama lc juga gaa pak?,2025-04-17 08:25:57+00:00,netral
😁dia lupa KL LG dihotel mnkmatin surganya dunia😆,2025-04-17 08:25:53+00:00,positif
tenang kata pak presiden juga jangan menghakimi anak dan istrinya koruptor😇,2025-04-17 08:25:44+00:00,positif
@Feni Aryani678 air mata buaya 😏,2025-04-17 08:25:24+00:00,positif
ini asli suaranya apa efek,2025-04-17 08:25:20+00:00,positif
sring liat truk sampah pada jebol,2025-04-17 08:25:18+00:00,negatif
😂😂😂😂,2025-04-17 08:25:17+00:00,positif
uang sebanyak itu buat makan rendang masak bisa habusss😁😁😁 nangis setelah kenyang,2025-04-17 08:25:16+00:00,negatif
pertanyaan anak dan istri nya ada brapa banyak sampai 75.9 M buat makan 😂🤣,2025-04-17 08:25:15+00:00,netral
🤣🤣🤣,2025-04-17 08:18:44+00:00,positif
Fixs sih ini makan gengsi,2025-04-17 08:18:30+00:00,positif
maiskin kan rmaoas aset dan ank istri nya.. 😂😂,2025-04-17 08:18:27+00:00,positif
"horaaa gambare""",2025-04-17 08:18:11+00:00,positif
"waktu makan duit koropsi GK ada yg nangis,kok sekarang nangis😭😭",2025-04-17 08:18:11+00:00,netral
😅😅😅😅😅😫,2025-04-17 08:18:04+00:00,positif
😂😂😂,2025-04-17 08:17:52+00:00,positif
Ngeri2 nilai korupsinya sekarang..puluhan M seperti uang kecil,2025-04-17 08:17:45+00:00,negatif
😂😅🤣😜🤪😂😅🤣😜🤪 Berapa pun nilainya.. Semoga negara ini serius memberantas koruptor,2025-04-17 08:17:36+00:00,negatif
makan apa cokkk 75.9 m🤣,2025-04-17 08:17:29+00:00,negatif
diketawain anakku umur 7thn loh,2025-04-17 08:17:22+00:00,negatif
"aman itu, kan GK dimiskin kan",2025-04-17 08:17:19+00:00,negatif
sampah aja di korupsi ta...e kapan?,2025-04-17 08:17:18+00:00,negatif
name song?,2025-04-17 08:17:16+00:00,negatif
bused sampah aja di korup 😭😭😭,2025-04-17 08:17:15+00:00,negatif
gmn cara rekam suara nya?,2025-04-17 08:17:14+00:00,netral
nangis sedih.....kok ketahuan yh,2025-04-17 08:17:01+00:00,negatif
tolong di maafkan kasihan anak istrinya 🤭🤭🤭,2025-04-17 08:17:01+00:00,negatif
😂😂😂 pasti bakal jd meme,2025-04-17 08:16:47+00:00,positif
bebasin aja pak kan kasian anak istrinya butuh mkan😂😂😂😂😭😭😭,2025-04-17 08:16:46+00:00,negatif
enak yang gak nyuri,2025-04-17 08:16:43+00:00,negatif
😁😁😁,2025-04-17 08:16:40+00:00,positif
😄😄😄😄😁😁😁,2025-04-17 08:16:39+00:00,positif
siapa yg esmosi dnger tangis ibu nya ??,2025-04-17 08:16:31+00:00,negatif
bisa gk sih kasih hukuman 7 turunan,2025-04-17 08:16:26+00:00,negatif
🤣🤣🤣,2025-04-17 08:16:25+00:00,positif
kalau makan gratis emang enak ya ibu,2025-04-17 08:16:24+00:00,negatif
"kasian dia pak bebaskan aja, biar kami warga yg urus😹",2025-04-17 08:16:24+00:00,negatif
tukang sampah dsni biasanya duit thr yg mintain RT nya.. tp udah 2 thun ini tukang sampah nya yg ngumpulin sendiri thr nya 😂,2025-04-17 08:16:19+00:00,negatif
Waduh Sampah dikorupsi...Penyesalan slalu diakhir kl sdh ketahuan...😭😭😭,2025-04-17 08:08:15+00:00,negatif
kok nagiss 🤭🤭🤭🤣,2025-04-17 08:08:13+00:00,netral
😁😁😁,2025-04-17 08:08:02+00:00,positif
🤪🤪🤪🤪🤪🤪,2025-04-17 08:08:00+00:00,positif
sedih banget. ikut sedih🤣🤣,2025-04-17 08:07:58+00:00,positif
iyu suara orng lagi nyinden ya,2025-04-17 08:07:57+00:00,negatif
waktu shopping nangis ga sih🤪🤪🤪,2025-04-17 08:07:47+00:00,netral
auauauauauauuaua,2025-04-17 08:07:43+00:00,negatif
"jir sampah ajah di korupsinya, 🤣🤣🤣",2025-04-17 08:07:41+00:00,negatif
ternyata byk bget yg korupsi di negara yg kaya ini..,2025-04-17 08:07:39+00:00,negatif
"😁😁😁😁nagisnya kaya cwe,makan duitnya waw banget... 75,9M",2025-04-17 08:07:38+00:00,negatif
😂😂😂😂,2025-04-17 08:07:34+00:00,positif
😂😂😂,2025-04-17 08:07:18+00:00,positif
sampai kiamat KLO pemerintah gak tegas hukum atasi pelaku korupsi gak bakalan kapok pelaku kejahatan ini,2025-04-17 08:07:14+00:00,negatif
"Tangisan 75,9 Milyar 🤣🤣🤣",2025-04-17 08:07:13+00:00,negatif
pas cair miliyarannya hahahahahahahahah heu hahahahahaha,2025-04-17 08:07:10+00:00,negatif
"iya kasian...dikit lah klo cuma 75,9 milyar...yg lain triliyunan",2025-04-17 08:06:51+00:00,negatif
"Bukan cuma kotoran Yg di bersihkan,anggarannya pun di bersihkan🤣🤣🤣 terlalu rajin bpk ini",2025-04-17 08:06:48+00:00,negatif
nadanya...panjang pendeknya seperti tangisan model tangisan ala PK hasto😳😳😳,2025-04-17 08:06:32+00:00,netral
bayarane kurang ya 😂,2025-04-17 08:06:27+00:00,netral
gas bikin meme soundnya dong💪,2025-04-17 08:06:12+00:00,netral
eeehhhh 😂😂😂😂😂,2025-04-17 08:05:54+00:00,netral
tangisan ny smp terdengar smp rmh q...ku kira kuntilanak gk tau ny koruptor,2025-04-17 08:05:47+00:00,negatif
😂😂😂😂😂😂😂😂😂😂😂😂😂😂😂😂,2025-04-17 08:05:33+00:00,positif
nangisnya kaya pak hasto😳😳,2025-04-17 08:05:21+00:00,positif
Sampah aja dikorupsi😂😂😂,2025-04-17 08:05:00+00:00,netral
😂😂😂,2025-04-17 08:04:59+00:00,positif
gituu yahh nangiss uang 😭😂,2025-04-17 08:04:45+00:00,negatif
"Buat makan anak istri doang kok di tangkap. Kasihan loh... Lgpula 75,9M doang, bukan dibuat untuk hidup ber mewah2an. 🤣🤣🤣",2025-04-17 08:04:40+00:00,negatif
🤣🤣🤣,2025-04-17 07:58:12+00:00,positif
giliran sudah makan uang nya senang2 .. Skrang di tangkep nangis2 minta bebas ..,2025-04-17 07:58:04+00:00,negatif
😂😂,2025-04-17 07:57:51+00:00,positif
goks rakus amat sampe sampah aja di korupsi 🗿🗿🗿,2025-04-17 07:57:50+00:00,positif
kenapa nangis itu,2025-04-17 07:57:48+00:00,netral
😂😂😂😂😂😂😂,2025-04-17 07:57:47+00:00,positif
"makan ape 75,9 M 🤣🤣🤣🤣🤣🤣🤣🤣🤣🤣",2025-04-17 07:57:47+00:00,positif
"Bebasin pak Cuma buat beli Beras buat makan .lagi pula cuma ,75,9M doang kok pak ..(.Mayan sih dapet 150:juta liter beras premium )😂😂😂😂",2025-04-17 07:57:43+00:00,negatif
WKWKWKWKWKWKWKWKWKWKKWWKKWWKWKWKSKWKEKWKWKWKWKWKWKWKWKWKWKWKWKWKWKWKWKWKWKWKWKWKWKWKWKWWKWKWKWKWKWKWKWKWKWKWKWKWKWKKWKWKWKWKWK,2025-04-17 07:57:42+00:00,positif
@🇮🇩🅱️4️⃣D4️⃣ℹ️🇮🇩,2025-04-17 07:57:39+00:00,positif
dia lgi mendesa ya,2025-04-17 07:57:33+00:00,positif
ada sound bagus @pesonaindonesia,2025-04-17 07:57:20+00:00,positif
Tangkisan membawa berkah..75.9 M,2025-04-17 07:57:09+00:00,negatif
"GK bayar pajak motor di sita , rakyat rela asal pejabat yg korupsi harta benda nya boleh di jarah rakyat",2025-04-17 07:57:02+00:00,negatif
mau tnya dia lagi ketawa ya.🤔,2025-04-17 07:56:57+00:00,negatif
eh kenapa nangis lagi ngambil diam bae bongkar aja klo disuruh sama siapa 😂😂😂,2025-04-17 07:56:53+00:00,negatif
"y segitu gak app pak bebaskan aja,kasihan anak nya pak..kalau rakyat gak app menderita Uda biasa ko.",2025-04-17 07:56:49+00:00,negatif
lah..kok nangis [photo],2025-04-17 07:56:48+00:00,negatif
makan apaan,2025-04-17 07:56:47+00:00,netral
sangat penuh penghayatan,2025-04-17 07:56:40+00:00,positif
😂😂😂,2025-04-17 07:56:20+00:00,positif
mintah di bebaskan lucuh kali,2025-04-17 07:56:10+00:00,negatif
ngopo nangis,2025-04-17 07:56:07+00:00,netral
🤣🤣🤣🤣🤣🤣🤣,2025-04-17 07:56:06+00:00,positif
"seorang kabid aja bisa 75M..
gmna dengan eselon II, dan |.. membagongkan",2025-04-17 07:56:00+00:00,negatif
😅😅😅😅😅,2025-04-17 07:55:46+00:00,positif
beda ya tangisan koruptor😂😂😂,2025-04-17 07:55:43+00:00,positif
😂😂😂😂😂😂aku ikut sedih,2025-04-17 07:55:36+00:00,positif
"air mata buaya,😀
di bebaskan ketawa ketawa yakinlah😄",2025-04-17 07:55:34+00:00,negatif
ketangkap nangis waktu nikmati uang nya senyum beli emas beli berlian mobil baru rumah baru beli tanah 🤪🤪🤪🤪🤪🤪,2025-04-17 07:47:31+00:00,negatif
itu anak istri dikasih makan apa sampai 75 Miliar🤣🤣🤣,2025-04-17 07:47:30+00:00,positif
mkanya tu kluarga apa co,2025-04-17 07:47:30+00:00,negatif
bojoe cheon so jin ternyata,2025-04-17 07:47:25+00:00,netral
"buat makan 75M
makan pagi di Prancis,siang di jepang,malam di korea",2025-04-17 07:47:24+00:00,netral
*prambowo menangis di keauhan* 🤣🤣🤣,2025-04-17 07:47:22+00:00,negatif
air mata,2025-04-17 07:47:19+00:00,netral
sama2 sampah pun di korupsi,2025-04-17 07:47:00+00:00,negatif
serius dia nangis?,2025-04-17 07:46:56+00:00,negatif
Maaf dia itu Nangis apa tertawa 🗿,2025-04-17 07:46:49+00:00,negatif
75 M kok mewek??😱😱,2025-04-17 07:46:45+00:00,negatif
beginilah dampak kalau singa di pimpin sama kambing...kalau ada orang yang berani hukuman mati para koruptor gua sembah dia dari ujung kaki sampai ujung kepala,2025-04-17 07:46:44+00:00,negatif
@× astaga amsyong e,2025-04-17 07:46:32+00:00,netral
sedih sekali🤣🤣🤣@Abda_ahmd,2025-04-17 07:46:27+00:00,negatif
"lebih parah dari belatung,tikus,kecoak,cacing ini🗿",2025-04-17 07:46:17+00:00,negatif
tiba2 udah jadi sound tik tok lagi😂,2025-04-17 07:46:14+00:00,negatif
emak w nanya siapa yg nangis si ..pas w kasih tau Kaga Malu ama badan,2025-04-17 07:46:12+00:00,negatif
lah kocak,2025-04-17 07:46:11+00:00,negatif
itu nangis apa bahagia shi,2025-04-17 07:46:11+00:00,positif
👍👍👍,2025-04-17 07:46:10+00:00,positif
kasian..kok cuma 76 m...tambah lagi !!,2025-04-17 07:46:07+00:00,negatif
😂😅😂😅😂,2025-04-17 07:46:07+00:00,positif
naha leweh sagala.. 😂,2025-04-17 07:46:06+00:00,negatif
🤣😂🤣🤣🤣🤣🤣,2025-04-17 07:46:01+00:00,positif
bisa banget Ektingnya..,2025-04-17 07:45:57+00:00,netral
Sangat luar biasa,2025-04-17 07:45:56+00:00,negatif
75 M itu makan apa bg🤭,2025-04-17 07:45:53+00:00,positif
".
╱╱▏┈┈╱╱╱╱▏╱╱▏
▇╱▏┈┈▇▇▇╱▏▇╱▏
▇╱▏▁┈▇╱▇╱▏▇╱▏▁
▇╱╱╱▏▇╱▇╱▏▇╱╱╱
▇▇▇╱┈▇▇▇╱┈▇▇▇╱",2025-04-17 07:45:53+00:00,positif
sampah di korup 😲😭😭😭😭,2025-04-17 07:45:52+00:00,negatif
😂😂😂,2025-04-17 07:45:51+00:00,positif
75 milyar buat makan??? makan apaan tu??,2025-04-17 07:34:21+00:00,negatif
kenapa menangis om,2025-04-17 07:34:16+00:00,negatif
sampah aja di korup astaga 🥺,2025-04-17 07:34:15+00:00,negatif
suara nya di kasih musik DJ kek nya gurih nih🤭🤣,2025-04-17 07:34:07+00:00,negatif
adeh.. di tangkap baru nangis. kemarin maleng uang nya gak nangis sama sekali.malah seneng.,2025-04-17 07:34:03+00:00,negatif
Oekk oekkk,2025-04-17 07:33:41+00:00,netral
😅😅😅,2025-04-17 07:33:30+00:00,positif
itu anak istrinya makan emas kah,2025-04-17 07:33:27+00:00,positif
huhuhuhu gw ketangkep..apes...apess...huhuhuhu...,2025-04-17 07:33:25+00:00,negatif
😃😃😃😃😃jangan ketawa pak,2025-04-17 07:33:25+00:00,netral
😂😂😂 dagelan,2025-04-17 07:33:22+00:00,netral
"oh gitu tangisan 75,9Milyar.... beda ya sama tangisan UMR... lebih Nyaring 😂😂",2025-04-17 07:33:19+00:00,negatif
"GW LAGI MIKIRIN 75,9M BUAT MAKAN ANAK BINI....TRUS GW MIKIR.....BLANK DAH",2025-04-17 07:33:19+00:00,negatif
Lanjut pengadilan akhirat,2025-04-17 07:33:05+00:00,positif
padahal di sampab banyak makanan pk.. ngapain korup kan makin susah cari buat makan 🤭,2025-04-17 07:32:59+00:00,negatif
"baru denger,suara uang 75,9 seperti itu ya😄😄😄",2025-04-17 07:32:56+00:00,negatif
"Itu yg nangis istrinyakah? Ga usah nangis begitu bu,ingatla betapa nikmatnya duit puluhan milyar itu😏",2025-04-17 07:32:39+00:00,negatif
ktika makan uang itu sambil nangis ngga sih?,2025-04-17 07:32:38+00:00,negatif
"pertanyaan gue cuma 1 yg korupsi di indo kan banyak nih, nah itu duit di kemanain yak 🤔 apa di bagi²kan ke rakyat kah atau di ambil lg sama oknum kah atau di simpen gtu aja sih 🤔",2025-04-17 07:32:36+00:00,negatif
koruptor ketar ketir tahun ini,2025-04-17 07:32:33+00:00,negatif
😂😂😂😂😂,2025-04-17 07:32:29+00:00,positif
suara cihua hua???,2025-04-17 07:32:27+00:00,negatif
😁😁😁,2025-04-17 07:32:26+00:00,positif
jgn ditahan kasihan anak istrinya 😢😢😢😢timbang korupsi sampahhh kan bkn duit.,2025-04-17 07:32:13+00:00,negatif
"udh ke tangkap nangis, coba gk ke tangkap pasti ketawa2🤭",2025-04-17 07:31:57+00:00,netral
makan apa ya 75M,2025-04-17 07:31:51+00:00,netral
🤣🤣🤣🤣🤣,2025-04-17 07:31:33+00:00,positif
"Yg nangis itu asli lagi mikirin gimana caranya hidup enak lagi, 😂😂",2025-04-17 07:31:18+00:00,netral
🤣🤣🤣,2025-04-17 07:31:16+00:00,positif
hukum sesuai hukum yg berlaku,2025-04-17 07:31:14+00:00,positif
"Ampe ke sampah"" di korupsi anj,, bnget emng para pemimpin kite",2025-04-17 07:23:39+00:00,negatif
"jangan di tangkap, kasian anak istrinya",2025-04-17 07:23:35+00:00,positif
giliran di tangkap nangis gilirsn dyit nya aj ketawa ketawa,2025-04-17 07:23:28+00:00,negatif
"auwauwauwauwauwa
dia bikin sound yg menarik
di remix bagus tuh🤣🤣🤣🤣🤣",2025-04-17 07:23:19+00:00,negatif
🤣🤣,2025-04-17 07:23:18+00:00,positif
😂konoha,2025-04-17 07:23:15+00:00,positif
🤣,2025-04-17 07:23:13+00:00,positif
😂😂😂,2025-04-17 07:23:10+00:00,positif
malah nyinden🤣🤣,2025-04-17 07:23:07+00:00,netral
negeri ini. dari sampah sampai alquran pun di korup.,2025-04-17 07:22:32+00:00,negatif
"untuk makan anak istri sehari 200 rbu x 30 hr = 6 jt...
kalo puluhan milliard namanya maling perompak",2025-04-17 07:22:20+00:00,negatif
itu nyanyi atau nangis ya ....😂,2025-04-17 07:22:10+00:00,positif
"Pecat,proses Hukum miskin kan para Kurupsi",2025-04-17 07:22:06+00:00,negatif
"makan apa anak istrix pak ,makan emas batang kah 😁",2025-04-17 07:22:03+00:00,positif
tlong bebaskn toh cuma 75 miliar pak belum 100 miliar di korupsi🤪,2025-04-17 07:22:02+00:00,negatif
"orang kaya gini klw lgi berbuat sadar Ama masyarakat nggk?
tpi knp klw ketangkap menangis 😂",2025-04-17 07:21:54+00:00,negatif
😂🫵,2025-04-17 07:21:54+00:00,positif
lahh kok nangis sihh anj??🤣🤣,2025-04-17 07:21:52+00:00,negatif
itu dia yg bunyi🙄?,2025-04-17 07:21:47+00:00,negatif
pernah ikut ajang pencarian bakat penyanyi kayanyaaaaaah,2025-04-17 07:21:47+00:00,positif
ya pak mendingan di bebasin aja seneng2 nya banyak duit kog bentar doang kasian kan heee😭😭,2025-04-17 07:21:46+00:00,negatif
udah sih anak istri nya gak dimiskinkan kan gak adil mereka kena imbasnya juga 😏,2025-04-17 07:21:46+00:00,negatif
maaf pak nangis nya serem🥺,2025-04-17 07:21:45+00:00,negatif
gw mah takut di bikin jedag jedug tu tangisan ama dj parung 😂,2025-04-17 07:21:34+00:00,negatif
kek anak kecil pak nangis nya... pake cekok segala,2025-04-17 07:21:32+00:00,positif
🤣🤣 dia cm disuru🤭🤭,2025-04-17 07:21:30+00:00,positif
anak istrinya segede apa ya ko makannya sebanyak itu,2025-04-17 07:21:22+00:00,positif
😂😂😂😂,2025-04-17 07:21:18+00:00,positif
duit atau apa itu hampir 76 M di telen gt,2025-04-17 07:21:18+00:00,negatif
"sementara itu Hokage malah kasihan kepada keluarga & anak koruptor njirr, sedangkan anak & keluarga ikut makan duit korupsi
oke gas kebanggaan 58 memang",2025-04-17 07:14:12+00:00,negatif
minta tolong sm omon2 nnti di bebasin😅😅😅,2025-04-17 07:14:10+00:00,netral
Semoga uang yg di korupsi dikembalikan ke Kas negara dan tidak dikorupsi lg oleh oknum lainnya.,2025-04-17 07:14:08+00:00,negatif
makan berlian tu istrinya???,2025-04-17 07:14:06+00:00,negatif
menangislah yg bnyk sampe 75m kembali,2025-04-17 07:14:05+00:00,negatif
Pantes Tangsel mobil sampah nya udah jelek2 banget...eh di jadii duit😁,2025-04-17 07:14:05+00:00,negatif
😅😅😅,2025-04-17 07:14:03+00:00,positif
"korup sampah , hukumanya bau sampah seumur hidup",2025-04-17 07:13:55+00:00,negatif
kasian 😂😂,2025-04-17 07:13:54+00:00,netral
🤪🤪🤪,2025-04-17 07:13:49+00:00,positif
wkwkwk,2025-04-17 07:13:44+00:00,positif
kaya ada suara motor kehabisan bensin,2025-04-17 07:13:42+00:00,netral
sampah aja di korup..,2025-04-17 07:13:36+00:00,negatif
"hmpr menyamai yg disita di rmh mantan gub jabar rk cm beda nya yg di rumah rk berupa deposito 70Mdeposito ,kndraan ,sdh smuadisita tp yg pnya rumah rk jangankan di tngkp di panggil pun tdk🤣halo kpk",2025-04-17 07:13:35+00:00,negatif
udah kenyang kok nangis?? mestinya udah kenyang itu bersyukur 😁😁😁,2025-04-17 07:13:32+00:00,negatif
🤣🤣🤣enak bngt minta bebas,2025-04-17 07:13:16+00:00,negatif
tangisanmu bagai nyanyian di telingaku🤣🤣🤣,2025-04-17 07:13:02+00:00,positif
😳😳😳 75.9m buat makan anak bini,2025-04-17 07:12:57+00:00,positif
"gk usah nangis buk...kan udah ada modal,bisa buat nikah lagi dgn yg lbh ganteng dan lebih baik dalam korupsi lainnya...",2025-04-17 07:12:53+00:00,negatif
"makannya ketawa"" pas di panggil ko nangis😁",2025-04-17 07:12:48+00:00,negatif
😭😭😭😭😭😭😭😭😭😭😭😭😭😭😭😭😭😭😭😭😭😭😭😭😭😭😭😭😭😭😭😭😭😭😭😭😭😭😭😭😭😭😭😭😭😭😭😭😭😭😭😭😭😭😭😭😭😭😭😭😭😭😭😭😭😭😭jangan di tangakap pak nanti kurus🗿🗿🗿🗿🗿,2025-04-17 07:12:46+00:00,netral
Kirain td cewek yg nangis 🤣🤣,2025-04-17 07:12:42+00:00,netral
"75,9 M itu ga mungkin sendiri",2025-04-17 07:12:42+00:00,negatif
awokw9kwokwokkowk,2025-04-17 07:12:40+00:00,netral
"makan lauk apa yg sampai 75,9 milyar? pepes ikan mas bertabur intan permata?",2025-04-17 07:12:37+00:00,negatif
😂😂😂😂😂😂😂,2025-04-17 07:12:35+00:00,positif
asikk kkkkkk,2025-04-17 07:12:13+00:00,netral
suara tangisnya premium,2025-04-17 07:12:12+00:00,netral
"sungguh dunia ni mengiur kan
tdk sabar ingin hidup mewah
bergelimang harta
kasian ini orang",2025-04-17 07:12:09+00:00,negatif
"tolong la di maaf kan saja ibu nya pak, kan kasian dgn keluarganya nanti makan apa coba .... 🤣",2025-04-17 07:12:03+00:00,negatif
akan di bebaskan karena istri tersangka menangis tulus,2025-04-17 06:58:32+00:00,negatif
Nangis-nangis biar gak dapet hukuman berat 😂,2025-04-17 06:58:27+00:00,negatif
"sebtel nya klo para Koruptor Cuma 7 juta atau 100 juta, mungkin rakyat nyadari tp klo da minimal 1 M, Korup karna Nafsu kali",2025-04-17 06:58:18+00:00,negatif
"suaranya lain, itu suara kasus penipuan di sulsel... kok masuk sini😜",2025-04-17 06:58:10+00:00,negatif
lahhh konten,2025-04-17 06:57:47+00:00,negatif
Huuuhuuuhuuuueeeeeeehaaaaa,2025-04-17 06:57:46+00:00,netral
🤣🤣🤣,2025-04-17 06:57:39+00:00,positif
"sudah waktunya untuk membuat kursi listrik bagi pejabat pemerintahan yang koruptor, dengan berkurangnya koruptor, ekonomi Indonesia akan lebih stabil",2025-04-17 06:57:33+00:00,netral
saya juga butuh kasih makan keluarga pak.. kasih saya 75 m pak..,2025-04-17 06:57:27+00:00,netral
klu di usut di setiap daerah bakal byk yg msk buai....,2025-04-17 06:57:26+00:00,negatif
lihat pak prabowo kasian nangisnya sampai menyayat hati mengikis karang meruntuhkan bangunan. dia korupsi demi anak istri. kan seperti kata bapak kasian anak istrinya.,2025-04-17 06:57:24+00:00,negatif
Lanang nanges...!,2025-04-17 06:57:24+00:00,negatif
lepaskan saja pak.? kasian anak istri nya?. 😭,2025-04-17 06:57:13+00:00,negatif
😁😁😁,2025-04-17 06:57:13+00:00,positif
makan apa 79 M?,2025-04-17 06:57:07+00:00,negatif
😁😁😁😁,2025-04-17 06:56:57+00:00,positif
"dia korupsi atau g atau dia kmbalikan uang korup pun . isi dompetku n rekening ku ga berubah jg...
kalian para netizen kalao masuk ke circle dia pasti ikut nikmati juga kan. 😅
#kenyataanhidup",2025-04-17 06:56:53+00:00,negatif
75 miliar tidak bikin rakyat miskin☺️,2025-04-17 06:56:51+00:00,negatif
uangnya mana minta bebasin😹🗿 emememememem gitu bunyi nangisnya njirt,2025-04-17 06:56:50+00:00,negatif
jangan nangis ntar ada yg kasihan🗿,2025-04-17 06:56:48+00:00,netral
cobah dibangunkan ke dera cipete. pasti sudah jadi kota..,2025-04-17 06:56:44+00:00,positif
apa adil anak istrinya menderita? sedangkan korupsinya dipakai untuk keluarganya?,2025-04-17 06:56:43+00:00,negatif
apa itu yg di makan anak istrinya sampai 75 m?,2025-04-17 06:56:40+00:00,negatif
Pas punya duit aing yeuh boga duit koga pas katangkep mewek,2025-04-17 06:56:30+00:00,negatif
ini mah kecil....yg ngantongin 11rb Trilyun mana tuuuhhhh....bagikan buat Rakyat Indonesia lahhh,2025-04-17 06:56:23+00:00,negatif
"kita Tangsel itu memang tidak ada tempat pembuang sampah nya dan kalau kita mau buang sampah itu bingung,, ada pengambil sampah tp itu bukan dari kelurahan,, kita bayar mrk sebelum bekerja itupun janjinya mau di ambil sampah tiap hari kalau kita byr di depan eee setelah di byr cuman di ambil sampah nya 2 seminggu kadang 1 Minggu sekali",2025-04-17 06:56:13+00:00,negatif
Sik Tah Sampah OPO... bertanya dg tanda tanya...🙄🙄🙄,2025-04-17 06:56:11+00:00,negatif
alasan kenapa kuntilanak kalau nangis malam malam itu seram,2025-04-17 06:56:05+00:00,netral
merdu suara tangisnya 😂😂😂,2025-04-17 06:56:03+00:00,negatif
"baru utk makan aja 75.9M🤔
amaizing pak,, biaya makan nya",2025-04-17 06:50:04+00:00,positif
suaranya nangis nya kayak apa ya 🤣🤣,2025-04-17 06:50:04+00:00,negatif
"lepasin aj pak.
kasian anak istri nya.",2025-04-17 06:49:59+00:00,positif
mbok ya o kasihan pak......buat makan keluarga 😂😂😂😂,2025-04-17 06:49:55+00:00,netral
😄😄😄😄75'9 m duitnya kemana.kok mewek waktuu dapat duit ketawa2,2025-04-17 06:49:54+00:00,negatif
saya aja 3jt bajet buat makan selama 1bulan uda tiap hari di bilang enak.. situ M M an makan apa tiap hari jir 😆,2025-04-17 06:49:51+00:00,negatif
lebih parah niii,2025-04-17 06:49:48+00:00,negatif
"🤣🤣🤣 istri nya lagi ketawa,,senang dan bahagia suaminya di tangkap,,soalnya uang korupsinya kan masih ada😁😁😁",2025-04-17 06:49:34+00:00,positif
"kenapa nangis, sebelum ketangkap, ketawa tawa sambil makan😂😂😂",2025-04-17 06:49:32+00:00,negatif
🤣🤣🤣🤣🤣 bagus sound nya,2025-04-17 06:49:29+00:00,positif
Kasihan kan anak istrinya para koruptor2....besok makan apa coba....bener kata presiden....,2025-04-17 06:49:21+00:00,negatif
ini kok nggak di demo😅😅😅,2025-04-17 06:49:13+00:00,negatif
Itu nangis apa ketawa sihh😂😂😂😂😂,2025-04-17 06:49:12+00:00,negatif
indonesia udah darurat korupsi ga ada satupun presiden yg tegas terhadap pemberantasan korupsi di negeri ini,2025-04-17 06:49:08+00:00,negatif
DLH tangkot kayanya mencurigakan.,2025-04-17 06:49:07+00:00,negatif
banyak banget,2025-04-17 06:49:05+00:00,negatif
bebaskanlah cuman 75 miliar kecil lah.. kasian keluarganya mo makan apa nanti klo bapak nya di tahan 😆😅😂🤣,2025-04-17 06:49:05+00:00,negatif
makan apa butuh puluhan milyar? tempe emas batangan?,2025-04-17 06:49:03+00:00,negatif
😂😂😂,2025-04-17 06:49:01+00:00,positif
"pejabat indo yg pnting kaya mewah,urusan sulap mnyulap itu udh mn jadi tradisi",2025-04-17 06:48:57+00:00,positif
𝕥𝕖𝕟𝕒𝕟𝕘 𝕡𝕒𝕜 .. 𝕒𝕟𝕒𝕜 𝕚𝕤𝕥𝕣𝕚𝕞𝕦 𝕞𝕒𝕤𝕚𝕙 𝕞𝕖𝕟𝕚𝕜𝕞𝕒𝕥𝕚𝕟𝕪𝕒.. 𝕞𝕒𝕤𝕙 𝕒𝕕𝕒 𝕡𝕣𝕠𝕞𝕠,2025-04-17 06:48:51+00:00,positif
kabid bkn nya gajinya diatas UMR??,2025-04-17 06:48:50+00:00,negatif
wes hop raksah nangis....pas korup anteng2 wae Saiki mengeluarkan jurus Ben do melas PO?blasss ora ..,2025-04-17 06:48:49+00:00,negatif
sampah aja di korupsi????,2025-04-17 06:48:44+00:00,negatif
Giliran gini “KU MENANGISSSS” coba klo belum ketahuan beuuh gasssss terooosssss 🤣🤣🤣,2025-04-17 06:48:42+00:00,negatif
😂😂😁😂😂😂,2025-04-17 06:48:37+00:00,positif
budaya yg patut dan sudah dilindungi,2025-04-17 06:48:35+00:00,positif
wowo bilang kasihan anak istri nya,2025-04-17 06:48:33+00:00,positif
🤣🤣🤣,2025-04-17 06:48:33+00:00,positif
"bebas kan ajalah pak,,kasihan sama anak istri nya,,anak istri nya nanti makan apa,😏",2025-04-17 06:48:25+00:00,negatif
emang bakalan dipenjara?,2025-04-17 06:43:21+00:00,negatif
😅😅😅,2025-04-17 06:43:19+00:00,positif
🤣🤣🤣🤣🤣,2025-04-17 06:43:17+00:00,positif
75.9 milyar buat beli nasi padang dapet berapa tuh? 😹🤣,2025-04-17 06:43:13+00:00,negatif
tangisan nya pilu sekali.. kasihan.. 😂,2025-04-17 06:43:12+00:00,netral
air mata penuh kepalsuan 🤣,2025-04-17 06:43:11+00:00,positif
Stater grand🗿,2025-04-17 06:43:08+00:00,positif
"giliran ketangkap suaminya nangis ,giliran nerima uangnya hahahi",2025-04-17 06:43:08+00:00,negatif
"bengek lu pak,,",2025-04-17 06:43:08+00:00,netral
membagongkan kau,2025-04-17 06:43:05+00:00,positif
"jangankan sampah, pengadaan al-qur'an z di korupsi",2025-04-17 06:42:59+00:00,negatif
"cup cup, dah ah jangan nangis, malu sama badan Pakk! ntar kita beli balon yak, mau warna apa?",2025-04-17 06:42:56+00:00,negatif
"gara gara ada omon omon tidak dimiskinkan..kasian anak istri...dan sekarang di jadikan alasan😂
selamat pak harta anda aman..paling cuman anda penjara sebentar..
2030indonesia hebat",2025-04-17 06:42:56+00:00,negatif
😅😅,2025-04-17 06:42:56+00:00,positif
"kasihanilah mereka pak,karna korupsinya kurang besar....",2025-04-17 06:42:51+00:00,negatif
huhuhahahuhaha huhhu hahaha heheh hehehaahahah😭😭😭😭😭😭,2025-04-17 06:42:48+00:00,negatif
Tiap hari beritanya ini aja.. paten mmg konoha 😂😂,2025-04-17 06:42:42+00:00,negatif
🤣,2025-04-17 06:42:39+00:00,positif
😁,2025-04-17 06:42:38+00:00,positif
korupsi sampah maksudnya gimana ya,2025-04-17 06:42:37+00:00,negatif
"enak kali yaa hidupmu🤔🤔🤔, mudah mencari uang",2025-04-17 06:42:31+00:00,positif
giliran Udeh begini pake ditangisin..,2025-04-17 06:42:21+00:00,negatif
Lucu 🤣,2025-04-17 06:42:16+00:00,positif
itu beneran?bukan beksound?,2025-04-17 06:42:15+00:00,negatif
kok ketawa bgtu 😂,2025-04-17 06:42:12+00:00,netral
kita yang ngk punya uang mau nangis aja malu😭,2025-04-17 06:42:10+00:00,negatif
"Dia makan sampah ?
harusnya kita bersyukur dia membantu negara dlm mengurai penumpukan sampah.",2025-04-17 06:42:09+00:00,netral
😅😂😅😂,2025-04-17 06:41:51+00:00,positif
lah kok di tangkap kasian anaknya loh,2025-04-17 06:41:37+00:00,negatif
jangan nangis buk sebentar lagi bebas kok... 😫,2025-04-17 06:41:06+00:00,negatif
tgl sial tidak ada dalam kalender,2025-04-17 06:31:18+00:00,negatif
🗿🗿,2025-04-17 06:31:09+00:00,positif
😂,2025-04-17 06:31:07+00:00,positif
enak aja..... 🔥,2025-04-17 06:31:04+00:00,netral
makan apaan coba,2025-04-17 06:30:58+00:00,netral
😳,2025-04-17 06:30:57+00:00,positif
😂😂😂,2025-04-17 06:30:50+00:00,positif
makanan apa ini segitu banyaknya😂😂😂😂😂,2025-04-17 06:30:34+00:00,positif
tenang aja pak asal bisa s3 aman pak tmbh lg kelakuan baik dan koperatif busa bebas,2025-04-17 06:30:28+00:00,positif
banyak bener buat makan doang,2025-04-17 06:30:11+00:00,positif
makan apa segitu bnyk duitnya,2025-04-17 06:30:06+00:00,netral
mau nangis tp takut dosa 🤭🤣,2025-04-17 06:30:00+00:00,negatif
😂😂😂,2025-04-17 06:29:34+00:00,positif
kasian anak istrinya,2025-04-17 06:28:58+00:00,positif
kasihan demi anak istri mnding bebasin kasih tunjangan dan gaji yg lebih tinggi biar sejahtera tidak korupsi lagi,2025-04-17 06:28:52+00:00,negatif
😂😂😂😂😂😂,2025-04-17 06:28:25+00:00,positif
😂😂😂😂😂,2025-04-17 06:27:58+00:00,positif
gk kebayang berapa duit tuh tunjangan milik petugas kebersihan yg diselewengkan,2025-04-17 06:27:57+00:00,negatif
bagus..d tangsel masih bnyk kroni a atut,2025-04-17 06:27:47+00:00,negatif
😂😂😂😂😂😂😂😂,2025-04-17 06:27:43+00:00,positif
Air mata buayaaa 🤣🤣🤣,2025-04-17 06:27:39+00:00,positif
air mata biaya darat🤭,2025-04-17 06:27:20+00:00,negatif
makan apa mahal amat.,2025-04-17 06:27:14+00:00,netral
🤣,2025-04-17 06:27:09+00:00,positif
lahh,2025-04-17 06:26:54+00:00,negatif
ooo kaciaaan,2025-04-17 06:26:28+00:00,netral
😂😂😂😂,2025-04-17 05:55:36+00:00,positif
🗿🗿🗿🗿,2025-04-17 05:55:31+00:00,positif
tolong donk di selidiki lagi masih bnyak itu yg blm d kena,2025-04-17 05:55:29+00:00,negatif
😅😅😅😅 baru naggis,2025-04-17 05:54:24+00:00,positif
itu nanggis apa ketawa🤔🤔🤔,2025-04-17 05:54:15+00:00,negatif
"ko segampang itu ya bs korupsi, apakah sistem manajerial p3ngawasan lemah syahwat atau bagaimana",2025-04-17 05:54:13+00:00,negatif
apakah hanya sendirian ?,2025-04-17 05:53:45+00:00,negatif
jangan di sita uang nya...kasian anak nya .....🤣🤣🤣,2025-04-17 05:53:26+00:00,negatif
sampah saja dikorupsi njirrr,2025-04-17 05:53:12+00:00,negatif
Di awak gue kira suara drone mavic🗿,2025-04-17 05:53:08+00:00,netral
😂😱,2025-04-17 05:52:54+00:00,positif
😁😁😁😂😂,2025-04-17 05:52:01+00:00,positif
bebaskan aja ok korup cuma segitu kasihan. yg sabung ayam aja yg d tangkap merugikan negara dengan masarakat kebih2 kalo kurang setoran,2025-04-17 05:51:44+00:00,negatif
🤣🤣🤣😅🔥,2025-04-17 05:51:37+00:00,positif
yang penting anak anaknya terjamin dan tidak kelaparan,2025-04-17 05:50:25+00:00,positif
kesian anak istrinya,2025-04-17 05:49:52+00:00,negatif
😁😁😁😁😁😁😁😁😁😁,2025-04-17 05:49:27+00:00,positif
rakus juga istri lo ya pak.. ampe 75 milyar... makan apa an tu pak tiap harinya,2025-04-17 05:49:07+00:00,negatif
kirain nangisnya kuntilanak,2025-04-17 05:49:05+00:00,netral
ketangkap baru nangis²,2025-04-17 05:48:59+00:00,positif
te gableg ka era,2025-04-17 05:48:47+00:00,negatif
"pak Prabowo tolong dibantu, kasian anak dan istri nya mending dilepaskan pak, harus dipikirkan juga ank istri nya",2025-04-17 05:48:47+00:00,negatif
"makan apa pak 75,9 milyar tuh 🤔🤔🤔🤔🤔",2025-04-17 05:48:43+00:00,negatif
anak buah mulyono,2025-04-17 05:48:07+00:00,positif
knp nangis duit kan dah banyak,2025-04-17 05:48:06+00:00,negatif
kalo ikut casting sinetron/film pasti lolos nih,2025-04-17 05:47:25+00:00,negatif
🤣🤣🤣,2025-04-17 05:47:24+00:00,positif
Masa 79 m. cuma buat mkn anak istri 😅,2025-04-17 04:52:54+00:00,negatif
waaahh bakalan viral nih sound nya🤣🤣🤣,2025-04-17 04:52:06+00:00,negatif
"bnyk duit nyo tuh.
79 miliar lebih...",2025-04-17 04:51:44+00:00,negatif
"aku terharu sekali lihat badan yg gede nangisnya sampai dihayati begitu,senang saya lihat yang kaya gini😁😂",2025-04-17 04:51:23+00:00,netral
bernyanyi lah 🤣🤣 klw bgto biar rame rame 🤣,2025-04-17 04:51:17+00:00,netral
enak aj bebas.gk gtu cara maen ny.,2025-04-17 04:50:48+00:00,netral
@pesonaindonesia jadiin soun min,2025-04-17 04:49:45+00:00,negatif
😅😅😅😅😅😅😅😅lucu juga 😭😭😭😭😭,2025-04-17 04:49:23+00:00,positif
"😁🤪😅
Ada Ketoprak mas...
1 M dong...",2025-04-17 04:48:00+00:00,negatif
sampah aja bisa di korupsi apalagi yg lain,2025-04-17 04:47:39+00:00,negatif
😬,2025-04-17 04:47:19+00:00,positif
lagis hepi ngak inggat. pasketahuan nangis.,2025-04-17 04:46:29+00:00,negatif
gntng aj,2025-04-17 04:46:20+00:00,netral
😅😅😅😅😅,2025-04-17 04:46:09+00:00,positif
seumur hidup dipenjara,2025-04-17 04:46:03+00:00,negatif
buat makan apa Maruk 😆,2025-04-17 04:45:36+00:00,netral
🤪🤪🤪🤪makan enak itu ya,2025-04-17 04:43:40+00:00,positif
🤣😂,2025-04-17 04:42:16+00:00,positif
"anjay 75,9 miliar untuk makan anak istri emng mereka makan apa 🤣🤣",2025-04-17 04:41:46+00:00,positif
abunawas tangisanya...,2025-04-17 04:39:52+00:00,negatif
dipaksa sapa tuh🗿 pasti kena seret yg lain juga,2025-04-17 04:39:16+00:00,negatif
lhah kok nangis ?!,2025-04-17 04:38:58+00:00,negatif
lepasinlah pak kasian ...ank istrunya gmn nnti,2025-04-17 04:38:40+00:00,negatif
utamakan sisi kemanusiaan.. bebaskan dia.. dia punya keluarga yg harus dinafkahi.. kami rakyat ikhlas uang dikorupsi mereka.🥀,2025-04-17 04:38:37+00:00,negatif
ahhahahahah tanggisan takut aset nya di sita hahahahah,2025-04-17 04:37:30+00:00,negatif
"Kirain suara tangisanya karena kesurupan vina, soalnya mirip suara nya 😂😂😂",2025-04-17 04:36:18+00:00,netral
"Jangan lah di intimidasi, jgn dihukum, kita harus menjaga perasaan anak istri mereka....😂😂😂😁😁😆😆🤣🤣🤣.. koplak koplak..",2025-04-17 04:35:47+00:00,negatif
nangis apa kamu,2025-04-17 04:34:56+00:00,netral
"kasihan,bebasin aja, dia tulang punggung keluarga😭 dia orang baik loh😂",2025-04-17 04:34:26+00:00,netral
hayooo loh di penjara 😅,2025-04-17 04:33:39+00:00,netral
cakeup...,2025-04-17 13:13:03+00:00,netral
Nangis karna menyesal❌️Nangis karna ketahuan✅️,2025-04-17 02:22:22+00:00,positif
"Ga usah kaget guys. Coba periksa tiap dinas kota, kabupaten atau provinsi.
Rata mereka kayak gitu. 😅",2025-04-17 02:59:58+00:00,negatif
Hampir tiap hari liat berita koruptor yg ketangkap,2025-04-17 02:34:56+00:00,negatif
"coba periksa pajak BEA CUKAI.. periksa rekeningnya dn cocokkan masa kerjanya, pasti melembung.",2025-04-17 12:11:41+00:00,netral
yang ditangkap kelas teri ecek2 kapan sekelas menteri yang notabene teman presiden,2025-04-17 03:21:07+00:00,negatif
dia terharu sampai menangis karena seumur hidupnya baru kali ini dia bisa memakai rompi warna pink dengan ajudan yg mengawalnya 😁,2025-04-17 09:29:16+00:00,negatif
akibat ringannya hukuman utk pelaku korupsi di negeri Konoha...,2025-04-17 08:26:43+00:00,negatif
"SUBUR BANGET BADAN nya ya ,,,,",2025-04-17 10:41:41+00:00,negatif
"kayanya kalo di sisir di tiap dinas bakalan banyak yg pake baju orange, terus banyak lowongan ASN dan jabatan",2025-04-17 02:46:13+00:00,negatif
"Penyesalan memang selalu datangnya belakangan. Karena kalau datang nya duluan, nama nya pendaftaran....😁😁😁",2025-04-17 02:39:27+00:00,positif
"tenang,korupsi di negara kita udah bebas kok,asal ada????????",2025-04-17 05:18:02+00:00,negatif
serius loh nanya uang hasil korupsi mereka kan diambil negara ada gak sic lembaga atau yg bisa diakses rakyat uang^^ tersebut alokasi kemana atau balik dibalikin jadi apbn,2025-04-17 07:06:53+00:00,negatif
KPK ko ga ada yg kerja malah kejaksaan yg aktif,2025-04-17 04:20:04+00:00,netral
"kokk, lohh, loh, rompi safety",2025-04-17 02:16:17+00:00,negatif
mantan lurah pisangan itu dlu lurah sy,2025-04-17 05:18:48+00:00,negatif
"coba tangkap tuh petinggi""nya, pasti begitu semua,,yg dicecar jgn tingkat kota, atw kabupaten aja. atw propinsi.",2025-04-17 12:11:51+00:00,negatif
msh byk lg...jd kalo bisa dibersihkan semua tanpa pandang bulu,2025-04-17 12:13:22+00:00,negatif
ya itulah .masyarakat bawah gak tahu apa2... tp hanya Tuhanlah yg mngetahui....🤭👍,2025-04-17 15:09:11+00:00,negatif
Ngapain Nangis.?! 🤔,2025-04-17 10:28:45+00:00,negatif
"75M serasa dikit bgt ya, dibanding hampir 1 kuadriliun & 300T. 🤣🤣",2025-04-18 11:05:49+00:00,negatif
keren dah paje rompi oren mah apalagi pake gelang mas putih yang mengikat tangan 👍,2025-04-17 21:13:05+00:00,negatif
"Rakyat Bisa nya Hanya Melihat & Hidup nya selalu Menderita .
Sdg kan Para oknum Penguasa. negeri iNi berLomba - Lomba Memperkaya diri Sendiri .
Uang Rakyat / Kekayaan Negara Pada di Curi",2025-04-17 15:14:56+00:00,negatif
lagi2 nangis waktu trima uang gembira bukan main,2025-04-18 07:28:26+00:00,negatif
sita semua harta nya,2025-04-17 14:16:44+00:00,positif
penyesalan pasti ...datang di akhir..,2025-04-17 12:38:04+00:00,negatif
"uang yg di korupsi itu kemana. bisa di limpahkan
bantu rakyat atau kmanusiaan",2025-04-17 11:51:49+00:00,negatif
"setelah ketangkep nangiiis,,,😭😭😭75,9 M itu uang semua???",2025-04-17 12:33:25+00:00,negatif
silakan hidup semaumu sekehendakmu tapi ingat kamu pasti akan ketemu sama yg namanya wafat.......Allah tidak tidur Allah maha adil maha bijaksana,2025-04-17 11:19:51+00:00,negatif
"temen nya kok GK di ajak bg,,😁😁😁pa makan sendiri dana senilai 75,9 M......??? pa jngn jngn di bagi bagi buat kluarga kah bg.....😁😁???
atw karena takut kluarga ny terancam ,klw di lapor kan yg ikutan makan dana senilai 75,9 kawan skantor ,kluarga bg terancam xli ya makan ny sendiri aja.....
info ya bg...😁",2025-04-17 10:44:44+00:00,negatif
Omg 75.9 billion 😱😱😱😳😳🤯🤯🤯😡😠😠😠🥵🥵,2025-04-18 04:19:21+00:00,negatif
kejahatan dpt menghancurkan segala²nya,2025-04-17 14:24:11+00:00,positif
air mata buaya,2025-04-17 12:03:51+00:00,netral
"sekarang kejaksaan aja yg nangkapin koruptor, kpk kemana ????",2025-04-17 06:21:12+00:00,negatif
kerajaan malaysia arus kena penting kepada menghormati kepada rakyat malaysia asing menggunakan ayat-ayat yang tidak betul,2025-04-19 15:01:24+00:00,positif
baru mewek,2025-04-17 06:34:57+00:00,positif
gpp udh gak aneh.. kalau semua perusahaan pasti ada tikusnya,2025-04-19 02:56:44+00:00,negatif
"pantesan sampah nya gak di angkut
uang nya g di setorin kali,,asal buang aja",2025-04-18 01:34:01+00:00,negatif
"cuman di pakein rompi, ngga di botak sama suruh pake koko dan peci😂",2025-04-18 18:43:03+00:00,negatif
kadis nya gk kena kayk nyk harus di periksa juga,2025-04-17 12:48:19+00:00,negatif
"mantap cmn kabib dpt duit 75 M cukup utk modal sdh walau dipecat, anak isteri tdk melarat lnjt",2025-04-19 12:01:56+00:00,netral
"tenang pak, lu kan berduit percaya lah pasti penjara nya enak",2025-04-19 11:53:32+00:00,netral
"udah lama ga ketemu' sekali nya ngeliat berita, abang TB jd tersangka,",2025-04-18 10:09:49+00:00,negatif
wkwk keluarga nya bisa ya berkah begituh,2025-04-18 08:03:54+00:00,netral
"tiap HR koruptor ketangkep duitnya banyak banget,, tp itu duit kmn ya",2025-04-18 07:27:39+00:00,negatif
sampah saja kau jadikan ladang korupsii😭😭😭😭😭,2025-04-24 07:46:08+00:00,netral
ni orang nangis karena tamak sarakah,2025-04-17 12:07:06+00:00,negatif
knapa.. kena tangkap pdt tu,2025-04-17 23:52:29+00:00,negatif
"Kabid kena, harusnya Kadis diperiksa juga gak mungkin tak tahu issue ini 😂",2025-04-17 10:00:13+00:00,netral
"ko bisa""nya nangis Lo..?🤣😂",2025-04-17 12:39:43+00:00,negatif
air mata buaya ...😁😁😁😁😁,2025-04-17 11:22:45+00:00,positif
hampir semua daerah brow sudah GK anehakanya negri ini GK akan maju2 bnyak rakyat yg susah d negri ini ap LG d plsok2 desa prihatin sy klw liat pejabat negri ini,2025-04-17 12:43:36+00:00,negatif
"heran sama manusia, makan nasi pecel 5rb ws urep, mok rewangi nimbun duwek gwe opo😂😂😂😂",2025-04-17 12:23:19+00:00,negatif
penjarakan,2025-04-17 12:27:36+00:00,netral
tangis air mata buaya.,2025-04-18 02:14:14+00:00,netral
mengalihkan perhatian yg 1000 T,2025-04-17 21:16:04+00:00,positif
muka pura2 sedih ...,2025-04-18 00:50:38+00:00,negatif
dia ketawa 😆😆😆😁😁😁,2025-04-17 10:48:28+00:00,netral
bujuk... pikirin yg gajinya HONORER PAK.. 😅😅😅,2025-04-17 11:17:23+00:00,positif
yg pasti pgadilan akhirat...,2025-04-17 11:56:12+00:00,positif
sudah. gaada gunanya kau menangis,2025-04-18 09:41:25+00:00,negatif
selamat pak ya sudah dapat baju dinas baru dan diberikan mahkota ditangan 🤣🤣🤣🤣,2025-04-17 12:06:34+00:00,positif
aman kalau hasil nya di bagi rata😁😁,2025-04-18 08:46:13+00:00,netral
terharu ya knp baru ketangkap skg...😂😂,2025-04-17 12:22:10+00:00,negatif
"😜😜😜😜selamat menunaikn ,,",2025-04-17 12:36:35+00:00,positif
Mewakili siapa tangisan kamu?,2025-04-19 04:42:01+00:00,positif
allah huuakbar ya allah. ya roobb,2025-04-17 15:17:30+00:00,negatif
Tangerang bersih2 👍👍👍,2025-04-17 15:28:14+00:00,positif
छमपैपीहरूले,2025-04-18 13:07:28+00:00,netral
ya Allah SDH di tangkap.kerja melanggar sumpah LG terhadap tuhannya,2025-04-18 01:12:36+00:00,negatif
ya Allah,2025-04-17 12:44:21+00:00,positif
uuu.. alaaa...,2025-04-17 16:38:39+00:00,negatif
aku yakin setiap DLH ada pengelembungan anggaran b,2025-04-17 12:34:51+00:00,netral
kenapa nangis,2025-04-17 12:38:09+00:00,netral
"semua korupsib m m an semua, kl disitapun nanti diolah lagi😂",2025-04-17 12:30:52+00:00,negatif
loh nangis kenapa pak? nangis ga bisa menguras lebih ya pak 😅,2025-04-18 14:41:28+00:00,netral
kan gagah pake rompi 👍,2025-04-17 14:25:51+00:00,negatif
tangisan kebahagiaan,2025-04-18 01:43:25+00:00,positif
Masih ada sisa?,2025-04-17 12:13:34+00:00,negatif
pejabat pejabat di indonesia 100% ngga ada yang jujur dan amanah,2025-04-17 12:04:41+00:00,positif
"waduuuh,,, Bpk kehabisan rompi d rumh yh, koq minta yg gratisan... 😂😂😂",2025-04-17 12:03:43+00:00,negatif
nangisnya karna apa ya 🙏,2025-04-19 22:55:51+00:00,positif
pura-pura sedih ne pak.tenang aja asal perilaku baik maka ndk lama penjara pak 😂,2025-04-17 14:15:38+00:00,negatif
"coba periksa petugas2 BUMN,ASN,BEACUKAI,SAMSAT,POLRI,DEPAG,KEJAGUNG...itu semua rata2 lahan basah klo cuma mendapatkan gaji reel pendapatan mereka beda dengan gaji mereka",2025-04-18 02:21:16+00:00,netral
Ini yg korupsi bisa nangis,2025-04-17 12:01:16+00:00,negatif
waduh banyak juga ya,2025-04-17 12:20:55+00:00,negatif
pejabat indonesia segala bidang dikorupsi. ampun dah🤦,2025-04-17 16:01:13+00:00,negatif
naaaah yg dprti ini lsg di ciduk yg biang nya paus di biarkan,2025-04-17 17:42:04+00:00,negatif
nangis karena takut hartanya disita,2025-04-17 12:23:13+00:00,negatif
jgn menangis pak krn itu sdah resiko bagi yg berslh,2025-04-17 14:36:07+00:00,negatif
yg tri liyunan juga tangkap,2025-04-17 12:41:12+00:00,positif
sengaja yg dulu dibiarin kayak nya 😏😏,2025-04-17 11:10:12+00:00,negatif
bertobatlah,2025-04-18 14:53:09+00:00,netral
kota madiun,2025-04-19 07:03:52+00:00,positif
yg pagar laut blm ada yg di tangkap,2025-04-18 09:20:23+00:00,negatif
ujung-ujungnya di bebasin,2025-04-17 05:04:12+00:00,netral
"Kok B aja ya liat yg beginian skrg, karna pasti ujungnya hilang kabarnya",2025-04-18 06:45:04+00:00,negatif
kalau semua kementrian di usut tuntas dari atas sampai bawsh.penjara nusa kambangan gak muat.anda percaya gak.?,2025-04-18 08:23:02+00:00,negatif
mantan Mentri agama belum juga di tangkap ..,2025-04-17 23:03:48+00:00,negatif
mantaaabbb seragam baru,2025-04-17 11:42:34+00:00,netral
kalau di Indonesia g korupsi kerja tanpa bayar skil di g di butuhkan pasti Indonesia makmur,2025-04-18 00:40:17+00:00,negatif
makan uang haram...syukurr,2025-04-18 03:02:24+00:00,negatif
makan duitnya gk nangis heppy-happy aja liburan sama keluarga y,2025-04-17 08:34:11+00:00,netral
dah biasa disetiap dinas,2025-04-17 05:44:48+00:00,netral
dk USA ngis itu emang mau nya mkn duit hram,2025-04-17 08:59:37+00:00,negatif
Bpk nya baru nangis skrang. Rakyat kecil tiap hari mikir mau makan apa besok selo aja🥹,2025-04-19 11:14:04+00:00,negatif
Takut sama isteri nangisnya🤣,2025-04-18 08:22:43+00:00,negatif
kok nangis....,2025-04-19 15:27:09+00:00,netral
"tenang aja pak cuma buat Poto aja kok pakai sragamnya, nanti ya kluar lagi",2025-04-18 01:59:52+00:00,netral
kes rasuah,2025-04-18 15:03:18+00:00,netral
"Dan tetap seleksi bukan dgn mony politik harus jadi,, pemimpin",2025-04-17 23:04:10+00:00,netral
seragam impian... harganya mahal juga ya....??,2025-04-17 04:58:55+00:00,netral
"pengelolaan sampah juga di korupsi , astojiiim",2025-04-19 00:53:55+00:00,negatif
Apa arti tangisanmuuuuuuuuuuu,2025-04-18 12:55:15+00:00,netral
hidup dia,2025-04-19 04:19:52+00:00,positif
selidiki pasti mkn msh byk temennya yg ikutan,2025-04-17 15:31:12+00:00,negatif
tak pikir cak lontong 🤣🤣🤣,2025-04-17 11:02:18+00:00,negatif
Indonesia ne bos,2025-04-17 14:20:38+00:00,negatif
Sagala dikorup gimana jadinya Indonesia kalau ga diberantas 😳,2025-04-17 15:43:49+00:00,negatif
Air mata Biaya🤣🤣🤣🤣.... Paling 1 tahun udah dirumah😂,2025-04-17 12:59:31+00:00,negatif
येशूकोनमछूकरपैपीहरूले,2025-04-18 13:07:10+00:00,positif
MMG terbaikkkk 👍👍,2025-04-19 01:59:40+00:00,positif
ah paling tiga tahun😁,2025-04-17 13:27:57+00:00,positif
Indonesia begini aja isi bumi,2025-04-17 12:22:46+00:00,negatif
spil keluarga nya,2025-04-17 10:57:53+00:00,positif
Mesakne boss 😂,2025-04-17 11:10:30+00:00,netral
ngapain pake nangis,2025-04-17 14:06:57+00:00,negatif
"air mata buaya,",2025-04-18 04:52:24+00:00,positif
Bahkan sampah pun di korup. ini negara apa sih coooo 😭😭😭,2025-04-18 04:54:37+00:00,negatif
"knp nangis,pk,sdh terlambat",2025-04-17 13:56:20+00:00,negatif
lebik,2025-04-17 14:04:15+00:00,positif
"jujur ingin nanya, tujuan atau motif korupsi itu ap si",2025-04-17 10:09:39+00:00,negatif
kasihan juga kalo udah begini....makanya makan itu yg halal2 ajh.....,2025-04-19 02:04:03+00:00,negatif
nangis.,2025-04-17 14:10:09+00:00,netral
gitu ae nangis,2025-04-18 05:11:27+00:00,netral
air mata buaya,2025-04-17 14:13:00+00:00,netral
langsung ya. bagus.,2025-04-17 16:59:32+00:00,positif
itu baru di dunia di ahirat ygengga ada batas nya fidunia ada batas nya utara dan selatan jarakdekat uma 2 mtr x1 mtr batunisan 2 udh,2025-04-17 10:30:48+00:00,positif
🙏🤲tiyap hari heritage nya itu2 aja 🥰,2025-04-17 11:07:43+00:00,positif
Alhamdulillah semoga sehat selalu pak presiden Prabowo Subianto 👍👍👍 semoga yg koruptor ketangkap semua,2025-04-17 12:32:34+00:00,negatif
pasti.sama.seluruh.indonesia.🙏,2025-04-17 15:12:21+00:00,positif
kira2 apa yg dia tangisi😢😢😢,2025-04-17 11:07:12+00:00,positif
paling bentar lg ya plng uda ngk percaya lg,2025-04-17 11:50:58+00:00,negatif
w warga yg ke bau.n dia yg menikmati uang nya,2025-04-17 16:24:32+00:00,negatif
kpn korup sdh jd warisan para pejabat ya😂😂😂,2025-04-17 10:11:06+00:00,positif
Hebat,2025-04-17 13:15:19+00:00,netral
nangisss nangissssssss,2025-04-17 11:22:29+00:00,netral
Ya Allah kita aja cari uang receh sampai jungkir balik.,2025-04-17 12:04:43+00:00,negatif
pantesan sampah di pasar ciputat dan pasar cimanggis ciputat numpuk segunung tetap ada...,2025-04-19 12:32:56+00:00,negatif
"beliau nangis bukan karna menyesal, tapi karna ketahuan aja 😅",2025-04-17 05:09:54+00:00,netral
duit kabeh kuwi guys . gmn ngitung e opo yo iso turu,2025-04-17 07:07:44+00:00,negatif
Tebak hukuman,2025-04-19 01:19:58+00:00,negatif
waktu terima uangnya tertawa terbahak2 sampe keselek🤣🤣🤣,2025-04-17 04:28:29+00:00,negatif
kasihan keluarganya woyy,2025-04-18 15:05:26+00:00,negatif
Gausah nangissss!!!! 🫵🫵🫵🫵🫵,2025-04-19 01:01:56+00:00,negatif
"lg mkn uangy ketawa"" giliran dtangkap nangis""",2025-04-17 07:25:13+00:00,negatif
Air mata buaya,2025-04-18 01:49:20+00:00,netral
mewek,2025-04-19 12:10:37+00:00,netral
lagu lama 😂,2025-04-17 08:05:14+00:00,positif
oala,2025-04-18 02:28:32+00:00,netral
nangis wkt pke borgol.. wkt penggang duit ketawa ketawa😂,2025-04-17 10:27:45+00:00,negatif
ya Allah.....ini kok gak ada habis2nya😳😳😳😳,2025-04-17 11:17:42+00:00,positif
kok nangis? hrsnya bahagia lo,2025-04-17 14:14:26+00:00,negatif
ASTAGAAAAA,2025-04-17 12:15:52+00:00,negatif
wuih guantenyaa... .,2025-04-17 11:50:22+00:00,negatif
cuman berita saja,2025-04-17 15:36:04+00:00,positif
😁 yg suka membanggakan kemajuan itulah jiwanya 🤭,2025-04-17 15:02:16+00:00,positif
"TANGERANG KOTA, KAPAAAAAAN.......??????",2025-04-17 14:36:30+00:00,negatif
aamiin sapu bersih koruptor,2025-04-17 14:39:18+00:00,negatif
yang. ketangkap ....nggak pernah. ada video cm mana penjarah nya😁😁permulaan saja hyg ada,2025-04-17 15:30:27+00:00,negatif
"kenapa menangis duit puluhan milyar.
kn enakkkk.. 😁😁😁😁",2025-04-17 15:01:38+00:00,negatif
semuaaa cek,2025-04-17 14:46:51+00:00,positif
semoga bukan sandiwara 🙏🙏,2025-04-17 16:06:00+00:00,negatif
"enyak ya mkn cyan halam... pda pinter pngn jd pjbt ada maunya ,",2025-04-17 22:08:02+00:00,negatif
"enyak ya mkn cyan halam... pda pinter pngn jd pjbt ada maunya ,",2025-04-17 22:07:49+00:00,negatif
sudah ngepas yah baju rompi nya pa,2025-04-17 12:53:36+00:00,negatif
tangis bahagia punyarumah baru dn hidupbari,2025-04-17 10:46:05+00:00,positif
"jangan di hukum kasian,dia lagu,tar juga tobat😇😇😇",2025-04-17 12:29:32+00:00,positif
"bersenang - senang dahuluuu
baru kemudian bersusah - susah..",2025-04-17 12:32:17+00:00,positif
UANG MASUK KE PENGADILAN,2025-04-18 23:57:13+00:00,negatif
sebelum ketahuan gagah bener tuh..hidup mewah..mobil Gonta ganti..bini skincare ..😅,2025-04-17 13:05:48+00:00,negatif
"tertawa geh pak
bukan nya dapat duit banyak
bisa poya poya seneng seneng naik moge",2025-04-17 10:27:46+00:00,negatif
dari segala bidang di korup semua gimana mau maju negara kita ini .,2025-04-17 11:32:50+00:00,negatif
"lebih banyak tangisan rayat indo yg kaliyan sengsarkan,",2025-04-17 14:35:16+00:00,negatif
terutama bagian periziman lahan subur,2025-04-17 14:08:58+00:00,netral
yg lain siap2 aj. tunggu tgl main.,2025-04-17 13:54:13+00:00,negatif
@asik pake rompi yah,2025-04-17 13:52:27+00:00,negatif
pantes byk bgt orang kaya 🤭😳,2025-04-17 13:48:33+00:00,negatif
"Kasihan Anak"" dan Istrinya..",2025-04-17 13:35:20+00:00,negatif
mantap,2025-04-17 14:32:23+00:00,netral
masuk ruang menung...,2025-04-17 13:51:46+00:00,negatif
tenang aja besok juga bebas,2025-04-17 10:33:17+00:00,netral
pura pura nangis,2025-04-18 03:25:33+00:00,positif
y Allah gaji sudah besar msh jg ngambil dana rakyat,2025-04-17 13:14:32+00:00,negatif
perampasan aset siap siap,2025-04-17 13:14:31+00:00,positif
Ya nangis karena ketahuan .....kalau gk ketahuan pasti tetap jaya dia 😁,2025-04-18 02:17:42+00:00,netral
Hukum ITMA,2025-04-17 12:36:20+00:00,netral
tolong yg berwenang periksa semua asn sampai pejabat tangsel gaya hifup mereka hedon srmua,2025-04-17 14:07:42+00:00,negatif
karena apa di negri ini korupsi makin merajalela,2025-04-17 13:59:22+00:00,negatif
tangis bahagia keknya. krn bentaran juga bebas 🤔,2025-04-17 11:21:06+00:00,negatif
nangis kemudian tiada guna,2025-04-17 11:37:30+00:00,negatif
"ya begini kalo hukum ga tegas semua berlomba"" kurupsi",2025-04-17 11:38:27+00:00,negatif
seumur hidup,2025-04-17 13:35:42+00:00,negatif
makan duitnya enak ga pake nangis 🤣🤣,2025-04-17 11:54:47+00:00,netral
"lagi apes aja tu ,,kalau dia tau bagi bagi tak tertangkap tu ,,🤣🤣🤣🤣🤣",2025-04-17 11:03:21+00:00,negatif
gk usah nAngis. klau hitung duet gk nangis kok,2025-04-17 13:42:54+00:00,negatif
dah kenyang kan?,2025-04-17 10:37:21+00:00,negatif
dia itu Tangisi jabatan,2025-04-17 13:25:05+00:00,positif
hai istri dan anak pejabat jangan laginkasih pulang kerumah karena swluruh anak bangsa susah tapi pejabat mungkin nggak susah wakil rakyat jangan wakil partai.kasihan kami rakyat dan keluarga pejuangkemerdekaan,2025-04-17 13:23:58+00:00,negatif
saat korup tertawa saat ketakap menangis,2025-04-17 13:18:47+00:00,negatif
kawannya muliono dan buzzer buzzer yang meraja Lela di indonesia😂😂,2025-04-17 13:09:51+00:00,positif
duit sudah banyak..sekarang pura2 menangis,2025-04-17 12:59:02+00:00,negatif
jangan nangis waktu makan uang enak ko,2025-04-17 11:22:30+00:00,netral
"ah nga karopsi w ,",2025-04-17 13:21:51+00:00,negatif
bgs rompinya ya pak kpn pesanya kok dah jd🤣,2025-04-17 12:18:28+00:00,negatif
sepernya biasa biasa saja yg malu keluarga,2025-04-17 21:26:46+00:00,netral
tenang aja woy ga usah nangis paling brp hari bebas asal ada uang aman,2025-04-17 12:14:47+00:00,negatif
Hahahahahahha,2025-04-17 17:08:40+00:00,negatif
suruh pakai sendiri itu baju nggak usah dibantu,2025-04-17 12:10:02+00:00,negatif
waktu anda dan anak istri anda menikmati uangnya nangis apa nggak pak,2025-04-17 11:27:18+00:00,netral
masa depan suram...,2025-04-17 11:26:48+00:00,positif
pakai Rompi itu kelihatan ganteng🤣,2025-04-18 06:45:44+00:00,netral
dia nangis minta di kasihani oleh Prabowo 😂😂😂,2025-04-23 05:44:21+00:00,netral
😂,2025-04-18 13:42:57+00:00,positif
😂,2025-04-17 22:51:39+00:00,positif
😁😏😏,2025-04-17 13:31:54+00:00,positif
🥰,2025-04-18 15:03:18+00:00,positif
🥰,2025-04-22 01:34:05+00:00,positif
🤣🤣🤣,2025-04-19 07:19:38+00:00,positif
😂😂😂,2025-04-18 15:03:19+00:00,positif
👍,2025-04-19 16:32:05+00:00,positif
🥺🥺🥺,2025-04-17 23:22:42+00:00,positif
😁😁😁,2025-04-17 13:32:01+00:00,positif
👍👍👍🤪,2025-04-17 13:04:55+00:00,positif
😂😂😂,2025-04-17 13:41:32+00:00,positif
😁,2025-04-18 13:43:10+00:00,positif
😂😂😂,2025-04-18 15:47:11+00:00,positif
❤❤❤,2025-04-17 13:40:16+00:00,positif
🔥🔥🔥,2025-04-18 18:05:38+00:00,positif
❤❤❤,2025-04-18 01:33:08+00:00,positif
@pekalongan.trending sek rame mind...,2025-04-19 07:35:07+00:00,positif
🤣🤣,2025-04-17 13:37:05+00:00,positif
😥,2025-04-18 20:53:00+00:00,positif
@hendra,2025-04-18 02:16:03+00:00,positif
😂😂😂,2025-04-18 21:17:27+00:00,positif
🤣🤣🤣,2025-04-18 02:23:12+00:00,positif
🤣🤣🤣🤣🤣,2025-04-18 02:44:16+00:00,positif
😭😭😭..,2025-04-17 14:02:28+00:00,positif
😂😂😂,2025-04-17 13:51:51+00:00,positif
😂,2025-04-25 19:42:10+00:00,positif
😳😳😳,2025-04-18 03:25:17+00:00,positif
😅😅😅😅,2025-04-17 13:33:32+00:00,positif
🤪🤪🤪🤪🤪,2025-04-17 11:43:37+00:00,positif
😅😂❤️,2025-04-18 08:10:46+00:00,positif
😂😂😂😂😂😂😂😂,2025-04-17 11:50:18+00:00,positif
🤣🤣🤣🤣🤣🤣🤣🤣🤣,2025-04-18 10:40:42+00:00,positif
😄😄,2025-04-17 21:00:47+00:00,positif
🤣🤣🤣🤣🤣🤣,2025-04-17 15:00:02+00:00,positif
👍👍👍,2025-04-17 11:39:18+00:00,positif
@😃😄😆😅😂🤣,2025-04-17 22:35:51+00:00,positif
🤣🤣🤣😂😂😂🤣🤣,2025-04-17 11:47:32+00:00,positif
👍,2025-04-17 21:31:58+00:00,positif
🤣🤣🤣🤣,2025-04-24 04:57:48+00:00,positif
😁,2025-04-17 20:34:29+00:00,positif
🤣🤣,2025-04-17 12:04:34+00:00,positif
😁,2025-04-17 17:42:47+00:00,positif
🤣🤣🤣🤣🤣,2025-04-17 12:00:14+00:00,positif
"cek seluruh pejabat kota dan kabupaten ,kaya2 loh pak @kpk_ri",2025-04-17 11:56:35+00:00,positif
😂,2025-04-19 06:53:52+00:00,positif
🗿🗿,2025-04-17 11:35:41+00:00,positif
😂,2025-04-17 15:26:55+00:00,positif
🚂,2025-04-18 07:25:33+00:00,positif
😏😏😏,2025-04-18 07:19:15+00:00,positif
😁,2025-04-19 04:40:40+00:00,positif
😂😂😂😂😂😂😂😂😂😂😂,2025-04-17 11:06:14+00:00,positif
👍,2025-04-18 06:37:30+00:00,positif
🥰,2025-04-18 06:18:15+00:00,positif
😡😡😡,2025-04-18 07:19:01+00:00,positif
😂,2025-04-18 06:34:06+00:00,positif
😳😳😳,2025-04-17 17:05:47+00:00,positif
😂😂😂😂,2025-04-17 14:18:32+00:00,positif
👍👍👍,2025-04-18 06:03:32+00:00,positif
😂,2025-04-17 15:09:57+00:00,positif
mknya pikirrr se blm trm duit paham,2025-04-17 10:02:48+00:00,negatif
"RK kapan jangan mau digiring Opini Ia main perempuan LM..itu hanya pengalihan saja ,,dari jeratan Pemerilsaan tersangka",2025-04-17 21:53:54+00:00,negatif
"sedangkan rakyat kecil mau makan saja berjuang. sampai,,kehilangan nyawa di negara orang. pemerintah harus tau itu dong. 😡",2025-04-17 12:16:49+00:00,negatif
skrg enak makan tidur gratis ....intinya hidup hrs bnyk bersyukur jd gak mau ngambil yg bkn hak kita,2025-04-17 12:37:19+00:00,negatif
kenpa kabid itu menagis,2025-04-17 12:45:32+00:00,negatif
yang nangis biasanya ngembat nya dikit dan baru sadar akhirnya dia nyesel 🤣,2025-04-17 12:58:50+00:00,negatif
🥰,2025-04-17 14:49:11+00:00,positif
😂😂😂,2025-04-17 12:58:55+00:00,positif
😳😳,2025-04-17 12:54:04+00:00,positif
😂😂😂,2025-04-17 12:41:03+00:00,positif
😂,2025-04-17 10:29:51+00:00,positif
ooohhhhppp,2025-04-17 13:09:05+00:00,negatif
palingan 6 thn disel pak .....jalani 3 thn pak...khan ud kantongi ber milyar gak kira kalong uangmu pak dimkn sak 7 turunan,2025-04-18 07:29:18+00:00,negatif
paingan balenghar bang sat we periksa tiap instansi pa hebat lah pa,2025-04-17 14:02:46+00:00,negatif
yg dia tangisi itu yg ikut menikmatinya gak ikut di tahan karna kata pak pol gak ada kwitansi 🤣🤣,2025-04-19 12:15:31+00:00,negatif
"tangerang tangerang..terkenal pejabat Pemdanya KAYA RAYA,sementara gaji semua sama,Kondisi pemerintahan seperti ini kok dibiarkan? atau TST ? Percuma ada Inspektorat kab,prop,Irjen,BPKP,BPK ,BUBARKAN",2025-04-17 14:24:40+00:00,negatif
managis senang itu krna so dpa doi banyak😄😄,2025-04-18 04:09:22+00:00,netral
baju nya bagus warna fing . kalou ada jualan saya mau beli Buat nyangkul di sawah,2025-04-17 13:27:06+00:00,negatif
wihh rompi mahal😂🤣,2025-04-19 03:26:14+00:00,negatif
jedor jedor,2025-04-17 13:16:27+00:00,netral
semua tang kap demi bayarutang negara abis duit negara klu di biarin pa bowo blg dah banyak utang,2025-04-17 13:05:32+00:00,negatif
mangkanapaak nek poampo kapesse atorok k parentana ww ww nyaman ampeyan eyookom paakpak,2025-04-17 13:02:13+00:00,negatif
isi berita maling semuaaa !!,2025-04-19 09:55:38+00:00,negatif
Periksa sampe level up dong pak!,2025-04-17 15:08:28+00:00,negatif
"Dapet duit duit diem2 baee..😩😩
Dapet bonus Rompi koq malah nangiss..
konsepnya gmn tu...🤣🤣🤣",2025-04-17 16:08:40+00:00,negatif
ready metherapy,2025-04-20 04:34:19+00:00,positif
hukum la. seberat2 ya orang korupsi seperti ini tidak usah di kasian ni,2025-04-18 10:03:32+00:00,negatif
dah di makan kok nangis😂😂😂😂,2025-04-18 05:55:33+00:00,netral
Negoro amoh...... amburadul,2025-04-17 10:32:40+00:00,negatif
selamat jalan pak Kerna sudah senang senang dulu,2025-04-18 05:42:50+00:00,positif
hancuuuurrr konoha ku,2025-04-17 14:21:18+00:00,netral
waktu korupsi nya kira2 nangis ga ya? 😄😄😄,2025-04-17 10:29:35+00:00,negatif
Alhamdulillah.. Syukur..nikmat Allah SWT yg mna lgi yg kmu nak kan pak koruptor..,2025-04-18 05:38:08+00:00,negatif
kaga usah nangis bos kan waktu korupnya kaga nangis,2025-04-27 04:26:22+00:00,negatif
waktu .pakai uang.ngak di fikir.skrang biar merasakan,2025-04-18 00:17:01+00:00,negatif
"jengkel x lihatnya, nangis pulak. lempar sampah mintaknya",2025-04-17 13:42:39+00:00,negatif
nangis Krna blm puas,2025-04-17 13:42:58+00:00,netral
klunpevuri duwit rayat buwang aja ketrnsk buwaya Medan di dugal,2025-04-17 13:48:06+00:00,negatif
maling,2025-04-18 01:28:59+00:00,negatif
air mata buaya...korupsi 75 mliyar dihukum 1 tahun ...habis hidup enak nikmati hasil korupsinya,2025-04-18 02:00:25+00:00,negatif
"tiap hari liat koruptor yg di tangkap ,TPI blum ada yg di penjara terus di miskinkan😇",2025-04-17 13:52:13+00:00,negatif
KL DIPERIKSA BENAR ....99% PEJABAT KORUPSI,2025-04-17 13:54:48+00:00,negatif
ngambil uangnya kan ga nangis sekarang nangis,2025-04-18 02:22:36+00:00,negatif
"sita harta nya jng motor telat bayar pajak disita, ini yg ngerugiin negara...😏",2025-04-17 13:58:30+00:00,negatif
kalau nangis itu artinya berakhlak... sopan santunya ada... mungkin juga karena nangis iti nyesel kurang banyak korupsinya...,2025-04-19 07:50:25+00:00,negatif
ketahuan baru nangis,2025-04-19 18:53:44+00:00,netral
rakyad usaha susah gk pada bangkrut uang hbs di makan koruptor ya allah banyak. orangkelaperan ini yg koroptor subur amat badanya tapi ko bisa y na,2025-04-17 13:59:27+00:00,negatif
"giliran ketangkap aza nangis2
kalau ga bilang di zolimi
sebelum ketangkap merasa dunia milik nya",2025-04-18 02:29:18+00:00,negatif
"nah direkayasa sendiri kena dah,,",2025-04-17 14:02:17+00:00,negatif
Terjawab sudah pikiran2 dikepala ngeliat jalan raya deket rumah penuuh sampah kok gadiangkut2 malah ditutupin kain. Udh yg ngelola gabecus ditambah yg buang sembarangan jg makin gapunya pikiran,2025-04-18 02:38:23+00:00,negatif
batu😁😁😁,2025-04-18 22:19:02+00:00,positif
mulai berakting jdi KORBAN tuh,2025-04-17 13:26:42+00:00,positif
suka aneh sama asn bagian perizina. bisa bulak balik umroh sakeluarga setiap tahun,2025-04-17 14:06:54+00:00,netral
jgn nangis uang rakyat km ambil😂😂😂😂😂😂,2025-04-18 02:52:13+00:00,positif
kenapa org yg pendidikan tinggi yg jadi pencuri pinter g punya pikirkan,2025-04-18 22:51:02+00:00,negatif
"nangis karena lagi apes ya Pak.. proyek proyek kmrn berjalan mulus , fulusnya banyak banyak.. skrg lagi apes, makanya nangis",2025-04-19 07:54:25+00:00,negatif
klo g korupsi g pada kaya nunggu dari gaji. lama ke beli esapator,2025-04-17 14:07:12+00:00,negatif
rompi kebanggan para koruptor kelak keluar mampu buka usaha ditributor🤣,2025-04-18 02:57:52+00:00,negatif
kpk tolong bersihkan tangsel asn dan pejabat nya,2025-04-17 14:08:34+00:00,positif
koruptor = maleng uang rakyat,2025-04-18 03:19:18+00:00,negatif
rasakan kamu..,2025-04-17 14:10:06+00:00,positif
kuruptor ketangkap jg aman.coba klau rakyat kecil udh di gebugin.,2025-04-18 03:23:53+00:00,negatif
dontol²😹,2025-04-19 09:03:45+00:00,positif
nyamanlah yang koropsi tdk susah lagi mikirkan rumah sewa yg banyak betingkst tingkat kebun anak bini udh pkai baju oren nampak keren mkn minum ....,2025-04-17 10:50:01+00:00,negatif
"99,9999% KORUPSI DARI ATAS SAMPAI KE BAWAH",2025-04-17 10:48:34+00:00,negatif
"Airin kapan ditangkap pak,, kan. kasusnya bnyk tuh apalagi lakinya kan airin. boneka. keluarga atut",2025-04-17 10:55:08+00:00,negatif
dak ape wak ketok palu bebas🙈😂,2025-04-17 10:46:27+00:00,negatif
"klu di tangkap nangis, di saat sedang menikmati korupsinya ia trsenyum manis, inilah kehidupan 🤭",2025-04-18 06:09:45+00:00,positif
ternak jkwi nangiss 😂😂😂😂😂 mkn tuh korupp,2025-04-17 10:46:05+00:00,negatif
gemuk semua daging uang rakyat dimakan,2025-04-17 11:03:27+00:00,negatif
ga pp paling dipenjara 1th uangnya kan bnyk,2025-04-17 10:45:02+00:00,negatif
"pengennkata,,malibg dulu duit Rakyat.. bandiit ..",2025-04-18 06:07:53+00:00,negatif
"sepandai pandai nya menyimpan bangkai tetap tercium busuk juga bro ,lebih baik hidup sederhana di hadapan Alloh dari pada hidup berlimpah harta ujung nya di borgol itu baru di dunia bro",2025-04-17 14:33:55+00:00,netral
mana ada takut koruptor 🤣🤣,2025-04-17 11:09:10+00:00,negatif
BPK ini nangis Krn ketauan. Krn udh kenyang muntah juga kan. ngg kasian sama yg susah seperti sy. bansos aja ngg ada Krn uang ny pada kabur.,2025-04-17 10:43:03+00:00,negatif
pad d tangkaolp nangis2 waktu mkn yg bukan hak kita guling2 katawa foya d atas pnderitaan rakyat,2025-04-17 10:42:49+00:00,negatif
maga raos ken bedegul,2025-04-17 14:31:57+00:00,netral
nangis🤣🤣🤣pas makan duit nya enak2 aja,2025-04-17 10:40:20+00:00,negatif
"😂😂😂mantap d kasih baju ama glang
gratis",2025-04-19 14:26:56+00:00,negatif
pa pa. dipercaya sama rakyat. malah hianati. begitu keciduk dan terbukti istri nangis nangis. kemarin istri joged joged karena bNyak uang. gak taunya sLahgunKan wewenNg.,2025-04-19 02:17:17+00:00,negatif
"orang kaya ini mah... laaaaaaaah gk tau nya duit hasil korupsi...
sampah di telen juga, piye to jal.. 😂😂😂",2025-04-18 06:02:30+00:00,negatif
Kabid bs korupsi sbsr itu kadinnya mana .??,2025-04-17 11:28:16+00:00,negatif
ih dia leweh😅😅😅🤣🤣🤣,2025-04-17 14:25:51+00:00,positif
"TK 2 tahun ,SD 6 thn ,SMP 3 THN ,SMA 3 THM ,KULYAH S 1,4 THN,WISUDA KOK BAJU ORENS,APA GAK SAKAH KAMPUSNYA BEDA KALI",2025-04-17 14:25:19+00:00,netral
knp ngc di tendang. klu rakyat kecil yg di tangkap pasti di tendang,2025-04-17 15:31:13+00:00,negatif
nangis kenapa si? nangis karna menyesal apa karna gabisa kasih makan anak istri pake duit korupsi lagi?🫢,2025-04-18 08:08:49+00:00,negatif
Sampah yo di korupsi,2025-04-19 05:28:38+00:00,negatif
Korupsi di Indonesia sudah tidak heran lagi silakan kalau ada kesempatan dan peluang memang sudah jadi kerjaan pejabat,2025-04-17 10:42:24+00:00,negatif
"Indonesia benar” lahan subur, pengolahan sampah aja bs di korupsi sampai puluhan miliar🤭",2025-04-17 10:39:03+00:00,negatif
:gimana Indonesia raya tercinta ini mau bersih dari sampah.. buat gaji para pegawai nya di korupsi ..,2025-04-17 10:34:29+00:00,negatif
astaga. presiden sudah pidato dan perintahkan tuntut pelaku korupsi hukumannya maksimal kalau bisa sampai 50 tahun. apa tak takut mengalami neraka dunia ya. Aduhhh,2025-04-17 10:34:06+00:00,negatif
"apa maksudnya pake nangis??
nyesel??? ape kurang byk korupsinya?",2025-04-17 11:45:08+00:00,negatif
"ketangkep mewek
ga ketangkep foya foya
anj",2025-04-19 06:23:27+00:00,netral
Tangis bahagia,2025-04-17 16:34:38+00:00,positif
kok byk sekali korupsinya..masyaAllah,2025-04-17 10:25:41+00:00,negatif
coba tertawa. jgn nangis itu bru jagoaan😃😃😃😂😂😂,2025-04-17 10:21:39+00:00,negatif
"kok masih mulus ya mukanya,wah kalo maling ayam yg kerugianya cuma 70 rban,udah babak belur sebelum di borgol",2025-04-17 10:17:45+00:00,negatif
Malah nangis.... klr klr uang kau masih banyak... masih bisa hidup enak kau kalau sudah keluar..... enak kan guys korupsi klr penjara hidup enak guys kwkwkwkw,2025-04-17 10:17:38+00:00,negatif
"kalau tak ada yg korup KAYA NICH INDONESIA PASTI BERSIH DAN INDAH, KENAPA SICH hts korup 😡",2025-04-17 12:00:09+00:00,negatif
di sita memuane aja biyar kere,2025-04-17 10:15:16+00:00,negatif
adakah dia nangis saat menikmati hasil malingnya???,2025-04-18 05:00:53+00:00,negatif
koruptor mau nya di penjara vawah tanah,2025-04-17 14:14:27+00:00,negatif
Hari hari berita korupsi,2025-04-19 05:25:36+00:00,negatif
😁😁😁jadi manusia siap mati,2025-04-17 12:27:35+00:00,negatif
🤣🤣udah kaya gini baru yesel 🎃👊,2025-04-17 12:29:46+00:00,positif
BEDA RASA SAAT NIKMATI BENJIR UANG MASUK KANTONG ..? RASA DIBORGOL. TAPI ENAK DONK SUDAH PERNAH BERMEWAH MEWAH DG UANG KORUP.,2025-04-21 03:00:36+00:00,negatif
yang penting kayaaaaa haram halal no 1000,2025-04-17 12:36:47+00:00,negatif
salmat,2025-04-17 12:20:08+00:00,positif
"lebih baik menyerah kan diri , daripada diri sendiri dan keluarga kena hujat sampai kiamat
TPI KLO masih ngeyel ya tunggu aj...",2025-04-17 12:37:09+00:00,negatif
"Aku perhatikan setiap koruptor ketangkap GK pernahkah pake rompi sendiri,,terus aja di pakai kan,,
pake sendiri apa GK bisa",2025-04-17 12:38:25+00:00,positif
hukum berat...selesai,2025-04-17 17:21:57+00:00,netral
maliiiing....maliiinng,2025-04-19 06:08:17+00:00,negatif
Perampasan aset nya di acc kenapa buset.... Biar dimiskin kan semiskin miskin nya,2025-04-17 17:24:17+00:00,netral
eta tarangna kalah herang wareg ngadaharan uang korupsi taher taher,2025-04-17 17:30:30+00:00,negatif
"air mata rupiah mglir di pipi tersangka,dia menyesali masih bnyk sisa yg blm dia korupsi,BKN menyesali perbuatan yg telah ia lakukan sprt yg ktgkap skrg ini...",2025-04-18 08:27:43+00:00,negatif
kalo ketangkep kayak kucing kebur oli 😂,2025-04-17 12:46:56+00:00,negatif
ga malu apa sama tetangga sodara,2025-04-18 09:25:24+00:00,negatif
"kasian kalau anaknya menderita, gitu sih kata si omon omon",2025-04-19 12:27:22+00:00,negatif
mantap tukar baju pake gelanv 🤣🤣,2025-04-17 12:47:54+00:00,netral
ingat. hidupmu. di. dunia. hanya. sementara.....bos....ingat. klo. mati. yg. di. bawa. apa......,2025-04-17 12:52:29+00:00,negatif
LIBAS !,2025-04-17 12:09:05+00:00,positif
"tong cerik atuh bos,kudu unget waktu ker nyokot na cerik teu bos kitu,ulah sandi wara vos ah,mial aya nunoukaruny bos cerik oge",2025-04-17 12:07:44+00:00,negatif
semua dinas baik di pusat jakarta maupun di daerah. itu korup semuannya. coba periksa setiap pegawainya. lumayan tuh miliaran buat selama di penjara cukup. 😁😁😁,2025-04-17 18:09:36+00:00,negatif
diindo yg haram cuma makan babi,2025-04-17 19:12:30+00:00,negatif
hukuman door ajc,2025-04-18 10:09:28+00:00,negatif
"kalau maling ayam sambil digiring polisi sambil naplok kepala simaling,tpi kalau pejabat koropsi ga diapa apain malah dihormati, kok beda ya",2025-04-17 12:54:33+00:00,negatif
"santey aja boz,plng ditahan brp bulan doang,nanti nikmati lg duit hasil korupsinya",2025-04-17 12:54:53+00:00,negatif
yaa Allah banyak banget..pantas masyarakat miskin...,2025-04-17 21:41:15+00:00,positif
"itu kan Air mata buaya
buaya darat👍👍👍🤲",2025-04-17 22:04:42+00:00,negatif
"tiap hari fyp ada aja yg lewat, masalah negara lewat mulu tiap hari, maluuuuu gw",2025-04-17 23:43:21+00:00,negatif
"kl cma di periksa dan di tangkap itu kn SM aj cma modus kerja, yg rakyat ingin kn di sita itu aset dan hukum seumur hidup",2025-04-17 12:55:26+00:00,negatif
"tenang aj, jangan nangis koruptor di landongi kok,",2025-04-17 13:08:28+00:00,negatif
KEPARAT,2025-04-17 13:27:56+00:00,positif
Duitnya banyak...pantes subur badannya..🤣,2025-04-17 13:29:15+00:00,negatif
"biar saja yg korupsi,biar uang gk milyaran tpi hidup tnang,makan halal itu bagi saya",2025-04-18 04:21:39+00:00,negatif
"bajingan berdasi meneh,,,,",2025-04-17 10:44:58+00:00,negatif
Negri Konoha,2025-04-17 10:38:53+00:00,netral
🤣🤣🤣🤣🤣🤣🤣🤣🤣🤣🤣🤣🤣🤣,2025-04-17 10:36:37+00:00,positif
"penjahat tdk pernah mbangun Negara', mreka hanya mperkaya diri n mrusk Negara 🇮🇩",2025-04-17 10:30:56+00:00,negatif
🤣,2025-04-17 10:30:13+00:00,positif
😁,2025-04-17 10:25:31+00:00,positif
"bnyak kali yg dikorupsi , kok gampang ya",2025-04-17 10:24:01+00:00,netral
langka ni masuk muri dan worlds record tikus terbesar di dunia,2025-04-17 10:21:05+00:00,negatif
cek semua,2025-04-17 10:19:03+00:00,positif
"nangis pura2 tuh, biar gak dibrogol",2025-04-17 10:18:35+00:00,negatif
coba priksa juga Dlh Lampung tengah dong,2025-04-17 10:12:06+00:00,netral
ADIK NYA YACULD..,2025-04-17 10:11:52+00:00,netral
miskinkan dan penjarakan,2025-04-17 10:08:56+00:00,negatif
mkin hari mkin brtabah tikus negara....KLO hukum di negara ini sperti ini terus ea yg korupsi senang...,2025-04-17 10:07:00+00:00,negatif
ntr juga bebas,2025-04-17 10:06:51+00:00,negatif
gaya di banyakin 😂,2025-04-17 10:05:09+00:00,positif
Makan duit haram gasi anak istri ngak nagis....giliran ke tangkap ngis...janda la istri nya ha baaa,2025-04-17 10:04:11+00:00,negatif
UDAH PERNH RASAIN HIDUP MEWAH..,2025-04-17 10:03:48+00:00,netral
pura 2 itu padahal mah seneng 😁😁,2025-04-17 10:03:32+00:00,netral
periksa juga atasanya,2025-04-17 10:03:25+00:00,negatif
😄😄😄😄,2025-04-17 10:01:40+00:00,positif
"7,5M,
katakanlah separuhnya aj, penjara 6 tahun.
masih mayan lah
...",2025-04-17 10:00:51+00:00,negatif
ini wajib penjaranya seperti kandang ayam,2025-04-17 09:59:56+00:00,positif
"gak tega lihat nya,kasihan lepasin aja pak😇",2025-04-17 09:59:06+00:00,netral
"kira,, malu GK menjadi d pemerintahan sebentar,, dgr kabar makan uang haram",2025-04-17 09:58:58+00:00,negatif
👍👍👍👍,2025-04-17 09:58:42+00:00,positif
korupsi = maling🥺,2025-04-17 09:58:24+00:00,negatif
"nangis apa mas,,semua udah terjadi tinggal menunggu hari yg mencekam",2025-04-17 09:56:59+00:00,negatif
ruu perampasan aset ga ada kbrr☺️☺️,2025-04-17 09:54:48+00:00,netral
"ko dia ga pake masker ya?
beda ama hakim yg kemaren 🤔",2025-04-17 09:52:27+00:00,negatif
ngapain nangis pak e....,2025-04-17 09:51:18+00:00,negatif
😂😂😂,2025-04-17 09:51:12+00:00,positif
😂,2025-04-17 09:50:41+00:00,positif
si anj malah nangis😅,2025-04-17 09:50:41+00:00,netral
Nangis... terharu ke tangkap..lumayan keluar cadangan hasil bisa makan se umur hidupmm🤣😂😅,2025-04-17 09:49:20+00:00,negatif
makanan ya bergizi Krena uang kprupsi,2025-04-17 09:48:28+00:00,negatif
Buset dahhh fenomena apa lg ini,2025-04-17 09:47:24+00:00,netral
😅😅😅😅😂🤣🤣🤣,2025-04-17 09:42:31+00:00,positif
hiiiii sereeeeeeem😈😈😈😈😈😈,2025-04-17 09:41:25+00:00,positif
egk usah nangis pak kan senang dapat gelang kembar,2025-04-17 09:37:59+00:00,positif
memang harus dibersihkan tikus-tikus kantor seperti semuanya.,2025-04-17 09:36:11+00:00,negatif
jangan nagis pak nikmatin ajh pak,2025-04-17 09:34:43+00:00,negatif
itu cocok banget bajunya 😂😂😂,2025-04-17 09:34:37+00:00,positif
air mata buaya,2025-04-17 09:34:25+00:00,netral
"makanya rakyat pada susah ,yg kaya semakin kaya korupsi dimana2",2025-04-17 09:34:15+00:00,negatif
tangisan kebahagiaan 👍👍👍,2025-04-17 09:32:42+00:00,positif
ke kenyan Lo bagi bagi ma rakyat berkah nasi hantu lautt,2025-04-17 09:31:42+00:00,negatif
mantap,2025-04-17 09:30:48+00:00,netral
kok nangis jin,2025-04-17 09:30:12+00:00,netral
"Luar Biasa INDONESIAKU
MENYALAAAAAA",2025-04-17 09:29:14+00:00,negatif
🌹,2025-04-17 09:27:32+00:00,positif
"Manis d awal ny nerima uang banyak tak memikir kn orang yg d jolimi,dn akhir,ny hukum Alam datang jig..blm lg nnt d akhirat..",2025-04-17 09:27:10+00:00,negatif
helleeeeh..biasanya Senyum2,2025-04-17 09:26:05+00:00,netral
kasihan anak dan istrix...bukan katanya sy loh...masih ingat kan siapa yg ngomong😂😂😂,2025-04-17 09:25:56+00:00,negatif
Mekar skali pak badan nya,2025-04-17 09:25:18+00:00,netral
rasain loh,2025-04-17 09:24:04+00:00,netral
ayo bersihkan para koruptor sampai ke atas,2025-04-17 09:23:38+00:00,positif
😂😂😂😂 gara2 ketahuan. air mata buaya 😂😂,2025-04-17 09:23:23+00:00,negatif
awal dari terhormat akibat salah langkah jadi tersesat,2025-04-17 09:20:12+00:00,negatif
malu sama anak mslu samagemen malu sama semuah orang. sekarang nangis. maling kaga nangis ke tangkep nangis,2025-04-17 09:20:02+00:00,negatif
🗿,2025-04-17 09:19:44+00:00,positif
hahahaha mana mahasewa ga bantuin tuh bosnya ketangkap,2025-04-17 09:19:43+00:00,negatif
Nangis takut dihukum .,2025-04-17 09:19:38+00:00,negatif
aduh DITALYAN PA,2025-04-17 09:19:10+00:00,netral
uang banyak2 buat apa sich kalo mati gak bisa dibawa pake secukupnya aja bisa beli mobil punya rumah tabungan 2 milyard cukup lah,2025-04-17 09:18:50+00:00,negatif
"Coba periksa kepala dinasnya, segitu banyaknya uang kemana? Anak istrinya sudah kebeli apa? Periksa sampe dalem2nya, maap jaksa pun harus jujur pas sidang, maap nih penggalaman yg udah2 masyarakat makin pinter",2025-04-17 09:18:14+00:00,negatif
ni mah buat rame2am doang ..bulan depan jga udah bisa bebas brkeliaran lgii....duiit bos,2025-04-17 09:17:49+00:00,negatif
lgasung dinpkein rompi anti thn malu,2025-04-17 09:16:55+00:00,negatif
hukum mati tag uis nyusain rakyat,2025-04-17 09:16:06+00:00,negatif
🤣🤣🤣🤣,2025-04-17 09:15:23+00:00,positif
"emang enak pak
maluuuuuu7uuuuu nya",2025-04-17 09:15:14+00:00,negatif
kapokmu kapan,2025-04-17 09:14:49+00:00,negatif
mengerikan karena menakutkan,2025-04-17 09:14:35+00:00,negatif
hukum bep thn?,2025-04-17 09:14:29+00:00,negatif
keren pake rompi merah,2025-04-17 09:13:53+00:00,negatif
Astaghfirullah..,2025-04-17 09:13:07+00:00,negatif
naaah ini yang selalu menyeng sarakan rakyat di indonisia .sampai rakyat indonisia kayak preeet🙏🙏🙏,2025-04-17 09:12:55+00:00,positif
"menye2,, wktu terima uang nya tdk memye menye",2025-04-17 09:12:47+00:00,negatif
Masa nangis seeh pak 😂😂😂,2025-04-17 09:12:02+00:00,netral
😂,2025-04-17 09:11:29+00:00,positif
"mungkin krn duitnya blum dinikmati semua dan skrg harus disita, jadinya sedih😌",2025-04-17 09:11:17+00:00,negatif
sekarang nagis nagis buaya🤣🤣🤣,2025-04-17 09:09:24+00:00,negatif
hukum di Indonesia lemah,2025-04-17 09:09:03+00:00,negatif
semesta bekerja😇,2025-04-17 09:08:36+00:00,positif
nangis pak kemana aja,2025-04-17 09:08:23+00:00,netral
podaran tuman,2025-04-17 09:07:21+00:00,netral
🥰🥰🥰,2025-04-17 09:05:04+00:00,positif
"lagi apes dia, ketahuan.....😆😆😆",2025-04-17 09:04:55+00:00,negatif
🙄🙄🤣🤣🤣,2025-04-17 09:04:50+00:00,positif
"menangis kok bisa ketangkep, tenang pak hukumanmu gak akan lama,. selagi ada uang semuanya aman",2025-04-17 09:04:13+00:00,negatif
hancur negara kalau kayak gini,2025-04-17 09:03:03+00:00,negatif
KPK. masih. ketiduran.yg nangkap kasus besar besar bagian ke jaksaan urusan xa.KPK.bagian.yg.kecil.kecil.sudah,2025-04-17 09:02:46+00:00,negatif
klu pencuri tdk nangis🤣🤣🤣🤣,2025-04-17 09:02:40+00:00,netral
ko nangiiiis😀😀,2025-04-17 09:02:36+00:00,positif
TERCELA,2025-04-17 08:54:49+00:00,negatif
mending di lepasin aja kasian anak istrinya gak bisa hidup mewah lagian cuma 75m kok gak membuat negara bangkrut,2025-04-17 08:54:25+00:00,negatif
coba nangisnya lagi maling. pasti akan lebih lucu lagi😁😁😁😁😁,2025-04-17 08:54:04+00:00,negatif
😅😅😅,2025-04-17 08:53:54+00:00,positif
kapok lu,2025-04-17 08:53:33+00:00,negatif
harus cek ke per desaan nya pak tolong biar harta nya biasa LG.,2025-04-17 08:53:11+00:00,negatif
ya Allah...semoga biang nya yg ketangkep nih,2025-04-17 08:52:01+00:00,negatif
"biaya suap hakim 60M, lumaya...masih untung 15,9M 😄",2025-04-17 08:51:39+00:00,negatif
😁,2025-04-17 08:51:34+00:00,positif
bnyak nya duit satu lori,2025-04-17 08:50:53+00:00,negatif
tangisan sinetron kembalikan uang rakyat yg sdh dia ambil jgn kasian sm anaknya tp lihat rakyat mu masi byak yg miskin dan terlantar diluar sana,2025-04-17 08:50:28+00:00,positif
muantaap...👍👍👍,2025-04-17 08:48:09+00:00,netral
tenang pejabat korupsi sekarang sudah di lindungi sampai ke istri dan anaknya.,2025-04-17 08:46:41+00:00,positif
😅😅😅😅...air mata kadal,2025-04-17 08:46:34+00:00,positif
kesel ih orang-orang nyari duit susah kamu enak banget,2025-04-17 08:45:41+00:00,negatif
di tangkap sebentar lgi juga bebas,2025-04-17 08:45:23+00:00,negatif
"kok nagis pak,angap aja pergi merantau ke zimbabwe,makan gratis tidur enak,duit ngak di sita negara.kurang baik apa negara ni pak,udah keluar,jadi pejabat lagi pak,gampang kan lu punya negara",2025-04-17 08:44:40+00:00,negatif
hukum ma..,2025-04-17 08:44:33+00:00,netral
Indonesia isi nya bandit semua yg bandit orang atasan semua giliran rakyat aja di tindas trs ampun,2025-04-17 08:44:20+00:00,negatif
ya ila bp hidufin ngasih mkn anak istri makan duit haram p kl udah cucuk ya insaf😁😁,2025-04-17 08:43:52+00:00,negatif
"koropsi y kurang gede p jdi mudah d tangksp,tanggung",2025-04-17 08:43:33+00:00,netral
Kalau bisa kumpulkan lagi orang-orang yang ingin menghancurkan negara😂😂😂,2025-04-17 08:42:23+00:00,netral
😭nagis kemaren pas nikmatin duitnya happy2😂😂😂😡,2025-04-17 08:41:38+00:00,negatif
Boleh ketawa ga ya? 🤣🤣🤣🤣🤣🤣🤣,2025-04-17 08:39:11+00:00,netral
Hebat,2025-04-17 08:39:05+00:00,netral
🥰🥰🥰,2025-04-17 08:38:49+00:00,positif
Bnyk liat berita koruptor ketangkep tp ga denger berita kelanjutan ky apa.cm mandek ht .😱🙈,2025-04-17 08:38:22+00:00,negatif
koropnya snyum2 lu pas pake rompi marwex2,2025-04-17 08:33:43+00:00,negatif
jakarta keren Bozzku 😁😁😁,2025-04-17 08:33:28+00:00,netral
pejabat...,2025-04-17 08:33:01+00:00,netral
para kuroptor kebanyakan gemuk gemuk makan uang negara/rakyat 😂,2025-04-17 08:32:41+00:00,negatif
😁😁😁,2025-04-17 08:31:50+00:00,positif
weeesss dadi opo negoro lk akeh sg korupsi,2025-04-17 08:29:15+00:00,negatif
Kasian sampe nangis gitu bebas kan saja . 75M Tidak akan membuat negara miskin.,2025-04-17 08:28:31+00:00,negatif
biasane ada mediasi vonis bebas dgn duit penguasanta,2025-04-17 08:28:19+00:00,netral
asli nangis,2025-04-17 08:28:07+00:00,negatif
air mata buaya,2025-04-17 08:25:47+00:00,netral
😳😳😳,2025-04-17 08:25:23+00:00,positif
🤣🤣🤣,2025-04-17 08:25:20+00:00,positif
selamat ya anda telah di rangkap.,2025-04-17 08:25:04+00:00,negatif
udh ktangkep az bru nangis..waktu nerima uang ga ingt,2025-04-17 08:24:54+00:00,negatif
hadeh nanges😏,2025-04-17 08:24:08+00:00,netral
Astagfirullah,2025-04-17 08:22:57+00:00,positif
😂😂😂😂,2025-04-17 08:22:21+00:00,positif
lah dia nagis ......,2025-04-17 08:22:20+00:00,negatif
Nga ppa di maffin ini sama bpa presiden yg penting uang d balikin beres🤣,2025-04-17 08:22:00+00:00,negatif
hebat,2025-04-17 08:20:08+00:00,netral
😅😅😅😅😅😅😅😅,2025-04-17 08:19:05+00:00,positif
asik,2025-04-17 08:18:58+00:00,positif
waduh....byk bnget korupsinya y.,2025-04-17 08:18:53+00:00,negatif
ih mewek 🤣🤣🤣,2025-04-17 08:18:05+00:00,netral
ngapa nangis kocak,2025-04-17 08:17:53+00:00,negatif
ya Allah ga brenti yg kuropsi,2025-04-17 08:17:31+00:00,negatif
Alah nangis ecek ecek coba gk gak ketangkap senyum lebar,2025-04-17 08:17:16+00:00,netral
🤣🤣🤣🤣 cup cup cuuuup jangan nangis ya pak,2025-04-17 08:17:04+00:00,netral
sedihh hrs meninggalkan kemewahan😀😀,2025-04-17 08:16:02+00:00,negatif
"Dah parah indonesia skrg ni. Semua terlibat dlm korupsi baik hakim2, pemerintah yg di atas, bisnessman, dll. Hukuman seumur hidup perlu dikenakan sbg pengajaran. Kalau tidak, Indonesia makin mundur & rakyatnya miskin papa.",2025-04-17 08:14:10+00:00,negatif
"korupsi di Indonesia dh dmakin gila aje seolah ga ada pny urat malu dn ga takut heran... cb di bikin undang""yg bikin pr koruptor tu takut dn kapok..",2025-04-17 08:09:15+00:00,negatif
"Sudah susah2 nangkep, awas aja hukuman ga setimpal",2025-04-17 08:09:00+00:00,negatif
kok nangis😁😁. selama ini senyum2 lebar😂,2025-04-17 08:08:11+00:00,positif
MasyaAllah 😭😭😭 pak Hakim😭😭,2025-04-17 08:07:50+00:00,netral
🤣🤣🤣,2025-04-17 08:07:31+00:00,positif
MANA SEH YG GK KORUPSI DI KONOHA? CUMA HUKUMAN PENJARA DOANG.,2025-04-17 08:07:12+00:00,negatif
👍👍👍👍🥰🥰🥰🥰💪💪💪💪,2025-04-17 08:06:32+00:00,positif
kata pk Prabowo jgn ditangkap kasian anak istrinya,2025-04-17 08:04:36+00:00,negatif
tenang bang.. sebentar doang koq.. di konoha mah korupsi aman,2025-04-17 08:03:58+00:00,negatif
air mata buaya hhii,2025-04-17 08:03:20+00:00,positif
ya allahh sampah di korupsi,2025-04-17 08:02:43+00:00,negatif
👍,2025-04-17 08:02:39+00:00,positif
lumayan 6thn..75.9M..hidup enak 😂😂😂,2025-04-17 07:59:53+00:00,netral
selamat menikmati,2025-04-17 07:58:56+00:00,positif
di tangkep nyali tempe.badan doang gde.dpt uangnya ga inget dosa,2025-04-17 07:57:48+00:00,negatif
Yang korban istri anak dan keluarga semua,2025-04-17 07:55:50+00:00,positif
Tangisan Bahagia ....Karena baru sekara.ng keTahuan ...😄,2025-04-17 07:55:30+00:00,positif
langsung balasannya di dunia yeees,2025-04-17 07:55:06+00:00,positif
Waktu ngabisin uang kok gk nangis,2025-04-17 07:54:15+00:00,negatif
sangat mantuuuul,2025-04-17 07:49:57+00:00,negatif
pantes bnyak proyek pake pager daleme ngga ada orang😅😅😅,2025-04-17 07:49:42+00:00,negatif
sudah sudahlah kalaw enggak ketauan berbahagia 🤪,2025-04-17 07:49:18+00:00,positif
😂😂😂😂,2025-04-17 07:48:25+00:00,positif
"Ikut sedih....kasihan tolong lepasin dia😭😭😭😭😭😭.......
ke kandang singa",2025-04-17 07:47:39+00:00,negatif
"joko selama ini ngapain ya, stlah pranowo ke ungkap bnyk benar konfirmasi",2025-04-17 07:46:41+00:00,negatif
serius nanya itu pas dibawa dia langsung kedalam sel gitu bareng napi2 lain.,2025-04-17 07:44:54+00:00,negatif
kok nangis kurrang bayak y pak.,2025-04-17 07:44:12+00:00,negatif
gila 75 M lbh...,2025-04-17 07:35:52+00:00,negatif
korupsi loba angger we huluna siga pelok buah keneh😒,2025-04-17 07:34:51+00:00,negatif
kenapa garinya pigi depan.tidak pigi belakang.,2025-04-17 07:33:45+00:00,negatif
bedak garinya kalau orang berduit sama orang kurang duit.😁😁😁😁😁,2025-04-17 07:32:50+00:00,negatif
"Inilah Contoh Orang"" yg Sdh Menyengsarakan Banyak Orang.",2025-04-17 07:29:04+00:00,positif
"gampangin kontrak kerja, kontraktornya blunder 😂",2025-04-17 07:29:02+00:00,positif
Ujung cerita duka korupsi uang rakyat dn negara.....,2025-04-17 07:27:35+00:00,negatif
Kapan habisnya ...para koruptor kok muncul terus...tiap hari...🥺🥺,2025-04-17 07:25:51+00:00,negatif
nangis karena kurang banyak korupsinya,2025-04-17 07:24:41+00:00,negatif
tangisan buaya😃,2025-04-17 07:23:04+00:00,positif
NANGIS KARENA BERAT BADAN NAIK 😭😭😭,2025-04-17 07:23:00+00:00,netral
mantap dan duit se gitu,2025-04-17 07:21:49+00:00,netral
bner kaya bpn samsat weh ladang basah aplgi bikinnn simmm,2025-04-17 07:21:29+00:00,negatif
"Nah Penanganan Sampah Di Kota Pekanbaru @dlhkkotapekanbaru Musti di cek juga ni, Karena Perusaannya Sama, Sesuai Arahan Pak Kapolda Riau Ke @dirkrimsuspoldariau ,",2025-04-17 07:21:09+00:00,negatif
"nangis karena ""kenapa kemarin gak banyak sekalian""... 😅",2025-04-17 07:21:03+00:00,negatif
hampir semua PD korupsi,2025-04-17 07:20:47+00:00,negatif
astaghfirullah di era ini,2025-04-17 07:18:20+00:00,positif
"baru kali ini liat koruptor ketangkep nangis, apa karna korupsinya kurang banyak ya?",2025-04-17 07:17:00+00:00,negatif
"Kenapa kalo org² gini ditangkap, pd gk suara.. apakah krn uang juga gk bersuara😅 coba kalo rakyat kecil yg ditangkap, rame suara yg mau nangkap apalagi ada kamera😅🤣",2025-04-17 07:16:43+00:00,negatif
makin hari makin marak...yg korupsi meledak😂,2025-04-17 07:16:10+00:00,negatif
nangis karena malu,2025-04-17 07:14:22+00:00,negatif
dia lagi terharu bahagia 🥰,2025-04-17 07:13:14+00:00,positif
engak usah nangis PK malu sendirian smpe nangis,2025-04-17 07:12:38+00:00,negatif
"masuk tipi nih ye, wkwk",2025-04-17 07:12:24+00:00,netral
good job,2025-04-17 07:11:56+00:00,positif
bnyk ya duit di Indonesia.... hbs dk. mkn dan di nimati koruptor... kenyang kan,2025-04-17 07:11:12+00:00,negatif
kok nangis kan sdh dapat banyak???,2025-04-17 07:07:34+00:00,negatif
up,2025-04-17 07:07:28+00:00,netral
nangis kan loe biasa makan enak nnti makan nasi cadong...maka nya jngn nyolong ...,2025-04-17 07:07:22+00:00,negatif
lepasin ajalah..... baru milyaran... kasian anak dan istrinya,2025-04-17 07:07:08+00:00,netral
"waktu sblm ketangkap full senyumu kan gaes ,skrng ude pke baju pink yg mahal itu baru Deng 😭😭😭 lagu lama it jgan ad yg prcya dgan tangisan palsu",2025-04-17 07:00:40+00:00,negatif
"wah wah waaaaaah..kaya sekali indonesia ,duit gak habis²",2025-04-17 07:00:37+00:00,negatif
kan udh kaya 😜 jangan nangis donk,2025-04-17 07:00:24+00:00,netral
nangisssss... ??,2025-04-17 06:57:38+00:00,negatif
👍,2025-04-17 06:56:33+00:00,positif
tikus kantor😂😂,2025-04-17 06:56:15+00:00,positif
buang ke pulau ajaaa,2025-04-17 06:54:59+00:00,negatif
"segala lini ada koruptor...
ancur negara ini",2025-04-17 06:54:40+00:00,negatif
SEMUA BUAT KERAJAAN KECIL TINGGAL TUNGGU APESNYA KARENA APAS GAK ADA DI TANGGALAN,2025-04-17 06:53:29+00:00,positif
air mata buaya😁,2025-04-17 06:53:16+00:00,positif
"Coba dia pake peci dan baju koko, pasti banyak yang iba.",2025-04-17 06:53:13+00:00,netral
banyak ya bang duitny... gw beli vario aja uda alhamdulillh... bangett....,2025-04-17 06:53:09+00:00,negatif
"[me]: jgn lha .. menangis pak .. tp kalo mau nangis, nangis lha sekuat-kuatnya... gak peduli!",2025-04-17 06:52:48+00:00,negatif
tangsel menyalaaa 😅,2025-04-17 06:52:25+00:00,netral
bukan tangisan buaya ini namanya tp tangisan tikus berdasi.....😁,2025-04-17 06:50:13+00:00,negatif
👍 budaya antri ..,2025-04-17 06:49:52+00:00,positif
"knp nangis pak sdh tdk bs makan enak lagi ya tp tenang pak tahanan korupsi di negri ini enak pak fasilitas hotel bintang 5,trs klo suntuk bisa jalan jalan selagi msh punya stok duit",2025-04-17 06:46:47+00:00,negatif
tagis air mata buaya,2025-04-17 06:46:43+00:00,netral
dah kenyang harta duit aset dah di namakn org lain aman ..yah nangis dlu buat foto,2025-04-17 06:42:16+00:00,negatif
😳😳😳,2025-04-17 06:41:38+00:00,positif
tak mungkin sendiri😂 kecuali setingan/dikorbankan😁 cek audit PPATK..!!,2025-04-17 06:41:36+00:00,negatif
😱😱😱,2025-04-17 06:40:51+00:00,positif
🤣🤣🤣🤣🤣🤣🤣🤣🤣🤣🤣,2025-04-17 06:38:24+00:00,positif
oalahhhh semuaaa pada tamak tamak😭 menyeramkan indonesia tercinta ini,2025-04-17 06:38:18+00:00,negatif
"menyesal karena kenapa korupsi tidak mencapai target.
bayangan otak jika ber T.. T..
lebih mantap.
penjara sebentar saja kok",2025-04-17 06:38:15+00:00,negatif
nangis bahagia itu dapat uang nanyak,2025-04-17 06:36:52+00:00,positif
"bebasken, kasihan anak istri we🤪",2025-04-17 06:36:23+00:00,negatif
ada penghianat yg supply info.,2025-04-17 06:36:08+00:00,netral
"tujuan utama pejabat cari uang, dengan jalan korupsi. gak di pungkiri gaji paling berapa lha, tapi setelah di rumah nya mobil berjejer 3 dan rumah super mewah🤣🤣🤣🤣🤣🤣🤣🤣🤣🤣🤣🤣🤣🤣🤣🤣🤣🤣",2025-04-17 06:34:21+00:00,negatif
kerenn rompinya om ada di toko sebelah ga😁,2025-04-17 06:27:47+00:00,negatif
ganteng pak pake baju orange,2025-04-17 06:26:26+00:00,netral
"dah ketangkap baru nangis dan nyesal kan, pensiunnya di dlm jeruji besi deh",2025-04-17 06:25:16+00:00,negatif
ges kapanggih kata nyesel 😁,2025-04-17 06:25:05+00:00,negatif
bsk keluar😄😁😄,2025-04-17 06:24:14+00:00,positif
"Ya ..., Rata - Rata Begitu , Coba Miskinkan , Semiskin - Miskinnya , Biar Ngerasa Bagaimana kalau Susah dan Miskin.",2025-04-17 06:22:14+00:00,negatif
makan uang enak2..udh ke tangkap nangis,2025-04-17 06:21:57+00:00,negatif
😅😅😅😅😅,2025-04-17 06:21:56+00:00,positif
"Istri dan anaknya pasti bangga lihat ini. Anaknya kalau nanya kenapa bapak nangis, disuruh tidur siang nggak mau itu.",2025-04-17 06:20:07+00:00,negatif
Kabid oh kabid,2025-04-17 06:19:27+00:00,netral
Emang Enak masuk penjara Abis Lebaran,2025-04-17 06:16:25+00:00,negatif
gagah pak pke bju wrna merah😂😂😂,2025-04-17 06:15:11+00:00,negatif
waduh.... pantes iuran sampah mahal..,2025-04-17 06:14:46+00:00,negatif
"Tangsel harus bersih"" di seluruh dinas",2025-04-17 06:12:27+00:00,positif
air mata basi🗿,2025-04-17 06:11:23+00:00,positif
"semua ASN yg ada jabatannya 99,9999% korupto....",2025-04-17 06:10:56+00:00,negatif
org serakah dh d kash jabatn KABID,2025-04-17 06:10:02+00:00,netral
padahal laporan sudah di buat asli semua,2025-04-17 06:09:28+00:00,negatif
"berbondong jd tersangka
alhasil hukuman bikin geleng """,2025-04-17 06:07:34+00:00,negatif
seharus nya rompi nya samakan aja sama oren tambah mantap lagi,2025-04-17 06:05:54+00:00,negatif
😳😳😳,2025-04-17 06:04:25+00:00,positif
air mata buaya bingung bgimn nasib istri mudanya 😄,2025-04-17 06:01:23+00:00,positif
Astagfirullah pejabat d indonesia kok jd suka korup semua nya ya,2025-04-17 06:01:10+00:00,negatif
makin gilak kuropsi di negri ini. tolong miskin kan pelaku para koruptor di negri konoha.,2025-04-17 06:01:09+00:00,negatif
😂😂😂,2025-04-17 06:00:31+00:00,positif
ketangkap nangis klo pas korupsi ibarat dunia mau di beli😂,2025-04-17 05:57:36+00:00,negatif
semua dinas.. terutama Kepala daerah yang punya basic proyek.. cek lingkarannya kalo berani,2025-04-17 05:57:22+00:00,netral
pura2 nangis ..waktu ambil uang nyengngir...,2025-04-17 05:55:24+00:00,negatif
gak ada harganya kalau sdh begini,2025-04-17 05:42:10+00:00,netral
"jangan di miskin kan,kasihan anak dan istri nya,,anak dan istri nya tidak bersalah,kurung aja beberapa tahun potong masa tahanan karena berprilaku baik,😏😂😂😂",2025-04-17 05:41:22+00:00,negatif
🤣🤣🤣🤣🤣🤣🤣🤣🤣🤣🤣👍👍👍👍,2025-04-17 05:40:50+00:00,positif
Air mata Buaya..waktu korupsi Gembira sekali..🤣🤣🤣,2025-04-17 05:37:56+00:00,negatif
alhamdulillah,2025-04-17 05:36:32+00:00,positif
"gak usah kaget gaes, mereka bisa korupsi karena ada kesempatan dan posisi nya pas, lahan buat korupsi nya ada, klo rakyat kuli buruh pedang seperti kita gak akan bisa korupsi,",2025-04-17 05:36:06+00:00,negatif
"yang ketangkap pas lagi apes n sial aja.
intinya yang lain aman karna pintar makan pintar nyimpan. sebenarnya sama",2025-04-17 05:36:01+00:00,negatif
yg ribuan trilyun mna..dtngkp juga dooong,2025-04-17 05:33:51+00:00,negatif
bwuhahaahha 😂🤣😂🤣 nangissss😂🤣😂,2025-04-17 05:33:45+00:00,positif
"gendatttttssss2 ya,,yang korup😭",2025-04-17 05:33:19+00:00,netral
makanya tiap2 pejabat yg dikantor hrs tetap diaudit keuangannya,2025-04-17 05:33:03+00:00,netral
INTI YA...KAPAN. NEGARA. SAHKAN UU KORUPSI .....*?????????,2025-04-17 05:32:56+00:00,negatif
kalo lagi banyak uang jarang nangis... sekarang dah di tangkap air mata jadi senjata,2025-04-17 05:31:55+00:00,negatif
gw hran knpa harun msaheku & si yaqut gk bsa di tangkap ???,2025-04-17 05:30:28+00:00,negatif
"masyarakat menengah kebawah di kejar wajib pajak, pajaknya di sikat koruptor, harta koruptornya gak di ambil negara (dimiskinkan).. trus adilnya dimana?? 😳😳",2025-04-17 05:29:56+00:00,negatif
"gpp banyak duit ,di sel aman kek raja",2025-04-17 05:28:51+00:00,negatif
"tambah kisruh saja...setiap hari bertambah terus garong""",2025-04-17 05:27:22+00:00,negatif
Ex Anak Buahnya Airin....ya,2025-04-17 05:26:42+00:00,positif
😁😁😁😁,2025-04-17 05:25:15+00:00,positif
ubahlah berjalan bertobat lah para oknum pejabat,2025-04-17 05:24:40+00:00,negatif
waktu terima uang begitu ga wajahnya,2025-04-17 05:24:24+00:00,negatif
klo ga ketahuan party bro 🤣🤣🤣,2025-04-17 05:24:11+00:00,netral
NANGISSS NANGISSS NANGISSS 😡😡😡😡,2025-04-17 05:23:29+00:00,negatif
mkn gratis,2025-04-17 05:23:24+00:00,positif
siip Brantas preman Berdasi yg menghancurkan negara,2025-04-17 05:22:49+00:00,negatif
benar.,2025-04-17 05:22:46+00:00,positif
semoga hukuman tidak kalah degan maling Ayam.,2025-04-17 05:18:49+00:00,negatif
wah . enak dong,2025-04-17 05:17:11+00:00,negatif
kok nangis....[laughwithtears],2025-04-17 05:09:24+00:00,negatif
"klw tidak ketahuan pasti bervoya2 keluar negri liburan sama keluarga lalu selfi2
Hai gayss aku diluar negri😂😂😂",2025-04-17 05:09:23+00:00,negatif
🤣🤣🤣🤣🤣,2025-04-17 05:08:36+00:00,positif
brmbah lgi,2025-04-17 05:07:43+00:00,netral
jangankan para pejabat tinggi..coba para kepala desa d audit lagi dana desa nya..pasti pada kena semua,2025-04-17 05:07:20+00:00,netral
SEMUA ADA....ALASAN UANG NEGARA...AHH...SDH BISAN RAKYAT,2025-04-17 05:05:18+00:00,negatif
"kapan.......negara ini bebas dari koruptor, setiap hari kok Brita koruptor",2025-04-17 05:04:34+00:00,negatif
😂😂akting,2025-04-17 05:03:37+00:00,positif
manusia2 di atas sana berlomba2 untuk menguras uang rakyat bukan mensejahterakan rakyat..!!,2025-04-17 05:02:37+00:00,negatif
🔥Menyala wiiii,2025-04-17 05:02:20+00:00,positif
😳😳😳,2025-04-17 05:01:51+00:00,positif
"pertanyaannya besarnya kenapa DPR penakut banget sah UU mhatheee koruptor dan penyalahgunaan jabatan, sini saya jadi ketua DPR saya sahkan UU tersebut",2025-04-17 05:01:47+00:00,negatif
🤣🤣🤣🤣🤣,2025-04-17 05:01:09+00:00,positif
ganti semua ASN mungkin menjadi solusi?,2025-04-17 05:00:31+00:00,netral
👍👍👍,2025-04-17 04:58:24+00:00,positif
masing masing pejabat nyari cuan karena hukum di NKRI melindungi maling uang negara,2025-04-17 04:57:58+00:00,negatif
"😁 kota besar, kota kecil jug lebih parah",2025-04-17 04:56:43+00:00,netral
ijin apalagih ini korupsi bansos atow uang makan geratis bukan🤭,2025-04-17 04:56:26+00:00,negatif
"semua instansi pemerintah tolong di periksa pak, karena korupsi sudah mnjadi budaya",2025-04-17 04:56:15+00:00,negatif
Menangis karna bukan abah yg jadi 😂😂😂 makanya kena tangkap klean sama wowo siap2 yg lain,2025-04-17 04:53:45+00:00,negatif
kadisnya aman??😂😂😂,2025-04-17 04:53:36+00:00,negatif
"Paham2xlh endingny gmna...
indonesia gtu lho 🥱",2025-04-17 04:50:35+00:00,negatif
Darurat korupsi...!!,2025-04-17 04:50:23+00:00,negatif
itu nangis mikirin istri ke dua nya ganti nomor hp ..🤣,2025-04-17 04:50:06+00:00,negatif
Hukum seberar2nya para Koruptor ini..,2025-04-17 04:49:34+00:00,negatif
entah berapa ribu orang koruptor yg ada di Indonesia...2% yg baru tertangkap,2025-04-17 04:48:06+00:00,negatif
semua kadin periksa disemua daerah..pasti byk yg menyalah gunakan anggaran..punya negara di anggap puny pribadi,2025-04-17 04:47:45+00:00,negatif
😆😆😆😆😆😆,2025-04-17 04:47:13+00:00,positif
berarti tujuan jadi pejabat untuk korupsi?,2025-04-17 04:45:29+00:00,negatif
Euyyyyy,2025-04-17 04:45:28+00:00,negatif
Korupsi lagi korupsi g habis habisnya....,2025-04-17 04:37:00+00:00,negatif
bisa aja lu akting nangis nya kocak,2025-04-17 04:36:26+00:00,netral
😳😳😳,2025-04-17 04:35:32+00:00,positif
lumayan 3tahun tapi ngantongin 75m😄😄pensiun tenang... #UUperampasanasetkoruptor*,2025-04-17 04:34:18+00:00,negatif
😅😅😅😅😅😅,2025-04-17 04:33:59+00:00,positif
kalau mau di tangkapi koruptor banyak sekali. Kepala desa dan Kepala sekolah di periksa 🙏,2025-04-17 04:33:32+00:00,negatif
"weees gae masalaah neeeeeh...
kok eram men",2025-04-17 04:32:36+00:00,negatif
tangis abunawas,2025-04-17 04:32:36+00:00,netral
"Ga apa"" yg penting udh ngalamin Kaya raya...Ra OPO"" di penjara .. cumn 4 tahn...dpt milyaran",2025-04-17 04:32:00+00:00,negatif
😂😂😂,2025-04-17 04:30:26+00:00,positif
"banyak di masing masing daerah itu.. DLH , Perhutani coba aja cek cuma kaga ke ekspos aja",2025-04-17 04:27:15+00:00,netral
"Tumben , banyak yg jadi tersangka😂😂😂
selama ini kemana saja para aparat penegak huium nya,
pasti kasus lama di kuak kembali😂😂😂",2025-04-17 04:27:10+00:00,negatif
Nangis karena kurang banyak dapatnya 😂😂😂,2025-04-17 04:26:55+00:00,negatif
bosan kabar nya kaya gini terus... paling juga 6 bulan di penjara nya... 🤣🤣🤣... contah negara susah maju,2025-04-17 04:26:21+00:00,negatif
koruptor ada dimana mana.buser2nya banyak,2025-04-17 04:25:08+00:00,negatif
nangessss...kmren makan duitnya sambil ketawa2..😅😅,2025-04-17 04:25:06+00:00,negatif
lu nangisin apaan anj,2025-04-17 04:24:37+00:00,netral
tiada hari tanpa korupsi😁😁😁,2025-04-17 04:24:37+00:00,negatif
ayo tangkapi bajingan bajingan,2025-04-17 04:24:28+00:00,netral
"ko nagis Kii lohh,",2025-04-17 04:22:56+00:00,negatif
ada maling lgi ngetop sekali maling di indonesia ini luar biasa,2025-04-17 04:22:42+00:00,netral
"🤣🤣🤣🤣🤣 enak nyaa yang korupsi
nangis air mata buaya 🤣",2025-04-17 04:22:10+00:00,negatif
jngn nangis pak...duit situ udah banyak🤭🤣,2025-04-17 04:22:06+00:00,negatif
smuanya pejabat negara korupsi sdngkn takyat telat bayar pajak aja di uber2,2025-04-17 04:21:28+00:00,negatif
kemarin pas ngitung duitnya ketawa.. sekarang di borgol nangis,2025-04-17 04:20:16+00:00,negatif
😁,2025-04-17 04:19:05+00:00,positif
😭,2025-04-17 04:19:02+00:00,positif
ASN=KORUPTOR,2025-04-17 04:18:10+00:00,negatif
ngak bakal aelesai kasus korupsi gitu2aja,2025-04-17 04:04:59+00:00,negatif
Nangis diatas kekayaan,2025-04-17 04:04:55+00:00,positif
up,2025-04-17 04:04:37+00:00,netral
"Sifat sifat terbiasa duwek enak Indonesian"" mau maju Gimana yaaa wong korup meraja lelah😅",2025-04-17 04:04:24+00:00,negatif
"nangis menyesal ❎ , nangis karena ketahuan ✅",2025-04-17 04:04:13+00:00,netral
Untung kau blm terbit UU sita aset🤭🤭.,2025-04-17 04:03:44+00:00,negatif
pas ketangkep nangis..kmrn pas nerima uangnya cengengesan...🤑,2025-04-17 04:03:11+00:00,negatif
tangisan pura pura itu mah paham saya 😂😂😂,2025-04-17 04:02:15+00:00,positif
Hukum buat koruptor di negara ini harus dibikin lbh kejam biar pd kapok,2025-04-17 04:00:16+00:00,negatif
di sumpah jabatan pakai kitab suci masih aja gitu 🤣,2025-04-17 03:58:43+00:00,netral
bisa bikin sampah gratis sejabodetabek tuh.,2025-04-17 03:55:22+00:00,positif
sita semua aset milik koruptor biar melarat mreka dan keluarganya,2025-04-17 03:54:47+00:00,negatif
"Nangisss gak bisa nyawerrr lagi,,,,😅😅😅",2025-04-17 03:53:59+00:00,netral
🤤🤤🤤,2025-04-17 03:53:55+00:00,positif
pura² nangis ah 😂,2025-04-17 03:53:44+00:00,positif
Air mata Anjayyy 🔥🔥🔥,2025-04-17 03:53:30+00:00,positif
"koruptor enaknya di apain ya biar jera,",2025-04-17 03:52:28+00:00,negatif
"😂😂😂😂luar binasa pak,ternyata bisa nangis jg ya",2025-04-17 03:52:21+00:00,netral
sudah harus di segerakan UU perampasan aset koruptor... indonesia sebagai sudah darurat korupsi..,2025-04-17 03:51:50+00:00,negatif
wihh mantap tidak tanggung tanggung duitnya,2025-04-17 03:50:50+00:00,negatif
mantap ke jaksaan,2025-04-17 03:49:17+00:00,negatif
d tangkap jg mereka happy lah Krn ga ky maling ayam d siksa😂,2025-04-17 03:48:49+00:00,positif
nangis hati senan harta nga di ambil hukuman pun ringan,2025-04-17 03:48:17+00:00,negatif
😂😂😂,2025-04-17 03:47:46+00:00,positif
"jarang sekali kita saksikan penangkapan kasus korupsi jaman jokowi...,",2025-04-17 03:47:33+00:00,negatif
"7 turunan tdk habis"" uang korupsinya. Di tangkap, sidang, hukuman 20 thn, banding, sidang, penetapan hukuman jadi 10/15 thn, remisi di kumpulin, 8/9 thn di hukuman, bebas dan menikmati uang korupsinya",2025-04-17 03:47:20+00:00,negatif
"paling penjara 3 thun terus potong sana sini... jadi 1 thun...
di Indonesia cuma KENTUT YG ANTI KORUPSI..",2025-04-17 03:46:50+00:00,negatif
"enak di Konoha pejabat klw mencuri ttp di hargai, coba klw Konoha kampung Pati babak belur",2025-04-17 03:46:48+00:00,negatif
stecu stecu kluar penjara masih tetep kaya bisa beli Pajero sport istri bisa 3 inilah hukum di Indonesia,2025-04-17 03:36:56+00:00,negatif
"semua lini do korup, mau jd apa bangsa ini",2025-04-17 03:36:21+00:00,negatif
Haa.. haa.. udah ketangkap nangis menyesal,2025-04-17 03:35:37+00:00,negatif
😅😅😅😅,2025-04-17 03:35:11+00:00,positif
Ini saudara nya siapa atau anaknya siapa banggalah kalian,2025-04-17 03:34:51+00:00,positif
y allah y psk2..apa kmu ngk ckup dgn gji/bln pak,2025-04-17 03:34:12+00:00,positif
"Tenang saja pak , Harta anda tidak akan berkurang . Istri dan anak anda akan tetap hidup senang . Tidak akan di Miskinkan nanti tdk adil .😄😄",2025-04-17 03:34:12+00:00,positif
"Makan enak hahahihi lo pak 75,9 M terlepas bagi2 ketangkap nangis harusnya happy spt saat ambil 75,9 itu",2025-04-17 03:34:12+00:00,netral
"Tumben gak pake masker, yang kemarin 3 hakim kok pake masker",2025-04-17 03:34:03+00:00,negatif
baru kali ini liat koruptor nangis biasanya senyum senyum,2025-04-17 03:33:48+00:00,negatif
wayang lakun layar buat buat nangis yer.... pada hal dlm hati ketawa 😂😂😂 nanti dia bayar pulak hakim lepaslah dia itu 😂😂😂😂 wayang negeri Konoha,2025-04-17 03:32:56+00:00,negatif
lecaaaak Mon de iye,2025-04-17 03:32:16+00:00,positif
75M pake nangis 🤣 anj....,2025-04-17 03:32:15+00:00,netral
"gimana perasaan ank istri koruptor
yg hidup enak..dgn uang haram.klo melihat vidio gini",2025-04-17 03:32:07+00:00,negatif
"🤣🤣🤣 tenang pak, koruptor cukup berkelakuan baik, ga lama kok",2025-04-17 03:31:18+00:00,positif
setiap hari berita koruptor bosan dah tpi seribu kli sayang gak di tindak tegas oleh pemerintah yng ada melempem sama maling,2025-04-17 03:30:32+00:00,negatif
meleset kata kabid .....🤣🤣🤣🤣🤣🤣,2025-04-17 03:30:22+00:00,negatif
😂😂😂😂 astaga,2025-04-17 03:30:18+00:00,positif
klas kabid korupsinya puluhan milyard lah bini aku mengabdi pns 20 thn hutang aja masih bececeran 🤔,2025-04-17 03:29:50+00:00,negatif
kacau balau udah hukum hanya buat mainan,2025-04-17 03:29:25+00:00,negatif
yg masih aman tuh para menteri nya,2025-04-17 03:28:53+00:00,positif
nangis tapi kita tidak iba,2025-04-17 03:28:46+00:00,netral
efeknya sampah di tangsel bnyak berserakan dijalan jalan,2025-04-17 03:28:08+00:00,negatif
"air mata buaya, sudah begitu alur ceritanya",2025-04-17 03:27:43+00:00,positif
75M kok nangis🤣.... kalo korupsi 2jt ketangkep baru boleh nangis wak,2025-04-17 03:27:24+00:00,negatif
🤣🤣🤣,2025-04-17 03:27:23+00:00,positif
sudah kenyang,2025-04-17 03:27:22+00:00,positif
nah jadi malu tuh klo dah ke tauwan,2025-04-17 03:27:17+00:00,negatif
Nangis karena kenyang,2025-04-17 03:27:12+00:00,negatif
"semua yg korupsi org pintar...
jadi gmn pingin pintar atau tetap bodoh aja🤣🤣🤣",2025-04-17 03:26:59+00:00,negatif
sisa2 umurnya d penjara,2025-04-17 03:22:33+00:00,negatif
🤣🤣🤣🤣,2025-04-17 03:22:29+00:00,positif
🤣🤣🤣🤣,2025-04-17 03:22:27+00:00,positif
IKN BENTAR LAGI ...,2025-04-17 03:22:13+00:00,negatif
"makan uang , sangar, dan beribawa..
saat di tanya dan di pakaikan baju bagus malah kek anak tk",2025-04-17 03:21:25+00:00,negatif
"apresiasi dari negara
seragam baru
gelang baru
mobil baru
tunjangan makan gratis
kebanggaan k3luarga",2025-04-17 03:21:06+00:00,positif
"Weeeeeer.
........ Nangis Kenapa ????!!!!! 🤭",2025-04-17 03:19:16+00:00,negatif
air mata buaya.. berhati iblis,2025-04-17 03:17:42+00:00,positif
air mata buaya,2025-04-17 03:17:11+00:00,netral
😂😂😂😂,2025-04-17 03:16:27+00:00,positif
"yg receh cepat diproses yg paus ,gajah blom ada disentuh 😂😂😂",2025-04-17 03:15:46+00:00,negatif
"lihat berita isisinya korupsi semuaa, benar2 sdh membudaya.... gimana gak mau disebut indo gelap !!😢",2025-04-17 03:15:42+00:00,negatif
menghabiskan sisa waktu senja di balik jeruji besi yg dingin..miriiiisss demi apa coba?,2025-04-17 03:14:42+00:00,negatif
"Kabid aja 79 m, ngeri Tangsel ya,",2025-04-17 03:14:36+00:00,negatif
apa cuma ini yang harus dibanggakan negeri kita yah,2025-04-17 03:13:46+00:00,positif
serigala berbulu domba,2025-04-17 03:13:43+00:00,netral
gk usah nangislah,2025-04-17 03:12:07+00:00,negatif
kenapa nangis?,2025-04-17 03:11:44+00:00,negatif
mukanya lugu bnget,2025-04-17 03:11:25+00:00,netral
Tangisan bahagia. karena tetep buanyak uang dilapas sampai keluar,2025-04-17 03:10:37+00:00,negatif
dibantu pake rompi ya knpa ga suruh pakai sendiri kan dia koruptor bukan bapak kelen,2025-04-17 03:09:25+00:00,negatif
"75,9M,,kira kira berapa tahun hukumanya,dan kira kira harus mengembalikan atau tidak,,apakah asetnya disita???",2025-04-17 03:09:12+00:00,negatif
banyak proyekkk yang d korupsii ini yg ga setorrrr😅😅😅 coba kalo setorrr biasanya aman... yg di Jawa Barat aja proyek aman padahal cepet rusakkk,2025-04-17 03:08:58+00:00,negatif
"gpp bang,, itung itung diet dipenjara😇",2025-04-17 03:08:21+00:00,negatif
😏😏😏,2025-04-17 03:07:20+00:00,positif
wkk korupsi duitnya pasti ngakak2 bajin**an ini,2025-04-17 03:06:37+00:00,negatif
ya Allah ngk abis abisnya ini koruptor kita lagi pada susah kerja,2025-04-17 03:06:29+00:00,negatif
masuk satu persatu..tapi undang2 nya ng di sah2 kan,2025-04-17 03:06:11+00:00,negatif
"Uuuuh Mau dong😂😂😂
capek cari duit sgtu",2025-04-17 03:06:04+00:00,negatif
ini baru siksa dunia gmn d hakirat,2025-04-17 02:50:42+00:00,positif
nangis karena malu tertangkap aja..kalau ngak ketangkap jogetin aja😂😂,2025-04-17 02:48:42+00:00,negatif
kerugiannya kok gak diungkap???,2025-04-17 02:47:46+00:00,negatif
keluarganya menanggung malu seumur umur,2025-04-17 02:47:25+00:00,negatif
pas nikmati ketawa ketawa😆,2025-04-17 02:46:51+00:00,negatif
nangiss KRNA ga bisa poya poya lgi😁,2025-04-17 02:46:37+00:00,netral
"Tiappp hari Konoha beritany beginian. Kurang apa coba pdhl azan berkumandang 5x sehari, tempat ibadah dimana2, bebas memakai atribut agama, maksiat dikit kena sweeping, makul agama ada sejak SD.",2025-04-17 02:46:13+00:00,negatif
kasian keluarganya kalo di rampas asetnyaa😂😂😂,2025-04-17 02:45:26+00:00,netral
"Sedih memang kalau ketahuan dan ketangkap,,wajaaarr..😂😂😂",2025-04-17 02:44:53+00:00,negatif
kasihan dia jujur dan baik😅😅😅,2025-04-17 02:44:44+00:00,negatif
"Nangis karena sudah gak bisa nambah lagi,nominal korupsinya…",2025-04-17 02:44:42+00:00,negatif
😂😂,2025-04-17 02:44:30+00:00,positif
kenyang nangis...ancaman penjara cmn 2 thn adem dah 79m,2025-04-17 02:43:34+00:00,negatif
tradisi 😇,2025-04-17 02:43:14+00:00,positif
"waktu nerima uang tertawa terbahak""",2025-04-17 02:43:11+00:00,negatif
panjangkanlah umurnya dalam penjara,2025-04-17 02:42:40+00:00,negatif
😂😂😂,2025-04-17 02:42:18+00:00,positif
pak mkn lh yg halal..toh duit tak dibawa mati.,2025-04-17 02:41:48+00:00,negatif
kok ngk di kasi salam olahraga???,2025-04-17 02:41:40+00:00,negatif
nangis teringat masa kecil lagi diantar sekolah sama. ibunya,2025-04-17 02:40:42+00:00,negatif
innalillahi wainnailaihi Raji'un,2025-04-17 02:40:31+00:00,negatif
kok menangis? istri anak kan LG kenyang di rmh? dia sedih ga makan hotel bintang 5. ya,2025-04-17 02:40:17+00:00,negatif
"DAERAH TANGGERANG+JAKARTA DAN SEKITARNYA
KENAPA BANYAK TERJADI KEMACETAN,YA KARENA UANG NEGARA BANYAK DIBELANJAKAN KENDARAAN HASIL KORUP😎",2025-04-17 02:40:00+00:00,negatif
nangis nii yee 😅,2025-04-17 02:39:41+00:00,netral
waduhh,2025-04-17 02:38:37+00:00,negatif
baju idaman para pemimpin d negara kita,2025-04-17 02:38:10+00:00,positif
😂😂😂,2025-04-17 02:36:54+00:00,positif
air mata buaya 😅😅,2025-04-17 02:36:17+00:00,positif
keabisan rompi apa itu kejaksaan buat kasih k maling😂😂😂,2025-04-17 02:22:56+00:00,negatif
"kok makin hari cuman kejaksaan yg nagkep2 maling, KPK kmna.?",2025-04-17 02:21:12+00:00,negatif
wow,2025-04-17 02:19:45+00:00,positif
Alah🗿,2025-04-17 02:19:18+00:00,positif
gemuk dan sehat yah 🤣😂😅,2025-04-17 02:15:33+00:00,positif
75 m,2025-04-19 15:53:37+00:00,netral
lol,2025-04-21 08:09:01+00:00,netral
makan duitnya ga nangis 😳,2025-04-19 06:25:12+00:00,netral
ngapain nangis pak. 75 miliar itu banyak,2025-04-19 08:48:03+00:00,negatif
"pantasan duit negara defisit terusss,menteri keuangan harus di audit",2025-04-19 15:09:59+00:00,negatif
"kalau semua gubernur ketat kayak KDM,mereka oknum sulit bergerak main anggaran",2025-04-19 04:55:21+00:00,negatif
tangis gembira hukuman ringan dan duit menunggu saat bebas,2025-04-19 13:54:36+00:00,negatif
apa yg buat dia menangiss😅😏,2025-04-19 07:38:22+00:00,positif
kirim nasgor om kasian bapak itu blm makan🤣,2025-04-19 14:03:29+00:00,negatif
ngapain sedih nangis tenang di indo cuma di penjara 20th,2025-04-19 13:20:09+00:00,negatif
Bongkar uang di kemana sja,2025-04-19 15:18:36+00:00,negatif
masa cm yg model gt yg di t4ngk4p😂😂😂,2025-04-19 16:28:35+00:00,positif
"nangisnya karena ketauan
coba ngak ketauan dia akan selalu tersenyum",2025-04-19 13:40:30+00:00,netral
kadis sekdis sekjen kabid kasi kasubag dan jajaranya.. gimna cuman kepala bidang kadis nya ga ada. 😁,2025-04-19 17:03:26+00:00,positif
kog nangis....akting ya,2025-04-20 10:33:26+00:00,netral
giliran udh dapat duit cegah cegir. pas di tangkap kayak sayur 😅😅🙏🙏🙏,2025-04-19 14:41:30+00:00,negatif
lagu lama,2025-04-19 16:21:37+00:00,positif
air mata buaya,2025-04-22 12:42:38+00:00,netral
😂😂😂😂😂😂 air mata duyung atau buaya,2025-04-20 14:33:16+00:00,netral
"kemarin ketawa dan bangga banyak duit,,",2025-04-19 14:36:10+00:00,negatif
Air mata buaya 😅,2025-04-21 12:09:58+00:00,positif
mungkin dia terjebak,2025-04-21 05:43:43+00:00,negatif
yg disedihkan uang udah dikumpul bininya yg pakai buat kawin lagi,2025-04-19 17:20:43+00:00,negatif
ngitung duit nya ketawa2 giliran d pakein baju Baru nangis anak kecil aja punya baju Baru senang 🤣🤣,2025-04-19 17:27:26+00:00,netral
🤣🤣🤣🤣🤣🤣🤣🤣🤣🤣🤣🤣🤣🤣🤣🤣🤣🤣🤣🤣 kok nangis takut hilang ya duit ya,2025-04-19 13:46:49+00:00,negatif
pa kabid lg main sinetron 😂,2025-04-19 14:03:22+00:00,positif
Ahhahaha syukurin deehh sebutin temen” nya jngan mau sendirian,2025-04-21 06:12:24+00:00,negatif
cm di indonesia sampai sampah saja dikorupsi...,2025-04-19 14:43:44+00:00,negatif
🤣🤣🤣🤣 air mata buaya 🤣🤣🤣,2025-04-20 01:16:08+00:00,positif
kocak 😂😂😂,2025-04-20 12:05:32+00:00,netral
jangan nangis pak kan udah kenyang sama duit banyak saya kerja Dari kecil jungkir balik tidak punya duit 1M,2025-04-22 04:10:06+00:00,negatif
"Mntaaaap bngt Pak bnyk uang 75,9 miliar bagi dikit pak buat byr hutang
😅😅😅😅😅",2025-04-23 12:29:12+00:00,negatif
"da pake baju orange, nangiss, kmariinn cengar crngir, tangisann ga menjdikann ibaa",2025-04-27 03:43:15+00:00,negatif
tunjukkan bapak tdk salah pas persidangan..,2025-04-19 11:17:09+00:00,negatif
"tenang aja pak nanti juga bebas, kasian lah anak istri nya kalo dia di tahan
cuma 75 M ini😅",2025-04-19 04:59:39+00:00,negatif
paling juga di tahan 6 taun,2025-04-29 01:33:59+00:00,negatif
"cuma tangis palsu,dalam hati tertawa karna tdk adanya hukum perampasan aset",2025-04-20 12:52:00+00:00,negatif
mkanya bgi2 yg rata biar ga ketangkep🤣🤣🤣🤣,2025-04-29 04:49:05+00:00,netral
nangisin apa kocak 🗿,2025-04-27 03:37:46+00:00,netral
kok nangis?? membingungkan msyrkt,2025-04-19 10:14:09+00:00,negatif
oh jadi dia orang nya gue gak kenal jadi kenal sekarang sama ini orang,2025-04-21 12:09:25+00:00,negatif
😂😂pejabat Indonesia sampai pun di makan ampun dahh,2025-04-21 06:59:39+00:00,negatif
air mata buaya,2025-04-19 16:44:35+00:00,netral
kn udah kenyang PK ngapain nagis.,2025-04-19 17:25:23+00:00,negatif
air mata buaya....,2025-04-22 01:24:40+00:00,netral
waktu pegang uang ga nangis,2025-04-19 14:28:07+00:00,netral
dasar manusia rakus,2025-04-20 02:01:23+00:00,negatif
air mata kadal,2025-04-20 02:07:58+00:00,netral
"anak istrimu pasti ketawa di rumah bang,kan duitmu masih banyak😁",2025-04-19 17:15:45+00:00,netral
kurang ya pak....,2025-04-19 17:09:02+00:00,netral
astaghfirullah aladzim 🥺,2025-04-21 04:37:59+00:00,positif
air mata palsu 😂,2025-04-21 08:11:56+00:00,netral
"kasihan si LC nya,, boss nya ketamvkep",2025-04-19 14:32:54+00:00,negatif
"pas cair ketawa ketiwi, giliran ketangkep mewek",2025-04-19 16:21:37+00:00,negatif
terharu beliau ketika menerima rompi pink yang di dambakan sejak lama..👍,2025-04-19 16:14:15+00:00,negatif
maliiing bnyak drama kluarga ya punya malu ga makan uang rakyat,2025-04-19 14:49:16+00:00,negatif
da korup di ksi baju baru lgi,2025-04-20 03:16:00+00:00,negatif
apa yg kau tuai skg jadi tangisan penyesalan.,2025-04-19 18:45:49+00:00,positif
"kenapa nangis kau bang , mikirin selingkuhan ya",2025-04-20 05:53:04+00:00,negatif
"ga usah nangis,,, Nikmatin aj,, makan duit sebanyak itu",2025-04-22 14:22:11+00:00,negatif
"bahagia sekali nih bapak...
sampai terharu saya... 🥰",2025-04-21 03:53:46+00:00,positif
"kenapa harus nangis brader, ini baru hukum dunia, belum hukum akhirat bro",2025-04-20 01:47:17+00:00,negatif
"gak mungkin hanya dia sendiri makan uangnya diakan ada atasan,,, atasnya ada atasan lagi",2025-04-19 15:04:15+00:00,negatif
knp menangis pk,2025-04-20 03:34:35+00:00,negatif
"dia gak nyangka KPK begitu perhatian, sampai kasih rompi almamater",2025-04-19 16:55:16+00:00,negatif
anak buah Airin 🤣,2025-04-19 17:20:39+00:00,positif
Hehehee...makan duitnye happy aja tuh..pas di tangkap nangis,2025-04-19 14:16:24+00:00,netral
sedih dah ketauan. masih bisa drama😂,2025-04-19 14:53:21+00:00,netral
kasian donk sama keluarga mu,2025-04-21 11:00:18+00:00,netral
mewek oge nya,2025-04-19 14:23:06+00:00,netral
Orang yg sekarang menangis... dulu pernah tertawa,2025-04-21 05:04:08+00:00,negatif
ala kok nangis lebai apa nangis bahagia kan nanti di jagaiin makan di antar tidur di jaga mantap la pokoke,2025-04-20 01:23:30+00:00,netral
giliran dpt duitnye aje lu ketawa tawa,2025-04-19 17:07:13+00:00,netral
kenapa kok nangis pak,2025-04-20 05:33:36+00:00,netral
"terlepas dri korupsi yg dia lakukan, atasannya pasti dpt jga itu",2025-04-21 14:37:27+00:00,negatif
enak ya pak....🤣🤣🤣🤣🤣,2025-04-20 10:51:45+00:00,netral
wkwkwkw ah,2025-04-20 10:12:39+00:00,positif
terharu,2025-04-19 16:40:41+00:00,netral
air mata sigung,2025-04-20 11:10:14+00:00,netral
paling tidak reaksinya mengundang iba,2025-04-21 07:09:07+00:00,negatif
"pura2 itu
udah kenyang soalnya",2025-04-19 16:52:46+00:00,negatif
kenyang kenyang,2025-04-19 14:34:52+00:00,netral
itu namgis ke bahagian...sdh banyak makan uang nya baru ketangkep ☺️☺️☺️,2025-04-21 09:50:24+00:00,negatif
itu sih tangis bahagia soal nya hukuman nya paling cuma setahun,2025-04-19 17:27:27+00:00,negatif
cep cep cep jgn diem 😂,2025-04-19 16:37:33+00:00,positif
"kasihan,, dia perlu cari nafkah buat keluarga😁",2025-04-19 14:24:07+00:00,negatif
kemaren gimana jalan pikiranmu?,2025-04-20 02:26:09+00:00,negatif
knpa harus sedih bos kalau emang gk salah anda pasti gk di tahan,2025-04-19 14:07:12+00:00,negatif
"tangis palsuu,,, 🤣🤣🤣",2025-04-21 08:22:19+00:00,netral
"segampang itu tangisnya,lha kmarin2 kmn slma perbuatsnnya lom trbobgkar",2025-04-21 03:56:38+00:00,negatif
terima transferannya gak nangis...pas ttd gak nangis...ditangkep ko nangis...,2025-04-20 13:16:07+00:00,negatif
kasihan anak istrinya nanti makan apa,2025-04-22 14:48:39+00:00,negatif
ngasih anak bini pd ketawa tawa,2025-04-24 12:15:50+00:00,netral
lah kok nangis KA udah dapet uang banyak,2025-04-20 20:00:27+00:00,negatif
jngn nangis pa kan dah kenyang trus duit nya masih bnyk blm.abis 🤣😂😅,2025-04-19 12:59:18+00:00,negatif
kenapa org yg ketangkap maling duit sllu pasang wajah sedih ???,2025-04-20 15:19:48+00:00,negatif
Ngapa yg kasus beginian muka y sllu mulus kga lebam2 baju rapi 😝😝😝,2025-04-20 16:07:42+00:00,negatif
waktu pke dwitny aj Bahagia dan Gaya gayaan.giliran di tngkap pura2 mewek.dah Telat meweknya.,2025-04-20 15:02:13+00:00,negatif
cerita aja pa apa yg terjadi sebenarnya. ga mungkin dana segitu anda main sendiri.,2025-04-20 11:00:47+00:00,negatif
orang2 begini yang anak istrinya di kasihani oleh pak prabowo,2025-04-21 13:22:52+00:00,negatif
"ya elah pake nangis,,, makan duit nya kaga nangis",2025-04-21 13:18:21+00:00,negatif
"anda sdh puas kan makan uangnyaa,kenapa nangis,🤣🤣🤣",2025-04-20 11:26:06+00:00,netral
"waktu nimakmati duitnya ketawa""happy sekarang nanggis",2025-04-20 12:13:29+00:00,negatif
Dih nangisssss gimaneee itu nangisss mula nye pegimaneee nangissss,2025-04-21 12:08:24+00:00,negatif
Kog baru sadar sekarang,2025-04-21 04:11:18+00:00,positif
nangis Krn kurang banyak😅😆,2025-04-25 11:08:11+00:00,negatif
#ENAK YA OM,2025-04-20 02:59:51+00:00,negatif
kenapa nangis woy,2025-04-19 15:08:39+00:00,netral
ko nangis,2025-04-19 14:11:17+00:00,netral
kurang bamyak ya??,2025-04-19 16:17:14+00:00,negatif
ini tangis bahagia..,2025-04-20 03:21:23+00:00,positif
misal udah ketangkep nangiss gmna rasa rakyat 🥺,2025-04-20 01:38:20+00:00,netral
"knaapa nangis pak?? pas menikmati uangnyaa ,bpk dan kel, bahagiaaa kann...??",2025-04-20 05:39:44+00:00,negatif
pasti nangis seneng mau pindah rmh 😁🤣,2025-04-19 14:41:16+00:00,negatif
Air mata buaya,2025-04-20 04:32:17+00:00,netral
knp sedih 😁😁 giliran dpt duit tawa,2025-04-19 14:24:35+00:00,netral
baru sadar klw rompi nya warna pink☺️,2025-04-19 14:36:06+00:00,netral
"Wah sehat trus bapak, duit banyak, tidur di kawal,",2025-04-19 14:30:01+00:00,positif
sia koplok Naha leweh😂,2025-04-19 17:24:54+00:00,negatif
kl g ketahuan g nbgis,2025-04-19 14:45:16+00:00,negatif
biasanya orang begini ntuh dulu pasti bahagia ya,2025-04-19 14:52:03+00:00,netral
apa cuma dia aja?,2025-04-19 14:24:52+00:00,netral
air mata buaya.. 😂,2025-04-20 01:43:51+00:00,positif
"gak usah nangis
duitmu okeh",2025-04-19 14:41:00+00:00,netral
Tangisan paLsu ...,2025-04-19 14:48:42+00:00,netral
dah ketangkep nangis...palsu,2025-04-21 01:54:46+00:00,negatif
lagi akting😁😁😁😁😁😁😁😁,2025-04-19 14:29:26+00:00,positif
"tenang aja pak gak usah pake nangis, kaya anak kecil aja",2025-04-19 14:41:56+00:00,netral
fungsi nya nangis apanya......🤔🤔🤔,2025-04-22 12:02:17+00:00,positif
sudah ketahuan baru nangis...coba KLO ngga terbongkar,2025-04-19 14:52:19+00:00,negatif
"Gw Nangis krn akn kehilangan enong""yg br di peliharanya😏😁",2025-04-20 10:18:37+00:00,negatif
mewekk jg lho,2025-04-21 07:39:46+00:00,netral
lah...kok nangis sih... 😅,2025-04-20 14:27:54+00:00,negatif
kok nangis ommm,2025-04-21 11:36:02+00:00,netral
"buka aja ..kamu bagi2 sama siapa, jangan km tanggung sendiri..",2025-04-19 11:25:21+00:00,negatif
exteng,2025-04-25 15:24:48+00:00,netral
ITF GAK JALAN ANGGARAN MILYARAN 😅,2025-04-21 04:05:09+00:00,netral
Cemen 😡,2025-04-20 16:49:46+00:00,positif
terharu itu,2025-04-21 03:21:47+00:00,netral
org gini bisa nangis😂😂😂😂,2025-04-19 11:01:24+00:00,positif
VIRALKAN,2025-04-22 12:53:32+00:00,negatif
karena tersangka menangis dan menyesali hukuman diringankan jadi 2.5th potong tahanan 8bulan🤣🤣🤣,2025-04-20 04:51:57+00:00,negatif
sehat2 Pak Ya,2025-04-19 14:46:52+00:00,positif
ngapain nanggis. kan udah makan duit. masih kurang emang,2025-04-20 01:53:00+00:00,negatif
menangis karena ketauan nilep duit😭,2025-04-20 01:55:49+00:00,negatif
air mata buaya😁,2025-04-21 07:42:47+00:00,positif
waktu lihat duit banyak enggak nangis tu,2025-04-19 15:30:26+00:00,negatif
mesti keluarga bapak ini bangah,2025-04-19 14:29:45+00:00,netral
Waaah...,2025-04-19 22:28:14+00:00,negatif
dpt duitnya senyum2.begitu ketangkap mewek2 😂😂😂,2025-04-20 04:16:01+00:00,negatif
😂😂😂😂lucu,2025-04-19 15:22:56+00:00,positif
😂 mantap,2025-04-19 14:10:24+00:00,positif
saya juga mau nangis...kalau dpt duit 79M...🤪🤪🤪,2025-04-19 14:25:02+00:00,negatif
lapang... 👍👍👍 sandiwara nya 😂😂😂,2025-04-19 22:49:34+00:00,positif
menyala abangku 🔥🔥🔥👍👍👍,2025-04-19 17:01:53+00:00,netral
yaalloh,2025-04-19 14:28:15+00:00,negatif
kok nagis pak bahahiahdong uwang dapatkan😄😄😄😄😃😄😁😁😁😆😆😅😅😅😅😅😅,2025-04-20 02:34:55+00:00,negatif
kagak kaget,2025-04-20 03:33:27+00:00,negatif
air mata buaya,2025-04-20 02:50:01+00:00,netral
kenapa harus nangis.oh.duit nya belum habis kali keburu ketangkap,2025-04-20 03:03:42+00:00,negatif
lagu lama itu mah😂😂😂,2025-04-20 07:10:31+00:00,positif
pasti bulang saya jadi korban atasanya,2025-04-20 05:32:02+00:00,positif
"enak itu dpt rmh batu Gratis,,mkn gratis,,",2025-04-20 03:15:06+00:00,negatif
air mata kepalsuan 🤣,2025-04-30 06:07:40+00:00,positif
bisa nangis juga,2025-04-20 10:56:43+00:00,positif
ko mewek?,2025-04-20 10:37:09+00:00,negatif
"Skrg terlalu banyak aturan makanya gak jalan pemerintahan karena ketika ambil tindakan, banyak salahnya 😂😂",2025-04-20 03:32:31+00:00,negatif
jangan nangislah,2025-04-20 03:20:20+00:00,positif
ajaib rompinya... bs bikin org terharu,2025-04-19 14:49:31+00:00,negatif
"santai pak, anggap aja bapa pergi merantau setahun dengan gaji milyaran. toh keluarga masih bisa jemput dan ada potongan hukuman",2025-04-19 17:35:22+00:00,netral
wajahnya seperti bukan koruptor... jgn2 ini korban atasan,2025-04-19 14:30:00+00:00,negatif
air mata buaya,2025-04-19 18:50:15+00:00,netral
mewek,2025-04-19 23:28:40+00:00,netral
kasihan anak istrinya............ sorry ye🤣🤣🤣🤣🤣,2025-04-20 00:51:04+00:00,negatif
kabid hebat ngelola puluhan miliar diembat lagi,2025-04-19 14:13:34+00:00,negatif
halaaahh 😏,2025-04-19 22:46:18+00:00,negatif
"apresiasi negara utk nya
baju baru
gelang baru
mobil baru + supir
+",2025-04-19 14:21:09+00:00,positif
tangisan tak berarti,2025-04-19 14:13:59+00:00,negatif
nangisin istrinya mungkin mo nikah lagi,2025-04-20 02:09:56+00:00,netral
klo rumpi pink itu tahanan pidana khusus Kejakgung,2025-04-19 14:13:05+00:00,netral
😂😂😂 Konoha KLO gax ada perampasan aset ginii sampah aja di korup apa lagi yg biasa aja,2025-04-19 14:12:07+00:00,negatif
Tangisan buaya,2025-04-19 14:26:39+00:00,positif
sdh kenyang ini,2025-04-19 14:06:32+00:00,positif
"Indonesia pejabatnya BYK koropsii ,bila nak makmur ,kemiskinan meningkat apa apa mahal,yg kaya makin kaya koropsi semakin byk",2025-04-20 00:12:15+00:00,negatif
para pejabat konoha 😁,2025-04-19 14:37:33+00:00,positif
"bahagia berujung duka,uang byk tak berguna itu baru dunia boos.",2025-04-20 15:29:41+00:00,negatif
selamat bos..,2025-04-19 14:44:31+00:00,negatif
biasanya ada yg nyuruh.. atasannya mungkin,2025-04-19 14:58:42+00:00,netral
"nagis itu exting aja itu,mkin dia bilang aku udah kya,",2025-04-19 16:02:05+00:00,negatif
"mahal banget itu rompi orange sampai 75,9M",2025-04-19 15:22:35+00:00,negatif
tetap lestarikan budaya konoha... 🤭🤭,2025-04-19 15:27:17+00:00,positif
pemaen senetron,2025-04-19 15:24:22+00:00,positif
gji kami dg UMR pak....kami siap mggantikn dn bkrja lbih mlyani dr mrka..,2025-04-21 02:17:06+00:00,negatif
Lagi pegang uangnya nangis ga pak..? 🤭,2025-04-19 05:16:53+00:00,negatif
"Tenang aja
Anak Istri dijamin oleh Presiden RI",2025-04-19 05:03:51+00:00,positif
tangisanmu tak sesedih tangisan rakyat 👍,2025-04-19 14:38:12+00:00,positif
lebay,2025-04-21 09:42:05+00:00,netral
po nangis ada yg lain ya😂😂😂,2025-04-19 16:56:29+00:00,netral
joh malah nangis,2025-04-19 19:10:30+00:00,negatif
hhh kasian,2025-04-19 17:55:40+00:00,netral
terlambat nangis nya woy,2025-04-19 15:12:37+00:00,negatif
Cemen bgt aj Cengeng,2025-04-20 14:19:00+00:00,netral
"pake nangis segala, muna lu",2025-04-20 01:05:27+00:00,positif
bahagia diatas penderitaan org banyak,2025-04-19 15:10:05+00:00,positif
makanya jadi orang tuh harus jujur,2025-04-19 16:24:22+00:00,netral
assiik istrinya kawin lagi,2025-04-19 16:01:38+00:00,positif
di tangkap nangis waktu nikmati uang nya senang...lucu ya,2025-04-19 16:16:35+00:00,negatif
ngapain kau nangis tuan kn udh kenyang tujuh turuanan itu uang kau nikmati dgn klrgmu,2025-04-19 16:54:37+00:00,negatif
"nangis kegirangan,punya duit banyak",2025-04-19 16:27:43+00:00,positif
"tangis bahagia
karena menempuh hidup baru 😁😁🤭😂",2025-04-19 16:08:38+00:00,positif
haaaaaa kurang ajar,2025-04-19 16:03:08+00:00,negatif
mantafffd,2025-04-19 14:02:34+00:00,positif
dapat uang tertawa giliran d tangkap menagis,2025-04-19 14:48:14+00:00,negatif
"Dia pikir dapat duit korupsi,sama dengan dapat duit togel.",2025-04-19 17:03:00+00:00,negatif
jgn nangis pak..mending bp ketawa aj sesuai waktu menikmati uang itu,2025-04-19 14:50:18+00:00,negatif
Nangis bahagia tlh berhasil memakan uang rakyat puluhan M,2025-04-19 14:07:31+00:00,positif
nangis mu drama pak,2025-04-19 14:13:52+00:00,netral
👍👍🤣👍,2025-04-23 09:23:38+00:00,positif
🤣🤣🤣,2025-04-19 14:30:50+00:00,positif
😂😂😂,2025-04-19 17:50:25+00:00,positif
😂😂😂😂,2025-04-19 17:35:40+00:00,positif
😂😂😂,2025-04-20 05:09:48+00:00,positif
😁😁😁😁😁😁😁😁,2025-04-20 07:13:43+00:00,positif
😂😂😂,2025-04-19 17:07:25+00:00,positif
😁,2025-04-19 16:16:20+00:00,positif
😃😃😃😃😃,2025-04-21 08:03:01+00:00,positif
🤡🤡,2025-04-19 15:29:08+00:00,positif
🤣,2025-04-29 14:22:48+00:00,positif
😃😀😀,2025-04-19 14:43:32+00:00,positif
@putri @Ayankaje,2025-04-21 06:25:56+00:00,positif
😁,2025-04-20 03:27:19+00:00,positif
🤣,2025-04-19 23:32:52+00:00,positif
😁😁😁,2025-04-21 03:12:23+00:00,positif
mak ngeri di bidang sampah pun korupsi..konoha konoha🤣🤣🤣,2025-04-20 12:12:25+00:00,negatif
"yg enak mah bininya.
menikmati duitnya tapi tidak dihukum",2025-04-19 15:02:44+00:00,netral
mengkek ya wak,2025-04-21 15:45:55+00:00,netral
lari ke hiburan malam uang nya 🤣🤣,2025-04-22 05:38:02+00:00,negatif
"dia nangis ada maksud nya kawan
di penjara..uang nya istri nya yg nikmati.bisa2 kawin lagi istri nya.itu yg dia pikir kan🤣🤣🤣🤣",2025-04-21 03:56:09+00:00,negatif
"kalau sudah memaki baju merah sm gelang putih nangis waktu belum ketahuan senang,makai uang,nikmati sekrg di ruang tahanan,",2025-04-19 16:46:32+00:00,negatif
kenapa NANGIS?? Cemen dong..saat memakai uang itu...BAHAGIA bukan??,2025-04-19 20:17:10+00:00,negatif
"Kenapa menangis,belum dapat hasil banyak,trus ketahuan gituya...😭😭😭",2025-04-22 12:10:52+00:00,negatif
udeh ketangkep aje mewek daaah..negara konohaaa,2025-04-21 05:57:42+00:00,negatif
nggak boleh nangis dong..ayo senyum..😂,2025-04-22 13:58:28+00:00,netral
mewek gak kaya lagi nikmatinya cengegesan.harus nya mewek itu di kasih kepercayaan😂😂😂😂,2025-04-21 07:59:33+00:00,negatif
Bapak Maling anggaran DLH belum lagi tiap RT di minta 5000 rupiah per rumah,2025-04-19 06:07:23+00:00,negatif
"😅😅😅ROK...MANAA...ROOKKKK😅😅😅....
UDH GENE BR MEWEEKKKK😭😭😭HUFT",2025-04-19 13:46:06+00:00,netral
"𝚜𝚊𝚗𝚝𝚊𝚒 𝚜𝚓 𝚙𝚊𝚔 𝚖𝚎𝚗𝚓𝚊𝚕𝚊𝚗𝚒 𝚗𝚢𝚊, 75,6 𝙼 𝚒𝚝 𝚔𝚊𝚗 𝚋𝚒𝚜𝚊 𝚋𝚞𝚊𝚝 𝚋𝚎𝚕𝚒 𝚏𝚊𝚜𝚒𝚕𝚒𝚝𝚊𝚜 𝚍 𝚙𝚎𝚗𝚓𝚊𝚛𝚊.... 😂😂😂",2025-04-19 06:19:14+00:00,positif
"mestinya nangis pada waktu mau korupsi, bukan skrg. klo nangis skrg gak ada gunanya kagi, dikirain org main sinetron 😅😂🤣",2025-04-20 15:28:53+00:00,negatif
gede badan doang tapi cengeng..waktu melakukan ketawa tawa 😀😀,2025-04-19 05:54:26+00:00,netral
nggak usah nangis pak..malu udah tua...,2025-04-19 13:37:49+00:00,negatif
tangisan bahagia,2025-04-20 08:13:41+00:00,positif
"anj nhe orang,,",2025-04-21 08:06:27+00:00,negatif
🐀 nya nanggis.,2025-04-20 08:56:15+00:00,positif
waktu korupsi gk nangis modus😂😂😂😂😂🤣,2025-04-21 08:15:36+00:00,negatif
tangisan tai ucing,2025-04-22 16:47:18+00:00,negatif
"makan enak seneng gk nangis lu ,beli mobil mewah ketawa, dasar manusia serakah",2025-04-20 10:23:01+00:00,netral
koruptor jauh lebih ganas dibanding narkoba.... teroris bahkan pembunuhan....dampak korupsi merata keseluruh negri...bahkan dampak buruk bagi masa depan dan kelangsungan sebuah bangsa....,2025-04-20 10:28:21+00:00,negatif
"ada sebab ada akibat, apa yg kmu tabur itu yg kmu tuai... Jd jgn nangis, malu sm jabatan dan badan pak...",2025-04-21 10:06:19+00:00,negatif
"waktu nyuri bangga pamer harta.
di tangkep nangis.
ai mata buaya nama nya 😂😂😂",2025-04-20 12:42:09+00:00,negatif
"kayak ank kecil,pake nangis segala...tertangkap korupsi nangis...kalau ngk ketangkap...hapy2 bawa cwek n dugem....dasar",2025-04-20 11:21:26+00:00,negatif
"""intinya kerja itu tiap tahun habisin anggarn,oleh para maling korupsi uang rakyat.di intansi dinas sosial pengkhianat kerja maling korupsi yg kebal hukum,jabatan naik jadi maling di kab Kutai timur""",2025-04-21 10:08:15+00:00,negatif
dia menangis Krn lupa blm buang sampah,2025-04-20 11:27:53+00:00,negatif
"nangis karena takut gendaknya di ambil orang,,",2025-04-19 14:49:31+00:00,negatif
🤣🤣😆,2025-04-20 02:19:41+00:00,positif
Waktu dapat duit ketawa gedek sampai terkencing kecing setelah ketangkap menangis pengecut,2025-04-22 18:48:45+00:00,netral
kok ngga kedengeran pak ...kaya pak Hasto dong nangisnya 😜😜😜,2025-04-20 08:08:52+00:00,negatif
PUNYA DUIT SEGITU BISA BUAT 7 TURUNAN ITU,2025-04-21 03:45:56+00:00,netral
"🙏😇✨gk usah nangis,penjara enak kok..mkn,tidur.putih pula",2025-04-20 02:46:25+00:00,negatif
monyet monyet tukang korupsi uang rakyat,2025-04-23 13:02:04+00:00,negatif
kenalu makan lu,2025-04-21 03:35:56+00:00,netral
"anda mnangis karna dah ke tangkap kan kmna aja sblom ktangkpa ktawa2 heppy uang bnyak kocak,,, jgn prcaya dngn air mata biyawak😅😅😅😅😅",2025-04-20 02:40:27+00:00,negatif
"udh tau perbuatan nya melanggar hukum msh nekad lakukan korupsi, udh ketangkep bru nyesel mewek. klau mau kaya yg benar jdi pengusaha, bkn korupsi uang rakyat🤣🤣",2025-04-19 14:11:35+00:00,negatif
matak ge ulah kabita ku duit haram. kecuali ngahiji jeung pejabat2 di luhur kakarak aman,2025-04-21 03:32:54+00:00,negatif
jgn nangis lagi Nerima duitnya kan seneng,2025-04-19 14:10:51+00:00,negatif
saat ngorupsi foya foya..knp klau tertangkap..mewek..,2025-04-20 02:24:49+00:00,negatif
mewek biar di hukum 6 bulan ya 🤣🤣🤣🤣,2025-04-21 15:15:48+00:00,negatif
aahh ketangkep aja mewek...klau aman ketawa2 kayak kagak ada dosa,2025-04-20 02:11:42+00:00,negatif
"tolong dong bilangin ke pa prabowo,, kasian anak istrinya masa harus ikut menderita gara² bapaknya tertangkap korupsi.☹",2025-04-21 03:16:54+00:00,negatif
sandiwara doang itu nangisnya,2025-04-19 14:13:58+00:00,netral
malu woyyy. . masih aj mkan duit haram😂 dunia akhirat😇😉🤗,2025-04-29 12:22:01+00:00,negatif
akhir kata pasti bahasa dia terzolimin,2025-04-19 14:18:12+00:00,netral
waktu korup gh mikirin nanti kalo ketangkap sekarang mewek 🤪🤪,2025-04-20 03:01:33+00:00,negatif
koruptor di mana mana.. hukuman terlalu ringan...,2025-04-19 14:16:06+00:00,negatif
"😂😂😂 giliran ditangkap nangiss
pas lagi nikmati uangnya semua lupa😁",2025-04-19 14:14:38+00:00,negatif
"G usah nangis om ,keluar di penjara duit banyak menang banyak 😂😂",2025-04-19 14:14:08+00:00,negatif
rakuss.,2025-04-19 14:13:28+00:00,negatif
waktu ngambil uang ketawa trs setelah ketahuan nyaho,2025-04-19 14:13:26+00:00,negatif
habis makan duit enak trs Nangisss wkwkwkwkwkk,2025-04-23 18:51:41+00:00,negatif
enak bgt habis makan duit 75 m nangis🤣🤣,2025-04-20 02:11:02+00:00,negatif
"kok tidak jantan nangis, sdh dapa uang sekian milyard sampai bdan kelebihan berat badan krna byk mkan dari hasil sampah , sampah barang sdh dibuang di korupsi, hadp hukum scra jantan juga",2025-04-21 14:08:57+00:00,negatif
tinggal menunggu keadilan...jangan sampai hukum tajam kebawah tapi tumpul ke atas,2025-04-20 03:11:58+00:00,negatif
"ngapain nangis ,lg banyak duit suka gk inget dosa",2025-04-21 03:02:33+00:00,negatif
tenang paman aku dibelakangmu jauh jauh dibelakangmu😁,2025-04-19 14:06:01+00:00,netral
bakal tayang azab memakan duit s a m pah 😆,2025-04-19 14:03:19+00:00,negatif
tangisan kurang banyak korupsinya keburu ketahuan pantas waktu menjabat lurah di pisangan ciputat timur ga pernah maju ternyata memang sudah tabiat nya ni orang memang sudah bobrok,2025-04-19 14:23:25+00:00,negatif
giliran jadi tersangka mewek ..,2025-04-21 13:57:13+00:00,negatif
raimu. duit kou mkn dg anak istrimu...skrg kou pura pura menangis,2025-04-21 02:03:11+00:00,negatif
nangis pak waktu korup GK nangis pasti ngakak.muntah loe akhirnya,2025-04-21 01:13:03+00:00,negatif
"75 M gilaaaa bener,nanti cuma ke penjara 6 tahun...senggol sana senggol sini kena cuma 3 thn. sdh g aneh hukum di indonesia.",2025-04-20 15:06:22+00:00,negatif
"klu dah k tangkap nangis,dia lupa ud foya foya pakai uang haram",2025-04-20 01:17:54+00:00,negatif
tenang mas kan tabugan bayak buat kluarga amn pas sampean di hukum😁,2025-04-20 01:17:24+00:00,netral
75M di bagi sana sini masih 25M !! di hukum 10tahun remisi 5 tahun !! untung 25M njiiir,2025-04-20 01:12:14+00:00,negatif
Nangis uangnya sudah habis 😅,2025-04-20 16:51:50+00:00,negatif
Makan dwit korupsi diem diem aja,2025-04-20 00:57:28+00:00,negatif
"hahhaa kocak drama nangis, badan doank gede kebanyakan makan uang, balikin duitnya, kebanyakan akting",2025-04-24 16:07:56+00:00,negatif
koruptor yg nangis Dy doang,2025-04-20 00:22:48+00:00,negatif
Ga malu sama tetangga pa? Keluarga anda pun pasti dikucilkan dilingkungan tempat tinggal 🙈🙈🙈,2025-04-28 06:27:05+00:00,negatif
pemain drama nih🤣🤣🤣🤣🤣🤣🤣🤣🤣🤣🤣🤣🤣🤣🤣,2025-04-20 17:20:18+00:00,positif
makanya koroptor kalo gak diberantas merajalela di negri ini karna UU merampas aset koroptor beginilah jadi masarakat miskin malah dimiskinkan kebalik,2025-04-20 00:04:10+00:00,negatif
"keren itu rompinya, Selamat anda dapat rompi keren gratis lagi",2025-04-20 00:03:54+00:00,negatif
nangis karna ketauan coba kalo ga ketauan,2025-04-20 00:03:33+00:00,negatif
janganlah koropsi karena di benci Alloh semoga di beri kesehatan dan panjang umur,2025-04-19 23:50:12+00:00,negatif
hukum seberat beratnya,2025-04-20 18:51:45+00:00,negatif
"orang dah di niatkan korupsi kok nangis pak ora isin, kudune isin sm allah",2025-04-20 23:53:46+00:00,negatif
nangis takut dipenjara itu😅,2025-04-19 22:57:57+00:00,negatif
anak istrinya juga ditangkap dong mereka kan sudah makan dan menggunakan uang korupsi.,2025-04-19 22:49:57+00:00,negatif
maling kok nangis,2025-04-21 00:22:33+00:00,negatif
"kenapa koruptor di istimewakan ya cara nangkepnya, maling soto ayam mah idh habis babak belur dikroyok",2025-04-19 22:44:06+00:00,negatif
air Mata buaya.kanyut Dina punduk 😂😂😂,2025-04-21 17:44:57+00:00,positif
kekenyangan korupsi sampe jd bongkeng,2025-04-19 22:20:01+00:00,negatif
"gak tanggung2 ...75,9 M .",2025-04-19 22:10:29+00:00,negatif
"kasihan sekali bapak ini, menangis kekenyangan menikmati uang hasil korupsi, mungkin dia menyesal dia ketauan coba gak ketauan mungkin dia akan bahagia trus hidup nya 😁😂",2025-04-21 00:39:52+00:00,negatif
nangis karna malu takut mertua nya tau😁😁😁,2025-04-22 02:28:03+00:00,negatif
yah mkn peraaa 🤣,2025-04-19 19:53:21+00:00,negatif
nangis takut miskin😂😂😂😂😂,2025-04-20 03:14:08+00:00,netral
Jangan nangis ahh..udah SEMOKKKK masa nangis..yg semok2 lainya aja pada pake leging en teng top joging en senyum2 di senayan.,2025-04-19 14:17:38+00:00,negatif
hukum m.....,2025-04-19 14:17:13+00:00,negatif
"drama korea di mulai...🤣🤣🤣
nanti di pengadilan tipikor
hakim bilang dia baik, punya keluarga
hukuman nya 2 bulan penjara ajah
potong remisi tahanan 45 hari
#apa kabar harveymois
#apa kabar oplos pertamina
# negara Ini udah Gag ada harga diri nya",2025-04-20 05:08:21+00:00,negatif
😂😂😂😂😂cengeng ..mudus melas biar dapat keringan hukuman,2025-04-21 03:47:40+00:00,negatif
jgn nangis pa nanti banjir lagi apalagi ini lagi musim hujan pa,2025-04-19 14:46:50+00:00,negatif
nangis gk malu😡😡😡,2025-04-21 05:11:35+00:00,positif
"🤣🤣🤣air mata sapi itu,,nikmat membawa sengsara",2025-04-20 06:46:17+00:00,negatif
"nyesel yah bang, blm nikmati dah kena.",2025-04-19 14:53:51+00:00,negatif
pas korupsi gak mikir.giliran ditangkap nangis.payahhh👎👎👎,2025-04-25 01:32:18+00:00,negatif
"jaman edan, ada yg minum minyak, ada yg makan aspal, bahkan sampah pun di makan",2025-04-19 15:09:31+00:00,negatif
Astaqfirulloh korupsinya gede amat 75 M. waktu korupsi ga nangis dikasih ROMPI BAGUS ko nangis🤣🤣🤣. penyesalan telat datangnya🤣,2025-04-20 07:13:09+00:00,negatif
maling kok nangis,2025-04-20 07:44:37+00:00,negatif
koruptor kok nangis.,2025-04-20 04:47:42+00:00,negatif
"lagu lama , sampai kiamat pun jangan harap negara ini berkembang dan maju , kalau maling uang rakyat d lindungi dengan dalih kemanusiaan ,,",2025-04-19 15:49:09+00:00,negatif
"ni maksudnya nangis kenapa,,apa karena cepat kali ketahuan karena yg pertama korupsi atau karena sudah ada target lain dan bakalan gk sempat korupsi lagi,, dasar manusia gk tau diri",2025-04-21 04:26:15+00:00,negatif
"Kalau merasa jadi tumbal harus berani nyanyi biar semua kena,ga mungkin korup sendirian dapat dipastikan korup itu berjamaah😂",2025-04-20 04:54:26+00:00,negatif
maenan para hukum biar dpt suap jg kan bisa di byr hukuman kl yg maling duit gede enak bgt ya,2025-04-20 05:07:21+00:00,netral
haha. pas giliran mkn duit nya poya poya kga nangis. malu sma badan gede,2025-04-21 04:32:00+00:00,negatif
Air Mata Kadal 😂,2025-04-22 11:41:00+00:00,positif
"wkwkwk waktu menikmati duitnya, happy enjoy.. giliran di tangkap, air mata buaayaaa keluarv🤭🤣🤣🤣",2025-04-21 05:00:41+00:00,positif
curi duit yg byk TK nangis stelah ketangkap knp nangis 😁😁😁😁,2025-04-20 05:23:55+00:00,negatif
g usah nangis...gua pribadi g ada rasa kasihan tau...biar tau rasa,2025-04-20 05:25:37+00:00,negatif
"benaran nangis atau hanya gimmik,benaran tersangka atau hanya korban,tenang pak,cuma bentar kok,ga usah nangis,kek yang sudah2 pak ga ada kelanjutannya ,hilang gitu aja pak beritanya,bapak bisa jalan2 juga kok pak kek lainnya,ntar juga bisa menjabat lagi,jd tenang aja ga usah mewek2 gitu",2025-04-21 05:03:15+00:00,negatif
lebih enak lihat nangisnya jika juga dimiskinkan,2025-04-19 05:30:25+00:00,netral
air mata benyawak😂😂,2025-04-20 05:31:37+00:00,positif
dl makan sampah kok ga nangis,2025-04-19 16:23:21+00:00,netral
air mata komodo pas makan duit nya happy pas di tangkap mewek,2025-04-19 16:27:48+00:00,negatif
"Dari E ek Sampai Emas semua di korupsi sama Pejabat nya, Sebegitu parahnya BANGSA ini seakan Tidak ada Takutnya Sama KARMA. Terbukti TUHAN saja Mereka Lawan Apalagi Sesama Manusia.",2025-04-19 16:28:29+00:00,negatif
"udah ngak usah nangis, udeh kenyang muntah tuh duit",2025-04-21 05:29:47+00:00,negatif
"nangis lah, belum banyak dah ketahuan,",2025-04-19 16:39:09+00:00,netral
ini ulah mu......kau di ksih amanah tpi engkau melqnggar hukum allah,2025-04-20 06:14:32+00:00,negatif
rek naon leweh...,2025-04-19 15:57:36+00:00,negatif
makan tuh uang haram,2025-04-19 16:50:15+00:00,negatif
bernyanyi lah kau... supaya nangis nya bareng²🤣🤣🤣,2025-04-19 15:53:11+00:00,netral
sabar pak paling cuman 8 bulan udah kluar kok kan masih banyak sisa uang curian nya paj,2025-04-19 16:52:30+00:00,negatif
tenang dia masih untung ko meskipun di penjara😂😂😂😂😂😂,2025-04-20 06:36:36+00:00,positif
itu adalah tangis bahagia akan bertemu sama temen temennya sesama koruptor di sel,2025-04-19 15:48:55+00:00,positif
"gegares duit kga nangis,,giliran tauan tangkep meweek🤣🤣🤣",2025-04-19 14:57:11+00:00,negatif
sampah aja di korup ajg,2025-04-22 14:28:00+00:00,negatif
"Pejabat bejat, saat nyuri tidak menangis, giliran ketangkap nangis Indonesia berduka. Sebentar lagi kalau keluar pasti akan bilang ini salah Jokowi, tetangga sebelah",2025-04-20 12:36:45+00:00,negatif
"jangan hanya kabid DLH nya aja, telusuri sampai ke akar akar nya,siapa2 yg menerima duit nya joblosin semuanya ..",2025-04-21 08:42:57+00:00,negatif
🤣🤣🤣🤣sukurin lo🤣🤣🤣,2025-04-20 13:04:09+00:00,positif
"dri semua arah duit negara di curi
endonesia ngregess",2025-04-19 17:23:54+00:00,negatif
liat noh pak sampah numpuk bau bet🤣😩🙏,2025-04-22 20:17:05+00:00,negatif
kalau pencuri jgn nangis,2025-04-20 13:54:18+00:00,negatif
kewareken,2025-04-20 13:58:23+00:00,netral
maling ayam ketangkep di gebulin 😳 koruptor ketangkep dapet pelukan hangat 😂🤣,2025-04-19 19:15:37+00:00,negatif
"aneh Y bisa"" dia nangis, cb mling motor ..!",2025-04-19 19:46:34+00:00,negatif
hidup mewah makan enak barang bren hasil korup gak masuk...,2025-04-19 21:19:09+00:00,negatif
"ketangkap baru termehek mehek, selanjutnya tggu diakhirat nanti y pak",2025-04-28 05:10:33+00:00,negatif
Klah mewek koplok,2025-04-21 12:25:41+00:00,netral
"sudah kenyang nangis,dasr bajingan",2025-04-20 00:23:28+00:00,negatif
berani korupsi berani di penjara...mewek,2025-04-20 01:32:39+00:00,negatif
giliran korupsi ngak nangis tu,2025-04-20 01:55:15+00:00,negatif
ada memo x itu,2025-04-19 14:13:25+00:00,negatif
Aduhhh air mata bohongan 😂😂,2025-04-19 14:08:16+00:00,negatif
hukum aja seumur hidup jd ada efek jera buat yg mau korupsi,2025-04-19 14:03:24+00:00,negatif
kok nangis .tobat ya,2025-04-19 14:02:38+00:00,negatif
tangis bahagia....🤣🤣,2025-04-19 14:02:36+00:00,netral
Tangisanmu mengurangi masa tahananmu... sabar...,2025-04-19 14:02:33+00:00,positif
nampaknya dimanfaatkan bosnya 😂,2025-04-19 14:01:14+00:00,netral
🤣🤣🤣,2025-04-19 14:00:38+00:00,positif
mbok KL mau berbuat mikir anak istri hidup di dunia cuma sebentar moso masa tua dlm penjara,2025-04-19 14:00:36+00:00,negatif
runtah di korup ...batur mah beas .minyak ...cik milih atuh,2025-04-19 13:59:40+00:00,negatif
tangisan buaya😁,2025-04-19 13:58:58+00:00,positif
"bukan main tunggal dia
makanya menangis
knp hanya saya yg di tahan
pikir nya😁😁😁",2025-04-19 13:58:54+00:00,negatif
air mata buaya,2025-04-19 13:58:30+00:00,netral
ekting,2025-04-19 13:58:19+00:00,negatif
maling,2025-04-19 13:57:59+00:00,negatif
"😂😂😂😂😂
kok sedih?",2025-04-19 13:57:32+00:00,negatif
"udah pak gak usah nangis, masuk sel aja yuuu",2025-04-19 13:53:42+00:00,negatif
waktu mkn uang gembira..gk ingat ke rakyat,2025-04-19 13:51:47+00:00,negatif
pasti kemaren2 istrinya flexing bgt,2025-04-19 13:50:01+00:00,positif
makan duit senyum kok ditahan nangis,2025-04-19 13:45:02+00:00,negatif
"kok nangis, kenapa nangis,,semangat2.🤣🤣🤣🤣🤣",2025-04-19 13:42:49+00:00,negatif
ketangkep nangis ..kuropsi ketawa makan uang haram,2025-04-19 13:42:42+00:00,negatif
airmata buatan,2025-04-19 13:39:42+00:00,netral
ud dapet 75 milyar masa nangis,2025-04-19 13:38:04+00:00,negatif
sing sabar pak semuanya awal akhir pasti dapat balasan. tetap teguh yaa pak 😁😁,2025-04-19 13:36:46+00:00,netral
dihukum mati juga nggak kok 😭😭😭,2025-04-19 13:34:36+00:00,negatif
🤣 ternyata cengeng 😂😂😂😂,2025-04-19 13:33:10+00:00,netral
👍👍👍👀,2025-04-19 13:31:31+00:00,positif
"knpa nagis,pas makn uang korupsi nya ketawa2,,GK inget SMA rakyat",2025-04-19 13:31:11+00:00,negatif
ang ang ang,2025-04-19 13:28:03+00:00,netral
banyak duit dong harus senang,2025-04-19 13:27:39+00:00,netral
enak uang nya ya pak😂,2025-04-19 13:27:05+00:00,positif
"nangisi opo pak de,apa kurang banyak korupnya sampai nangis",2025-04-19 13:23:59+00:00,negatif
nangiss....kmren maren belagu...punya duit banyak....😃,2025-04-19 13:23:09+00:00,negatif
maling klu ketangkap basah dgn air mata buaya darat..,2025-04-19 13:21:36+00:00,negatif
Sdh dinikmati anak istri saudara 🥺,2025-04-19 13:21:31+00:00,positif
giliran ketangmep baru mewek...kemaren seneng2 aja pak nikmatin duit nya,2025-04-19 13:20:10+00:00,negatif
korupsi tak selamanya indah🤣,2025-04-19 13:17:42+00:00,negatif
makan tuh sampah,2025-04-19 13:16:31+00:00,positif
nangis karna duit nya nga di ambil,2025-04-19 13:15:52+00:00,negatif
"malu sama anak istri kalau Sampek menangis karena ketangkep korupsi,,",2025-04-19 13:15:37+00:00,negatif
😂😂😂,2025-04-19 13:14:52+00:00,positif
jangan² dia nangisin nasib si LC💃 iyaaak🙄,2025-04-19 13:14:42+00:00,netral
"usut tuntas sampai ke akar"" nya pakk",2025-04-19 13:11:52+00:00,negatif
jangan nangis pak gak akan digebuk kayak maling ayam kok🤣,2025-04-19 13:11:04+00:00,negatif
"tagis kebahgiaan, kerjaanx sudah sukses utk menjadi orang kaya 😁",2025-04-19 13:10:55+00:00,positif
jangan menangis..😁,2025-04-19 13:08:39+00:00,negatif
AIR MATA BIAWAK 😂😂😂,2025-04-19 13:03:58+00:00,positif
WAKTU KOROPSI DIMAKAN REME² BUAT POYA² PAS TERSANGKA SEND8RIAN😂😂😂,2025-04-19 13:01:28+00:00,negatif
Bau nya ke seluruh rakyat tiktok😂😂😂😂,2025-04-19 12:54:11+00:00,positif
yah nangis,2025-04-19 12:51:26+00:00,negatif
lahh orang anehhh malah nangis nikmatin uang rakyat 😂 harusnya Heppy kan,2025-04-19 12:42:52+00:00,negatif
"kasihan..seorang kepala bidang,mgkin dia korban dari kebijakan pimpinannya ttpi hukum mengatakan telah turut bersama sama..",2025-04-19 12:42:20+00:00,negatif
waktu mengumpulkan duit anggaran sampah tertawa sekarang nangis biasa korupsi ketangkap diproses hukum masuk bui tidak usah nangis bang kalau duitnya masih bagi sama penegak hukum juga lolos.,2025-04-19 12:42:14+00:00,negatif
"knp nangis pak,nyesel ya ,kok waktu makan duit nya gak nangis😂",2025-04-19 12:37:38+00:00,negatif
tangisan sampah...,2025-04-19 12:37:14+00:00,netral
dgn kasih ampun.,2025-04-19 12:35:35+00:00,netral
ketangkap baru nangiss.... makan duitya ketwa2😂😂,2025-04-19 12:35:03+00:00,positif
"Knpa ko nangis ,kasihan enankkk ya jdi virall",2025-04-19 12:34:59+00:00,negatif
udah kenyang,2025-04-19 12:30:50+00:00,netral
ngapain nangis pa? kan udh tau resikonya korupsi klo ketauan ketangjep yeuuy bapa drama banget deeh paaaa,2025-04-19 12:28:53+00:00,negatif
Sebentar kok pak g usah melow gitu . Bapak diKonoha loh bukan Korut .,2025-04-19 12:28:12+00:00,negatif
"Ingat pesan ibumu Pak....anak laki2 gak boleh menangis, harus tegar dan gagah, segagah saat Jonimu bangun pagi...😁",2025-04-19 12:26:46+00:00,negatif
Cemen bnget.saat ambil uangnya dia tertawa😂nikmatilah hasil usahamu,2025-04-19 12:22:27+00:00,negatif
duitnya d pke apa pak,2025-04-19 12:15:48+00:00,netral
tidak ada temannya lagi itu? ...,2025-04-19 12:14:39+00:00,negatif
tenang pak.cuman dua tahun,2025-04-19 12:13:54+00:00,positif
tangisan buaya,2025-04-19 12:13:16+00:00,positif
"kereen tuh rompinya tambah gagah perkasa, ngapain nangis",2025-04-19 12:10:30+00:00,negatif
air mata biawak,2025-04-19 12:09:49+00:00,netral
astagfirullah ..tangsel..kampung gw,2025-04-19 12:06:24+00:00,negatif
jangan nangis apa lagi malu pak itu udah jd budaya di negri kita harus bangga,2025-04-19 11:53:17+00:00,negatif
😜😜😜😜😜,2025-04-19 11:50:15+00:00,positif
"air mata tikus,,,!! 😂😂😂😂",2025-04-19 11:39:53+00:00,positif
Korupsi - Nangis itulah senjata Ampuh.,2025-04-19 11:38:15+00:00,negatif
😂,2025-04-19 11:37:07+00:00,positif
bingung dia gak bisa Makan enak secara bebas lagi..makanya nangis😁,2025-04-19 11:35:51+00:00,netral
Haha,2025-04-19 11:34:23+00:00,negatif
"sdh ketangkap baru nangis, jentelmen dong jd laki2 hadapi pemjara sesuai kelakuan mkn duit rakyat",2025-04-19 11:31:06+00:00,positif
Koruptor mewek 😂😂😂,2025-04-19 11:29:54+00:00,negatif
jangan nangis Bang nikmatin duit ga nangis.,2025-04-19 11:28:18+00:00,negatif
😂😂😁,2025-04-19 11:24:36+00:00,positif
nikmat yg mana lagi yg kamu dustakan,2025-04-19 11:21:16+00:00,negatif
seharusnya bahagia pk udah punya uang banyak,2025-04-19 11:21:05+00:00,netral
"andai nangisnya waktu makan duit korupsi,mngkn gk akan sbnyak itu.
klo uangnya sdh habis baru nangis anak tk jg bisa",2025-04-19 11:20:50+00:00,negatif
jangan di tahan sudah nangis gitu berarti dia menyesal kita sebagai umat beragama harus saling memaafkan,2025-04-19 11:20:39+00:00,negatif
"paling juga di vonis sebentar, duitnya kan banyak",2025-04-19 11:20:27+00:00,negatif
Semoga DPR SEGERAENGESAHKAN UUD PERAMPASAN ASET BAGI PELAKU KORUPSI,2025-04-19 11:19:36+00:00,negatif
"udah kenyang
🤣😂🤣😂🤣😂🤣",2025-04-19 11:15:51+00:00,netral
sampah juga sampai dikorupsi ya,2025-04-19 11:14:06+00:00,negatif
"Kasihan dng keluarga Bapak ini, gmana sebaiknya beliau dibebaskan, lalu gajinya dinaikan sesuai dng kehidupan mewah beliau sekeluarga, (mengetik sambil kerokan masuk angin😭😭)",2025-04-19 11:05:25+00:00,netral
bertobat lah,2025-04-19 10:58:07+00:00,negatif
dingin kopi kau,2025-04-19 10:55:12+00:00,netral
paling 3 tahun. jadi AsN blom tentu dpt uang segitu,2025-04-19 10:49:40+00:00,negatif
"kenapa nangis ,atau baru sediki korupsinya ?🤣🤣🤣",2025-04-19 10:48:56+00:00,negatif
punya duit 75m kok nangis 🤣🤣🤣,2025-04-19 10:47:11+00:00,negatif
hukuman ringan ko nangis lebay lu,2025-04-19 10:46:49+00:00,negatif
kemaren kau ketawa wkt korupsi...kog nangis skg apa nangis bahagia gtu pak,2025-04-19 10:45:37+00:00,negatif
😅😅😅😅😅😅😅,2025-04-19 10:44:08+00:00,positif
waktu ngambil uang ngak nangis udah di tangkap nangis,2025-04-19 10:20:30+00:00,negatif
lagi lucu lucu nya.😂😂😂,2025-04-19 10:18:50+00:00,positif
75 m masi pake nangis. nanti keluar juga masi bisa nikmatin kok 😂😂,2025-04-19 10:12:43+00:00,negatif
ape yg bapak tangisin jadi bingung saya,2025-04-19 10:10:57+00:00,negatif
waktu korupsi ketawa2😅😅😅,2025-04-19 09:07:41+00:00,negatif
75 M bro anak istri loe dah makmur😂😂😂,2025-04-19 09:00:12+00:00,negatif
"perlakuannya masih baik yah sampe di peluk2in gitu, beda dengan maling ayam dan yg ambil pisang setandan sampe diarak2 cuma pake daleman doang",2025-04-19 08:50:25+00:00,netral
"DLH korupsi 75 M 👍👍👍 tenang pak nyantai aja semua aset2mu gak akan disita negara, anak2, istrimu aman gak akan kebingungan hidup sehari",2025-04-19 08:44:55+00:00,negatif
ini yg buat miskin orang banyak,2025-04-19 08:40:02+00:00,negatif
tangis bahagia,2025-04-19 08:24:33+00:00,positif
udeh gk usah nangis. kan udh dapet 75M,2025-04-19 07:21:22+00:00,negatif
pantes kalo lewat Tekno arah pasar Serpong banyak mobil sampah pada ngantri ternyata duit nya di korupsi,2025-04-19 06:53:37+00:00,negatif
😂😂😂😂bangsat juga malingmilyaran..😂,2025-04-19 06:15:37+00:00,negatif
